Transaction_ID,Customer_ID,Customer_Gender,Customer_Age,City,Branch,Sales_Date,Product_ID,Product_Name,Category,Brand,Unit_Price,Quantity,Discount,Tax,Total_Sales,Cost,Profit,Payment_Method,Salesperson,Customer_Type,Membership,Promotion,Stock_Level,Delivery_Method,Customer_Rating,Return_Status,Return_Reason,Region,Month,Quarter,Year,Feedback,Satisfaction
T100000,C466,,45.0,Nairobi,Nairobi,2026-01-10,P544,Jeans,,BrandA,,,0.0,0.0,,,,Card,EMP3,, no ,Yes,,Pickup,2.0,,Damaged,Central,,,2025,,1.0
T100001,C350,Female,25.0,Eldoret,Eldoret,2025-11-12,P754,Rice,groceries,BrandB,148.36,9.0,20.0,213.64,1335.2400000000002,730.53,604.71,Cash,EMP18,,Yes,,,Pickup,4.0,,,East,,,2025,,5.0
T100002,C154,,,Kisumu,Nakuru,2025-09-07,P394,Lamp,Home,BrandA,,5.0,,0.0,,,,,EMP14,New,YES,Yes,-10.0,Delivery,1.0,,Damaged,Central,,,2025,Bad,3.0
T100003,C360, male ,,Kisumu,Nakuru,2025-03-08,P784,Shoes, Clothing,BrandA,39.04,-2.0,10.0,0.0,-78.08,-53.85,-24.23,cash ,EMP12,New,Yes,No,30.0,Delivery,2.0,,Wrong Item,West,,,2025,,4.0
T100004,C184,FEMALE,45.0,Mombasa,Nairobi,2025-10-13,P280,Mouse,electronics,BrandA,276.97,-2.0,,0.0,-553.94,-372.36,-181.58,Card,EMP1,Returning,No,No,144.0,Pickup,4.0,,Changed Mind,Central,,,2025,Bad,2.0
T100005,C35,Female,,Mombasa,Nairobi,2026-02-15,P448,Monitor,Electronics,BrandA,-10.0,-2.0,0.0,0.0,20.0,13.85,6.15,Cash,EMP19,New,Yes,No,314.0,Pickup,2.0,,,South,,,2025,Bad,3.0
T100006,C384, male ,60.0,Nakuru,Mombasa,2025-03-29,P628,Shoes,Clothing,BrandA,-10.0,2.0,15.0,0.0,-20.0,-13.87,-6.13,,EMP12,New,Yes,,,Pickup,,Not Returned,Changed Mind,South,,,2025,Bad,2.0
T100007,C183,Male,18.0,Kisumu,Nakuru,2025-07-24,P365,Jeans,clothing,BrandC,-10.0,10.0,110.0,0.0,-100.0,-82.13,-17.87,,EMP12,Returning,YES,No,41.0,Pickup,2.0,Not Returned,Wrong Item,East,,,2025,Average,4.0
T100008,C385,Female,,Mombasa,Nakuru,2026-02-02,P908,Monitor, Electronics,BrandA,,,0.0,0.0,,,,cash ,EMP15,Returning,Yes,,81.0,Pickup,1.0,Returned,, north ,,,2025,Average,5.0
T100009,C479,Female,150.0,Mombasa,Mombasa,2025-04-16,P128,Lamp, Home,BrandA,276.4,,0.0,0.0,,,,Mobile,EMP17,New,YES,No,-10.0,Pickup,1.0,,Changed Mind,West,,,2025,,5.0
T100010,C398,Female,34.0,Mombasa,Nakuru,2025-07-07,P733,Milk,Groceries,BrandC,-10.0,,,0.0,,,,Cash,EMP11,, no ,Yes,,Pickup,2.0,Returned,Changed Mind,North,,,2025,Good,5.0
T100011,C142,FEMALE,,Eldoret,Mombasa,2026-06-09,P815,Chair, Home,BrandC,,-2.0,20.0,0.0,,,,Card,EMP27,Returning,No,No,-10.0,Delivery,3.0,Returned,Wrong Item,West,,,2025,Good,2.0
T100012,C496,FEMALE,45.0,Nairobi,Nakuru,2025-09-17,P598,Shirt,clothing,BrandC,-10.0,,5.0,0.0,,,,Card,EMP6,, no ,,-10.0,Delivery,2.0,Not Returned,Changed Mind,North,,,2025,Bad,1.0
T100013,C33,Male,45.0,Nairobi,Nairobi,2025-10-30,P371,Shoes, Clothing,BrandA,-10.0,,20.0,0.0,,,,Card,EMP9,New, no ,,-10.0,Delivery,2.0,,, north ,,,2025,Bad,1.0
T100014,C439,Female,25.0,Kisumu,Nairobi,2025-09-24,P564,Shirt,Clothing,BrandB,-10.0,-2.0,0.0,0.0,20.0,15.08,4.92,,EMP14,Returning,No,Yes,,Pickup,1.0,Returned,Changed Mind,North,,,2025,Average,2.0
T100015,C412,Male,60.0,Nairobi,Nairobi,2025-07-02,P118,Jacket,clothing,BrandC,,9.0,110.0,0.0,,,,cash ,EMP8,Returning,Yes,,,Delivery,,Not Returned,,Central,,,2025,Bad,
T100016,C178,Male,34.0,Nairobi,Nairobi,2025-05-24,P740,Milk, Groceries,BrandB,,6.0,110.0,0.0,,,,Card,EMP2,New, no ,,-10.0,,2.0,,Changed Mind,North,,,2025,,2.0
T100017,C159,Female,-5.0,Mombasa,Nairobi,2025-02-05,P443,Bread,,BrandA,-10.0,8.0,20.0,0.0,-80.0,-50.35,-29.65,cash ,EMP9,,No,Yes,258.0,Pickup,3.0,Returned,Wrong Item,West,,,2025,Good,4.0
T100018,C367,,150.0,Kisumu,Nakuru,2025-06-08,P253,Keyboard, Electronics,BrandC,,,20.0,0.0,,,,,EMP21,New,Yes,,,,4.0,,Wrong Item,Central,,,2025,Good,
T100019,C322,Male,45.0,Nakuru,Kisumu,2026-04-08,P103,Rice,,BrandA,-10.0,1.0,0.0,0.0,-10.0,-6.51,-3.49,,EMP29,,Yes,,269.0,,,Not Returned,Changed Mind,North,,,2025,Bad,2.0
T100020,C316,Female,25.0,Eldoret,Mombasa,2025-10-22,P439,Milk, Groceries,BrandC,423.54,-2.0,15.0,0.0,-847.08,-732.04,-115.04,Mobile,EMP20,,No,Yes,246.0,Delivery,3.0,,Damaged, north ,,,2025,Average,
T100021,C44,FEMALE,18.0,Kisumu,Nakuru,2025-07-24,P178,Lamp,,BrandB,-10.0,-2.0,,0.0,20.0,10.95,9.05,cash ,EMP7,New,Yes,,46.0,,5.0,Not Returned,Changed Mind,South,,,2025,Bad,1.0
T100022,C373,Female,150.0,Kisumu,Nakuru,2026-04-07,P423,Jeans,Clothing,BrandB,200.07,-2.0,0.0,0.0,-400.14,-352.12,-48.02,Cash,EMP11,Returning, no ,Yes,481.0,,1.0,,Changed Mind,East,,,2025,Bad,1.0
T100023,C27, male ,34.0,Mombasa,Kisumu,2025-02-19,P546,Cooker, Home,BrandA,-10.0,10.0,,0.0,-100.0,-61.01,-38.99,Mobile,EMP26,Returning,Yes,,,,2.0,,Damaged,North,,,2025,,4.0
T100024,C176, male ,60.0,Kisumu,Kisumu,2025-06-24,P515,Bread,groceries,BrandB,,8.0,5.0,0.0,,,,cash ,EMP18,, no ,Yes,,Pickup,1.0,Returned,,Central,,,2025,Average,4.0
T100025,C189, male ,45.0,Nairobi,Nakuru,2025-04-04,P492,Shoes,,BrandC,276.15,7.0,0.0,309.29,1933.0499999999997,1101.6,831.45,,EMP7,Returning,YES,No,385.0,Delivery,3.0,,Changed Mind,South,,,2025,Average,1.0
T100026,C218,FEMALE,,Nairobi,Nairobi,2025-01-23,P500,Jeans,,BrandB,-10.0,-2.0,10.0,0.0,20.0,16.79,3.21,Card,EMP26,New,No,Yes,,,1.0,,,North,,,2025,Good,1.0
T100027,C358,Male,25.0,Nairobi,Kisumu,2026-06-25,P637,Milk,groceries,BrandB,-10.0,10.0,5.0,0.0,-100.0,-75.06,-24.94,Mobile,EMP8,,Yes,Yes,-10.0,Delivery,3.0,Not Returned,Wrong Item,West,,,2025,Average,5.0
T100028,C346,FEMALE,25.0,Kisumu,Mombasa,2025-07-18,P783,Rice,,BrandB,326.58,,0.0,0.0,,,,Card,EMP16,New,YES,,-10.0,,4.0,Returned,Damaged,East,,,2025,Good,2.0
T100029,C320,FEMALE,34.0,Mombasa,Nakuru,2025-10-30,P527,Table,Home,BrandC,119.25,5.0,10.0,95.4,596.25,479.5,116.75,Card,EMP30,Returning,Yes,Yes,,Pickup,4.0,Returned,Damaged,South,,,2025,,4.0
T100030,C341,FEMALE,-5.0,Kisumu,Nakuru,2026-04-24,P273,Shirt,Clothing,BrandA,167.98,2.0,110.0,53.75,335.96,293.75,42.21,Cash,EMP9,New,YES,No,489.0,,2.0,Not Returned,Changed Mind,East,,,2025,,1.0
T100031,C211,Female,150.0,Nairobi,Nakuru,2026-05-01,P135,Monitor,,BrandA,-10.0,-2.0,5.0,0.0,20.0,12.59,7.41,Cash,EMP9,New,Yes,,-10.0,Delivery,3.0,,Damaged,East,,,2025,Bad,3.0
T100032,C367,FEMALE,150.0,Kisumu,Nakuru,2025-08-28,P934,Shirt,,BrandA,473.51,,0.0,0.0,,,,cash ,EMP6,New,YES,,395.0,,2.0,Not Returned,Changed Mind,West,,,2025,Bad,5.0
T100033,C219,Male,25.0,Kisumu,Eldoret,2025-11-30,P186,Mouse,electronics,BrandA,127.42,7.0,110.0,142.71,891.94,458.05,433.89,cash ,EMP16,, no ,Yes,119.0,Delivery,4.0,,Wrong Item, north ,,,2025,Good,3.0
T100034,C96,Female,45.0,Mombasa,Kisumu,2025-07-23,P692,Jacket,clothing,BrandB,,-2.0,10.0,0.0,,,,Cash,EMP13,Returning,No,,269.0,,1.0,,,North,,,2025,Good,1.0
T100035,C424,,45.0,Nairobi,Kisumu,2025-07-14,P624,Table,home,BrandB,-10.0,-2.0,5.0,0.0,20.0,10.95,9.05,,EMP9,,Yes,Yes,,,5.0,Not Returned,Wrong Item,North,,,2025,Bad,3.0
T100036,C420, male ,150.0,Kisumu,Mombasa,2025-07-28,P735,Rice, Groceries,BrandA,,-2.0,110.0,0.0,,,,Card,EMP2,Returning, no ,Yes,208.0,Delivery,,,Wrong Item, north ,,,2025,Good,
T100037,C160,,-5.0,Nakuru,Nakuru,2026-03-04,P118,Sugar, Groceries,BrandC,,-2.0,10.0,0.0,,,,Card,EMP13,, no ,Yes,482.0,Delivery,2.0,Not Returned,Damaged,North,,,2025,,5.0
T100038,C319, male ,34.0,Mombasa,Kisumu,2026-02-11,P390,Shoes,clothing,BrandC,,3.0,5.0,0.0,,,,Card,EMP30,New,Yes,No,251.0,Delivery,2.0,Returned,,East,,,2025,Good,5.0
T100039,C315,Female,,Mombasa,Eldoret,2025-08-16,P323,Chair,Home,BrandB,413.16,,110.0,0.0,,,,,EMP6,Returning,YES,Yes,76.0,,2.0,Returned,Damaged, north ,,,2025,Bad,1.0
T100040,C218,FEMALE,-5.0,Nakuru,Eldoret,2025-11-12,P548,Cooker,home,BrandA,,,15.0,0.0,,,,Cash,EMP20,Returning, no ,Yes,,Delivery,2.0,Not Returned,,North,,,2025,Good,2.0
T100041,C67,Male,-5.0,Eldoret,Nairobi,2025-02-11,P155,Shoes,,BrandC,,6.0,20.0,0.0,,,,Card,EMP1,New,Yes,Yes,-10.0,Delivery,2.0,,Wrong Item,North,,,2025,Bad,5.0
T100042,C471,FEMALE,45.0,Eldoret,Kisumu,2025-09-18,P730,Jeans,clothing,BrandB,-10.0,,5.0,0.0,,,,Mobile,EMP2,New,No,No,,Delivery,,Not Returned,,South,,,2025,Bad,1.0
T100043,C323,FEMALE,-5.0,Kisumu,Nakuru,2025-09-16,P477,Keyboard,electronics,BrandB,,,0.0,0.0,,,,Mobile,EMP25,New, no ,Yes,,,1.0,Not Returned,Changed Mind,East,,,2025,Bad,
T100044,C459,Male,34.0,Nakuru,Mombasa,2026-03-04,P727,Laptop,Electronics,BrandA,,4.0,15.0,0.0,,,,Cash,EMP1,,YES,No,,Delivery,5.0,Returned,,Central,,,2025,Bad,5.0
T100045,C125,Female,,Nairobi,Nairobi,2025-01-15,P753,Milk,groceries,BrandC,415.09,,5.0,0.0,,,,Mobile,EMP13,Returning,Yes,Yes,,Delivery,5.0,,,Central,,,2025,,2.0
T100046,C54,Male,45.0,Mombasa,Nakuru,2025-03-01,P304,Rice,,BrandC,-10.0,1.0,5.0,0.0,-10.0,-5.95,-4.05,Card,EMP17,Returning,Yes,No,320.0,,4.0,,Damaged,West,,,2025,,
T100047,C457, male ,18.0,Kisumu,Eldoret,2025-02-09,P795,Chair,,BrandC,116.84,8.0,10.0,149.56,934.72,554.21,380.51,,EMP9,Returning,No,Yes,,Pickup,2.0,Not Returned,Wrong Item, north ,,,2025,Average,2.0
T100048,C272,Male,18.0,Nakuru,Mombasa,2026-04-26,P684,Jeans, Clothing,BrandA,-10.0,-2.0,,0.0,20.0,15.05,4.95,cash ,EMP20,,Yes,,466.0,Pickup,1.0,Returned,Damaged,North,,,2025,Average,3.0
T100049,C378,Male,25.0,Eldoret,Kisumu,2025-02-13,P304,Rice,Groceries,BrandC,,1.0,110.0,0.0,,,,cash ,EMP4,New,No,Yes,57.0,Pickup,,Returned,Changed Mind,West,,,2025,Good,2.0
T100050,C390, male ,-5.0,Eldoret,Eldoret,2025-10-17,P587,Mouse, Electronics,BrandC,-10.0,-2.0,0.0,0.0,20.0,12.81,7.19,Cash,EMP26,Returning,Yes,No,265.0,Delivery,4.0,,Damaged,Central,,,2025,Average,
T100051,C252,Male,,Mombasa,Nakuru,2025-13-40,P706,Keyboard, Electronics,BrandC,5.64,-2.0,10.0,0.0,-11.28,-9.08,-2.2,Mobile,EMP19,New,YES,Yes,,Pickup,4.0,Returned,Damaged, north ,,,2025,Good,4.0
T100052,C156, male ,150.0,Eldoret,Eldoret,2025-01-26,P275,Keyboard,,BrandC,-10.0,6.0,110.0,0.0,-60.0,-32.07,-27.93,Card,EMP15,New,Yes,No,-10.0,,2.0,Not Returned,Changed Mind,South,,,2025,,4.0
T100053,C155,,34.0,Mombasa,Mombasa,2026-06-04,P840,Jeans, Clothing,BrandC,,-2.0,5.0,0.0,,,,,EMP12,New,No,No,489.0,Delivery,,Returned,Wrong Item, north ,,,2025,Good,2.0
T100054,C454,FEMALE,,Nairobi,Nairobi,2025-04-20,P508,Table,,BrandC,-10.0,-2.0,10.0,0.0,20.0,11.57,8.43,Card,EMP17,,YES,No,11.0,Delivery,5.0,,,North,,,2025,Average,4.0
T100055,C134,Male,150.0,Mombasa,Nakuru,2026-04-10,P830,Table,home,BrandB,,10.0,0.0,0.0,,,,cash ,EMP16,Returning,Yes,,-10.0,,,,Wrong Item, north ,,,2025,Bad,1.0
T100056,C52,,,Eldoret,Mombasa,2025-07-24,P834,Cooker,,BrandC,129.36,2.0,5.0,41.4,258.72,203.48,55.24,Cash,EMP21,Returning,YES,No,-10.0,Pickup,,Returned,,Central,,,2025,Good,
T100057,C346, male ,60.0,Nairobi,Mombasa,2026-03-07,P410,Shirt,,BrandC,194.01,-2.0,0.0,0.0,-388.02,-205.68,-182.34,Card,EMP26,Returning, no ,Yes,84.0,Pickup,,Returned,, north ,,,2025,Average,2.0
T100058,C436,Female,60.0,Nakuru,Kisumu,2026-04-26,P536,Shoes,clothing,BrandB,,-2.0,5.0,0.0,,,,Cash,EMP26,,YES,No,,Delivery,3.0,Not Returned,,West,,,2025,Good,
T100059,C177,,18.0,Nairobi,Mombasa,2025-05-24,P173,Jeans, Clothing,BrandB,,-2.0,10.0,0.0,,,,,EMP4,,No,Yes,-10.0,Delivery,2.0,Returned,,Central,,,2025,Average,5.0
T100060,C60,,25.0,Kisumu,Nakuru,2026-03-26,P339,Keyboard,electronics,BrandB,,-2.0,0.0,0.0,,,,cash ,EMP18,New, no ,No,463.0,,4.0,Returned,,South,,,2025,Good,2.0
T100061,C185,Male,18.0,Eldoret,Nairobi,2025-03-19,P798,Shoes, Clothing,BrandA,-10.0,-2.0,10.0,0.0,20.0,13.41,6.59,,EMP16,Returning,No,Yes,,Delivery,,Returned,Changed Mind,North,,,2025,Bad,3.0
T100062,C424,FEMALE,150.0,Kisumu,Eldoret,2025-10-24,P378,Table, Home,BrandA,-10.0,-2.0,20.0,0.0,20.0,10.42,9.58,cash ,EMP26,New,YES,Yes,,Delivery,2.0,,Damaged,North,,,2025,,
T100063,C337,Male,150.0,Eldoret,Mombasa,2026-05-02,P741,Chair,Home,BrandA,58.71,-2.0,5.0,0.0,-117.42,-97.32,-20.1,Cash,EMP22,, no ,,390.0,Pickup,,Returned,Damaged,West,,,2025,Good,
T100064,C11,FEMALE,18.0,Nakuru,Eldoret,2026-03-08,P634,Keyboard,Electronics,BrandA,-10.0,-2.0,,0.0,20.0,12.42,7.58,cash ,EMP19,, no ,No,34.0,,4.0,,Wrong Item,West,,,2025,,5.0
T100065,C351,Male,25.0,Mombasa,Nairobi,2025-13-40,P232,Laptop,,BrandA,,8.0,0.0,0.0,,,,Mobile,EMP24,,No,No,,Pickup,1.0,Not Returned,Wrong Item, north ,,,2025,Good,3.0
T100066,C160,,34.0,Nakuru,Eldoret,2025-03-23,P161,Cooker, Home,BrandB,360.02,5.0,0.0,288.02,1800.1,910.66,889.44,,EMP24,Returning, no ,,85.0,Pickup,3.0,,Wrong Item, north ,,,2025,,4.0
T100067,C372,Male,34.0,Eldoret,Kisumu,2025-12-07,P698,Cooker,,BrandA,-10.0,,0.0,0.0,,,,cash ,EMP13,, no ,,394.0,Delivery,3.0,,Damaged,East,,,2025,Bad,3.0
T100068,C436,,,Kisumu,Eldoret,2025-05-31,P187,Table,,BrandB,147.82,10.0,,236.51,1478.1999999999998,1265.7,212.5,Card,EMP26,,No,No,310.0,,4.0,Not Returned,Wrong Item,East,,,2025,Good,4.0
T100069,C268, male ,,Eldoret,Eldoret,2025-09-23,P306,Chair,home,BrandA,387.22,-2.0,15.0,0.0,-774.44,-566.76,-207.68,Card,EMP3,New,YES,No,,Delivery,4.0,,Wrong Item,South,,,2025,Good,4.0
T100070,C177, male ,18.0,Nairobi,Nairobi,2025-11-20,P309,Shirt,,BrandC,234.4,,5.0,0.0,,,,,EMP7,Returning,YES,No,-10.0,,5.0,Returned,Changed Mind,North,,,2025,Bad,2.0
T100071,C433,Male,150.0,Nairobi,Nairobi,2026-04-15,P363,Sugar, Groceries,BrandC,,2.0,10.0,0.0,,,,Card,EMP21,New, no ,Yes,229.0,Delivery,2.0,,Wrong Item,South,,,2025,Good,3.0
T100072,C75, male ,18.0,Mombasa,Kisumu,2026-05-11,P703,Shirt,,BrandC,419.42,9.0,10.0,603.96,3774.78,3074.74,700.04,Cash,EMP16,Returning,YES,No,199.0,Delivery,4.0,Not Returned,Wrong Item,West,,,2025,Average,2.0
T100073,C72,FEMALE,25.0,Nakuru,Nairobi,2026-01-18,P743,Monitor,Electronics,BrandB,82.69,4.0,0.0,52.92,330.76,288.95,41.81,Mobile,EMP11,New, no ,Yes,-10.0,Pickup,3.0,Returned,Damaged,South,,,2025,,5.0
T100074,C86, male ,,Nairobi,Kisumu,2025-10-31,P567,Sugar,,BrandA,212.04,-2.0,5.0,0.0,-424.08,-216.35,-207.73,Card,EMP17,New,No,,-10.0,Pickup,3.0,Returned,Changed Mind,West,,,2025,Bad,2.0
T100075,C328,Male,,Eldoret,Kisumu,2025-10-28,P623,Rice,groceries,BrandB,210.74,-2.0,0.0,0.0,-421.48,-351.06,-70.42,Cash,EMP26,,YES,Yes,-10.0,Pickup,4.0,Returned,Changed Mind,Central,,,2025,Average,2.0
T100076,C71,,45.0,Eldoret,Kisumu,2025-10-08,P307,Milk,Groceries,BrandA,302.32,3.0,20.0,145.11,906.96,718.62,188.34,,EMP14,,Yes,,-10.0,Delivery,3.0,,,North,,,2025,Good,4.0
T100077,C440,Male,-5.0,Eldoret,Nakuru,2026-01-16,P628,Table,Home,BrandA,-10.0,5.0,0.0,0.0,-50.0,-28.27,-21.73,Mobile,EMP23,New,YES,,-10.0,,1.0,Not Returned,Damaged, north ,,,2025,,4.0
T100078,C285,Male,18.0,Nairobi,Mombasa,2025-04-16,P367,Mouse,Electronics,BrandC,483.88,1.0,20.0,77.42,483.88,277.24,206.64,,EMP15,,No,,227.0,Delivery,1.0,,Wrong Item,North,,,2025,Bad,1.0
T100079,C71,,45.0,Mombasa,Mombasa,2025-05-05,P784,Cooker,,BrandC,381.95,,0.0,0.0,,,,cash ,EMP6,New, no ,,,,5.0,Returned,,North,,,2025,Bad,3.0
T100080,C434,,18.0,Kisumu,Eldoret,2025-11-25,P250,Table, Home,BrandA,,,,0.0,,,,cash ,EMP22,,Yes,No,,Pickup,1.0,Not Returned,,South,,,2025,Good,2.0
T100081,C320, male ,18.0,Eldoret,Nairobi,2025-09-30,P356,Sugar,Groceries,BrandC,318.44,-2.0,0.0,0.0,-636.88,-538.96,-97.92,Cash,EMP14,New,Yes,No,-10.0,Delivery,,Returned,Damaged,North,,,2025,Bad,1.0
T100082,C45,,60.0,Nakuru,Eldoret,2025-10-08,P811,Table,home,BrandC,-10.0,8.0,15.0,0.0,-80.0,-58.48,-21.52,cash ,EMP7,,YES,No,,Delivery,5.0,Not Returned,,East,,,2025,Good,2.0
T100083,C84,Female,-5.0,Eldoret,Kisumu,2025-01-13,P603,Jeans, Clothing,BrandB,,,15.0,0.0,,,,Card,EMP10,New,Yes,Yes,282.0,,3.0,Not Returned,Damaged,Central,,,2025,,4.0
T100084,C343, male ,34.0,Mombasa,Eldoret,2025-06-08,P725,Shirt, Clothing,BrandC,,9.0,110.0,0.0,,,,Cash,EMP24,, no ,No,,,,,Wrong Item,West,,,2025,Good,1.0
T100085,C144,,25.0,Nakuru,Nakuru,2026-03-04,P809,Chair,,BrandB,,-2.0,5.0,0.0,,,,Mobile,EMP10,Returning, no ,,,Delivery,,Not Returned,Damaged, north ,,,2025,,4.0
T100086,C46, male ,-5.0,Eldoret,Mombasa,2026-01-22,P433,Lamp,home,BrandB,155.5,,15.0,0.0,,,,Cash,EMP1,New,YES,,-10.0,Delivery,5.0,Not Returned,,Central,,,2025,,4.0
T100087,C51,FEMALE,-5.0,Eldoret,Nakuru,2025-03-11,P764,Lamp,home,BrandA,-10.0,,0.0,0.0,,,,cash ,EMP16,Returning, no ,,,Delivery,,,Damaged,South,,,2025,Bad,3.0
T100088,C261,FEMALE,34.0,Eldoret,Kisumu,2025-12-18,P935,Shirt,clothing,BrandC,,,10.0,0.0,,,,Card,EMP14,New,Yes,,,Pickup,3.0,,Damaged, north ,,,2025,,1.0
T100089,C101,Female,,Eldoret,Eldoret,2025-01-16,P372,Keyboard,electronics,BrandC,-10.0,9.0,,0.0,-90.0,-48.55,-41.45,Card,EMP14,,Yes,Yes,,,1.0,Returned,Damaged,North,,,2025,Average,5.0
T100090,C122, male ,60.0,Mombasa,Nairobi,2025-11-27,P373,Cooker,Home,BrandC,404.27,-2.0,110.0,0.0,-808.54,-408.31,-400.23,Cash,EMP12,New, no ,,197.0,Pickup,2.0,Not Returned,Damaged,West,,,2025,Good,5.0
T100091,C461,FEMALE,60.0,Nakuru,Eldoret,2025-06-27,P358,Milk,,BrandA,,4.0,,0.0,,,,Card,EMP22,Returning,No,No,-10.0,,4.0,Returned,Wrong Item,North,,,2025,Average,2.0
T100092,C447,FEMALE,-5.0,Nakuru,Nairobi,2025-04-28,P226,Shoes,,BrandB,-10.0,3.0,15.0,0.0,-30.0,-21.74,-8.26,,EMP8,Returning,No,No,-10.0,Pickup,4.0,Returned,Changed Mind, north ,,,2025,Good,3.0
T100093,C240,Female,34.0,Kisumu,Kisumu,2025-05-11,P321,Milk,,BrandB,,3.0,,0.0,,,,,EMP7,Returning, no ,,104.0,Delivery,,Returned,Changed Mind,Central,,,2025,,5.0
T100094,C47,,60.0,Nakuru,Nairobi,2025-05-06,P773,Jeans,clothing,BrandB,257.55,,,0.0,,,,Cash,EMP13,,Yes,,90.0,Delivery,2.0,,Damaged,North,,,2025,Bad,5.0
T100095,C205, male ,-5.0,Nakuru,Nakuru,2025-05-10,P893,Jeans,clothing,BrandB,159.08,,10.0,0.0,,,,Card,EMP1,Returning,YES,No,,,,Not Returned,Wrong Item,West,,,2025,Bad,
T100096,C21,FEMALE,18.0,Eldoret,Mombasa,2025-08-13,P541,Mouse,electronics,BrandB,,5.0,110.0,0.0,,,,Card,EMP13,,Yes,,,,2.0,,Wrong Item,Central,,,2025,,
T100097,C449,,18.0,Mombasa,Nairobi,2025-10-21,P138,Shoes, Clothing,BrandA,468.16,-2.0,,0.0,-936.32,-754.19,-182.13,Mobile,EMP24,New, no ,,-10.0,,5.0,Returned,Changed Mind,Central,,,2025,Good,3.0
T100098,C347,Female,150.0,Eldoret,Mombasa,2026-04-09,P601,Cooker,home,BrandA,,,,0.0,,,,,EMP9,New,No,,,Delivery,2.0,Returned,Wrong Item,East,,,2025,Bad,4.0
T100099,C124,Male,,Mombasa,Kisumu,2026-05-10,P814,Mouse, Electronics,BrandA,,5.0,15.0,0.0,,,,Card,EMP19,,No,No,322.0,,4.0,Returned,Wrong Item,Central,,,2025,,4.0
T100100,C57, male ,,Nairobi,Mombasa,2025-10-15,P432,Rice,,BrandB,183.44,5.0,0.0,146.75,917.2,480.73,436.47,,EMP12,Returning,No,,36.0,Pickup,4.0,Not Returned,Damaged, north ,,,2025,Bad,
T100101,C47, male ,60.0,Mombasa,Nairobi,2025-01-09,P241,Shirt,Clothing,BrandA,,-2.0,10.0,0.0,,,,cash ,EMP27,New,YES,No,,,,Returned,Damaged, north ,,,2025,Bad,
T100102,C471, male ,60.0,Mombasa,Nairobi,2026-01-13,P142,Shoes,Clothing,BrandC,-10.0,,5.0,0.0,,,,cash ,EMP29,New,No,No,-10.0,,2.0,Not Returned,Damaged,South,,,2025,Average,2.0
T100103,C431,,150.0,Mombasa,Kisumu,2025-13-40,P173,Sugar,Groceries,BrandC,-10.0,7.0,15.0,0.0,-70.0,-40.34,-29.66,cash ,EMP29,Returning,Yes,No,,Pickup,,Returned,,East,,,2025,Good,4.0
T100104,C466,Female,150.0,Eldoret,Eldoret,2026-03-15,P183,Jeans,Clothing,BrandC,,8.0,15.0,0.0,,,,Mobile,EMP20,,YES,,-10.0,Delivery,4.0,,Wrong Item,East,,,2025,Bad,5.0
T100105,C191,,150.0,Kisumu,Eldoret,2025-05-31,P346,Mouse,,BrandB,,,0.0,0.0,,,,Mobile,EMP4,New,No,Yes,,Pickup,2.0,Not Returned,Damaged,South,,,2025,Bad,
T100106,C466,,25.0,Nakuru,Nairobi,2025-04-26,P919,Table,,BrandA,,-2.0,110.0,0.0,,,,,EMP18,,Yes,,,,1.0,Not Returned,,Central,,,2025,Average,2.0
T100107,C360,,45.0,Nakuru,Kisumu,2026-01-17,P223,Chair,home,BrandB,389.2,-2.0,15.0,0.0,-778.4,-462.96,-315.44,Cash,EMP20,New,Yes,,-10.0,Pickup,3.0,,Changed Mind, north ,,,2025,Good,3.0
T100108,C310, male ,25.0,Kisumu,Eldoret,2026-05-16,P435,Mouse,Electronics,BrandA,-10.0,,110.0,0.0,,,,Card,EMP9,Returning,No,,228.0,,4.0,Returned,Damaged,West,,,2025,Good,1.0
T100109,C302, male ,60.0,Nakuru,Nairobi,2026-01-25,P125,Jeans, Clothing,BrandA,,,110.0,0.0,,,,cash ,EMP17,Returning,Yes,Yes,38.0,,,,,West,,,2025,Average,
T100110,C458,Female,18.0,Mombasa,Mombasa,2026-06-25,P938,Cooker, Home,BrandC,-10.0,,10.0,0.0,,,,cash ,EMP11,, no ,No,-10.0,Delivery,1.0,Not Returned,,East,,,2025,Average,1.0
T100111,C140,Male,60.0,Kisumu,Eldoret,2025-05-28,P687,Sugar,groceries,BrandC,,10.0,110.0,0.0,,,,Cash,EMP30,,Yes,Yes,-10.0,,5.0,,Damaged,East,,,2025,Bad,2.0
T100112,C282,FEMALE,-5.0,Nairobi,Kisumu,2025-09-09,P787,Rice, Groceries,BrandB,,-2.0,,0.0,,,,,EMP12,New,No,No,77.0,Pickup,1.0,,,West,,,2025,,4.0
T100113,C283, male ,25.0,Mombasa,Eldoret,2025-09-16,P181,Jeans,clothing,BrandB,,10.0,10.0,0.0,,,,,EMP12,Returning,YES,,,Pickup,4.0,Not Returned,Wrong Item,East,,,2025,Bad,5.0
T100114,C145,,25.0,Mombasa,Mombasa,2025-07-25,P851,Mouse,Electronics,BrandA,353.68,5.0,0.0,282.94,1768.4,1166.84,601.56,,EMP2,New,Yes,,,Pickup,1.0,Returned,Changed Mind,Central,,,2025,Good,
T100115,C348, male ,34.0,Nairobi,Nakuru,2026-05-13,P915,Shirt,Clothing,BrandA,,-2.0,0.0,0.0,,,,,EMP11,Returning, no ,No,-10.0,Pickup,1.0,Not Returned,Changed Mind,North,,,2025,,5.0
T100116,C186,FEMALE,-5.0,Eldoret,Eldoret,2025-04-03,P986,Jeans,clothing,BrandC,82.31,2.0,20.0,26.34,164.62,132.83,31.79,,EMP19,Returning,No,,-10.0,,4.0,Returned,Changed Mind, north ,,,2025,,5.0
T100117,C52, male ,34.0,Mombasa,Nakuru,2025-01-10,P874,Jacket,Clothing,BrandA,470.77,,10.0,0.0,,,,,EMP5,New,Yes,,256.0,,2.0,Not Returned,Changed Mind, north ,,,2025,Average,2.0
T100118,C200,FEMALE,45.0,Kisumu,Nairobi,2025-12-19,P210,Rice,Groceries,BrandA,-10.0,,5.0,0.0,,,,cash ,EMP22,Returning,Yes,Yes,-10.0,Delivery,4.0,,Wrong Item,North,,,2025,Bad,1.0
T100119,C256,Female,34.0,Nakuru,Kisumu,2025-10-13,P869,Shoes,clothing,BrandB,-10.0,4.0,,0.0,-40.0,-26.81,-13.19,Mobile,EMP3,Returning,Yes,No,446.0,Pickup,3.0,,,South,,,2025,Good,2.0
T100120,C468,Male,34.0,Kisumu,Mombasa,2025-04-25,P614,Shirt, Clothing,BrandA,220.23,8.0,10.0,281.89,1761.84,1363.77,398.07,Card,EMP15,, no ,Yes,-10.0,,,,,East,,,2025,Good,5.0
T100121,C373,Male,18.0,Kisumu,Nairobi,2026-03-17,P999,Milk,Groceries,BrandA,,1.0,5.0,0.0,,,,cash ,EMP5,, no ,Yes,91.0,,5.0,Returned,Damaged,Central,,,2025,Bad,4.0
T100122,C495,Male,45.0,Eldoret,Nairobi,2025-09-28,P517,Keyboard, Electronics,BrandB,-10.0,4.0,110.0,0.0,-40.0,-22.84,-17.16,Cash,EMP11,,Yes,,,Delivery,5.0,Not Returned,, north ,,,2025,Bad,4.0
T100123,C460,Male,45.0,Eldoret,Eldoret,2026-02-24,P360,Lamp,,BrandA,194.57,-2.0,15.0,0.0,-389.14,-313.02,-76.12,Card,EMP22,New,Yes,,401.0,,1.0,Not Returned,Changed Mind, north ,,,2025,,5.0
T100124,C304,,150.0,Mombasa,Nakuru,2026-04-27,P463,Shoes,Clothing,BrandB,,10.0,,0.0,,,,,EMP9,,YES,Yes,,,2.0,,Changed Mind,East,,,2025,,
T100125,C87, male ,45.0,Mombasa,Mombasa,2026-06-21,P941,Shoes,,BrandA,499.71,10.0,,799.54,4997.099999999999,3555.44,1441.66,Cash,EMP11,Returning,YES,No,-10.0,Pickup,,Not Returned,,North,,,2025,Bad,3.0
T100126,C90,,34.0,Nairobi,Mombasa,2026-05-05,P475,Shoes,,BrandC,-10.0,-2.0,110.0,0.0,20.0,10.89,9.11,Card,EMP20,Returning,YES,No,129.0,,2.0,Returned,Changed Mind,North,,,2025,Average,3.0
T100127,C104,Female,150.0,Kisumu,Eldoret,2026-05-21,P899,Jacket, Clothing,BrandA,-10.0,5.0,0.0,0.0,-50.0,-35.5,-14.5,cash ,EMP13,Returning,Yes,,-10.0,Delivery,4.0,,Changed Mind,East,,,2025,Average,4.0
T100128,C195,FEMALE,150.0,Nakuru,Nairobi,2025-03-23,P210,Milk,,BrandB,36.36,-2.0,10.0,0.0,-72.72,-61.38,-11.34,cash ,EMP14,Returning,No,Yes,-10.0,Delivery,2.0,,Damaged, north ,,,2025,Average,
T100129,C61,Male,45.0,Nairobi,Eldoret,2026-02-01,P937,Sugar,Groceries,BrandA,-10.0,9.0,20.0,0.0,-90.0,-56.89,-33.11,cash ,EMP3,New, no ,Yes,,Pickup,,Not Returned,,North,,,2025,,5.0
T100130,C96,,60.0,Eldoret,Kisumu,2026-06-15,P188,Sugar, Groceries,BrandB,-10.0,,5.0,0.0,,,,Mobile,EMP22,Returning, no ,,-10.0,,1.0,Not Returned,Changed Mind,South,,,2025,,4.0
T100131,C337,FEMALE,34.0,Kisumu,Kisumu,2026-01-18,P305,Jacket,,BrandC,,4.0,110.0,0.0,,,,,EMP22,New,YES,Yes,272.0,Delivery,5.0,Not Returned,Damaged,East,,,2025,Average,4.0
T100132,C105,Male,34.0,Nakuru,Nairobi,2026-04-01,P150,Jeans,clothing,BrandA,-10.0,,110.0,0.0,,,,,EMP16,New,Yes,,,Pickup,4.0,Returned,Changed Mind,South,,,2025,Average,2.0
T100133,C227,FEMALE,34.0,Nairobi,Mombasa,2025-09-21,P142,Rice,groceries,BrandB,104.81,8.0,0.0,134.16,838.48,558.32,280.16,Mobile,EMP25,New,YES,,,Pickup,3.0,Not Returned,Changed Mind,Central,,,2025,Average,2.0
T100134,C356,Male,45.0,Nakuru,Mombasa,2025-08-17,P845,Sugar,groceries,BrandB,,-2.0,10.0,0.0,,,,Mobile,EMP22,Returning,Yes,Yes,-10.0,Pickup,,Returned,Damaged,East,,,2025,,3.0
T100135,C241, male ,45.0,Eldoret,Kisumu,2025-04-01,P133,Monitor,Electronics,BrandA,-10.0,2.0,20.0,0.0,-20.0,-14.67,-5.33,Mobile,EMP7,New,YES,Yes,-10.0,Delivery,4.0,Not Returned,Wrong Item,East,,,2025,Bad,2.0
T100136,C305,FEMALE,,Nairobi,Nairobi,2025-04-26,P140,Keyboard,Electronics,BrandB,281.79,,110.0,0.0,,,,Card,EMP14,,YES,Yes,,,,Returned,Changed Mind,South,,,2025,Good,3.0
T100137,C278,Male,-5.0,Nakuru,Mombasa,2026-05-24,P267,Monitor,Electronics,BrandC,134.33,5.0,5.0,107.46,671.6500000000001,367.28,304.37,Mobile,EMP12,New,YES,No,284.0,Pickup,2.0,,Wrong Item,North,,,2025,Good,1.0
T100138,C16,FEMALE,150.0,Eldoret,Eldoret,2025-06-07,P212,Monitor, Electronics,BrandC,346.03,10.0,0.0,553.65,3460.2999999999997,2768.3,692.0,Cash,EMP3,,No,Yes,,,,Returned,Wrong Item,North,,,2025,Bad,1.0
T100139,C237,,34.0,Nairobi,Kisumu,2025-03-28,P521,Mouse,,BrandA,-10.0,,10.0,0.0,,,,Cash,EMP26,New,No,,,Pickup,2.0,Not Returned,Wrong Item,South,,,2025,Average,2.0
T100140,C385,,25.0,Mombasa,Nairobi,2025-12-04,P966,Shirt, Clothing,BrandB,,-2.0,,0.0,,,,Cash,EMP21,,YES,,-10.0,,,Not Returned,Wrong Item,East,,,2025,Bad,1.0
T100141,C401, male ,45.0,Mombasa,Mombasa,2025-04-29,P701,Table,,BrandC,,-2.0,10.0,0.0,,,,Card,EMP29,Returning,Yes,No,-10.0,,,Not Returned,,West,,,2025,Good,2.0
T100142,C244,FEMALE,150.0,Eldoret,Kisumu,2025-04-24,P568,Shoes,clothing,BrandB,,5.0,0.0,0.0,,,,,EMP7,New,YES,No,-10.0,,1.0,Not Returned,Changed Mind,North,,,2025,Bad,2.0
T100143,C460,Female,150.0,Kisumu,Kisumu,2025-02-12,P254,Cooker, Home,BrandA,,9.0,110.0,0.0,,,,Card,EMP12,, no ,No,-10.0,,5.0,Returned,Wrong Item,West,,,2025,Good,1.0
T100144,C283,,150.0,Mombasa,Kisumu,2025-12-27,P782,Rice,,BrandA,,-2.0,10.0,0.0,,,,,EMP20,Returning, no ,No,-10.0,Delivery,3.0,,,Central,,,2025,Good,
T100145,C230, male ,34.0,Eldoret,Nakuru,2025-05-02,P135,Cooker, Home,BrandB,488.22,,,0.0,,,,Card,EMP1,Returning,No,Yes,,,1.0,Not Returned,Wrong Item, north ,,,2025,Bad,
T100146,C499, male ,60.0,Kisumu,Mombasa,2026-01-25,P953,Bread,,BrandA,-10.0,9.0,110.0,0.0,-90.0,-48.04,-41.96,,EMP12,New,No,,413.0,Pickup,3.0,,Wrong Item, north ,,,2025,Bad,1.0
T100147,C476,FEMALE,150.0,Nairobi,Kisumu,2025-07-22,P470,Shoes,,BrandB,-10.0,,15.0,0.0,,,,cash ,EMP26,Returning,YES,Yes,,Delivery,5.0,Not Returned,Wrong Item,East,,,2025,Good,2.0
T100148,C470,FEMALE,60.0,Nairobi,Kisumu,2026-02-06,P560,Shoes,Clothing,BrandA,208.8,,10.0,0.0,,,,,EMP27,,YES,No,-10.0,Delivery,2.0,Returned,Damaged,Central,,,2025,,
T100149,C202, male ,150.0,Nakuru,Nakuru,2025-05-01,P925,Keyboard, Electronics,BrandB,,,110.0,0.0,,,,Card,EMP23,New, no ,,-10.0,Pickup,2.0,Not Returned,Damaged,West,,,2025,Good,5.0
T100150,C348,Female,34.0,Mombasa,Mombasa,2025-10-08,P612,Mouse,Electronics,BrandB,,-2.0,110.0,0.0,,,,Cash,EMP24,, no ,No,,,,Not Returned,Changed Mind, north ,,,2025,Good,5.0
T100151,C359,,25.0,Nairobi,Kisumu,2025-03-22,P323,Jeans,Clothing,BrandB,,-2.0,20.0,0.0,,,,Card,EMP15,Returning,Yes,No,,,1.0,Returned,,North,,,2025,,2.0
T100152,C499,,18.0,Mombasa,Mombasa,2025-08-02,P129,Jacket, Clothing,BrandB,286.38,,20.0,0.0,,,,Mobile,EMP3,,YES,,,Pickup,4.0,Not Returned,,South,,,2025,Good,3.0
T100153,C451,,,Mombasa,Kisumu,2026-04-10,P730,Jacket,clothing,BrandA,241.55,,15.0,0.0,,,,cash ,EMP6,Returning,No,Yes,,Pickup,4.0,Returned,Wrong Item,East,,,2025,Average,5.0
T100154,C443,,60.0,Eldoret,Kisumu,2025-13-40,P742,Shirt,clothing,BrandC,-10.0,,5.0,0.0,,,,Mobile,EMP12,Returning,Yes,Yes,378.0,,3.0,Not Returned,Damaged, north ,,,2025,,1.0
T100155,C244,Female,25.0,Eldoret,Eldoret,2025-12-12,P357,Shirt,,BrandA,-10.0,-2.0,15.0,0.0,20.0,17.92,2.08,Mobile,EMP9,,Yes,Yes,-10.0,,4.0,,,South,,,2025,,2.0
T100156,C426,Male,,Nairobi,Mombasa,2025-13-40,P686,Rice,Groceries,BrandB,,2.0,15.0,0.0,,,,Mobile,EMP20,, no ,No,,Pickup,1.0,Returned,Wrong Item,East,,,2025,,1.0
T100157,C292,Male,,Mombasa,Nakuru,2026-03-27,P767,Mouse,electronics,BrandC,,-2.0,110.0,0.0,,,,cash ,EMP23,Returning,No,Yes,-10.0,,4.0,Returned,Wrong Item,South,,,2025,Good,4.0
T100158,C124,Female,18.0,Eldoret,Eldoret,2026-04-23,P523,Rice, Groceries,BrandA,454.46,4.0,,290.85,1817.84,909.61,908.23,Card,EMP15,New, no ,Yes,,Pickup,2.0,Returned,Wrong Item,Central,,,2025,Bad,1.0
T100159,C339,,60.0,Nakuru,Nakuru,2025-03-21,P786,Chair,Home,BrandC,280.17,2.0,20.0,89.65,560.34,406.05,154.29,Card,EMP1,New, no ,Yes,,,,Returned,,North,,,2025,Good,5.0
T100160,C159, male ,34.0,Nakuru,Eldoret,2026-01-12,P690,Shirt, Clothing,BrandA,123.27,,0.0,0.0,,,,Cash,EMP3,New,Yes,Yes,,,2.0,,,West,,,2025,,5.0
T100161,C29,Female,60.0,Nakuru,Kisumu,2026-03-18,P823,Rice,groceries,BrandB,359.75,1.0,110.0,57.56,359.75,277.85,81.9,Mobile,EMP28,Returning,Yes,No,195.0,Pickup,4.0,Returned,,Central,,,2025,Bad,3.0
T100162,C169,Male,45.0,Kisumu,Nairobi,2026-01-01,P644,Rice,groceries,BrandA,15.36,,20.0,0.0,,,,Cash,EMP27,Returning, no ,,-10.0,Pickup,5.0,Returned,,South,,,2025,Average,5.0
T100163,C387,Male,60.0,Nakuru,Nairobi,2025-08-06,P280,Mouse,,BrandC,,,0.0,0.0,,,,Card,EMP23,,YES,No,-10.0,Delivery,1.0,Returned,Wrong Item, north ,,,2025,Bad,5.0
T100164,C38, male ,25.0,Mombasa,Eldoret,2025-03-10,P215,Rice,,BrandC,-10.0,10.0,0.0,0.0,-100.0,-52.56,-47.44,,EMP23,Returning, no ,Yes,460.0,Delivery,3.0,Not Returned,, north ,,,2025,Average,4.0
T100165,C107, male ,-5.0,Kisumu,Eldoret,2025-08-20,P110,Monitor,electronics,BrandA,416.98,-2.0,15.0,0.0,-833.96,-693.44,-140.52,Cash,EMP6,,YES,,134.0,Pickup,2.0,Not Returned,Damaged,North,,,2025,,3.0
T100166,C370,Female,34.0,Kisumu,Kisumu,2025-12-30,P479,Mouse, Electronics,BrandA,-10.0,1.0,,0.0,-10.0,-8.72,-1.28,,EMP22,New,No,Yes,-10.0,Pickup,2.0,,Wrong Item,South,,,2025,,3.0
T100167,C16,FEMALE,,Nakuru,Nairobi,2026-01-14,P212,Sugar,,BrandC,,5.0,15.0,0.0,,,,cash ,EMP3,Returning,Yes,No,245.0,Pickup,4.0,Not Returned,Damaged,North,,,2025,Average,1.0
T100168,C382,Female,150.0,Nairobi,Nairobi,2026-06-06,P542,Jacket,Clothing,BrandA,-10.0,-2.0,20.0,0.0,20.0,10.46,9.54,,EMP6,,YES,Yes,51.0,Delivery,3.0,Not Returned,, north ,,,2025,Average,1.0
T100169,C93,,18.0,Eldoret,Nairobi,2026-05-02,P759,Lamp,,BrandC,-10.0,2.0,0.0,0.0,-20.0,-10.96,-9.04,Cash,EMP18,,No,No,,Pickup,,Not Returned,Wrong Item,West,,,2025,Bad,
T100170,C436,Male,60.0,Nakuru,Mombasa,2025-03-25,P959,Keyboard,electronics,BrandB,,,15.0,0.0,,,,Mobile,EMP19,New,Yes,No,,Pickup,1.0,Not Returned,,South,,,2025,Good,4.0
T100171,C402,FEMALE,60.0,Mombasa,Kisumu,2026-04-27,P132,Shoes,,BrandA,453.47,,,0.0,,,,Mobile,EMP14,,Yes,,191.0,Pickup,1.0,Returned,Changed Mind,Central,,,2025,,4.0
T100172,C70,,-5.0,Nairobi,Mombasa,2025-05-21,P339,Table,,BrandA,-10.0,5.0,15.0,0.0,-50.0,-27.98,-22.02,Cash,EMP19,Returning, no ,No,,,2.0,Returned,Changed Mind, north ,,,2025,,1.0
T100173,C216,Male,150.0,Kisumu,Eldoret,2025-06-29,P697,Monitor,Electronics,BrandB,452.46,2.0,10.0,144.79,904.92,725.19,179.73,Card,EMP16,,YES,,,Pickup,4.0,Returned,Changed Mind,Central,,,2025,,2.0
T100174,C242,Female,-5.0,Nairobi,Nakuru,2025-02-28,P586,Jeans, Clothing,BrandC,-10.0,-2.0,110.0,0.0,20.0,16.58,3.42,Card,EMP15,Returning,No,No,45.0,,4.0,Not Returned,Wrong Item, north ,,,2025,Average,3.0
T100175,C262,Female,150.0,Eldoret,Nakuru,2025-09-30,P761,Shoes,Clothing,BrandB,68.14,-2.0,110.0,0.0,-136.28,-79.86,-56.42,,EMP15,Returning,YES,No,-10.0,Delivery,2.0,Not Returned,Damaged, north ,,,2025,Average,4.0
T100176,C436, male ,60.0,Mombasa,Nairobi,2025-07-21,P715,Shirt,,BrandC,,,5.0,0.0,,,,,EMP2,New,Yes,,-10.0,,5.0,Not Returned,Damaged,North,,,2025,Good,2.0
T100177,C59,Male,25.0,Mombasa,Mombasa,2025-13-40,P581,Mouse, Electronics,BrandA,-10.0,1.0,110.0,0.0,-10.0,-8.14,-1.86,,EMP12,Returning,YES,No,-10.0,Delivery,3.0,Returned,Damaged,East,,,2025,Average,3.0
T100178,C252,Female,45.0,Eldoret,Eldoret,2025-12-03,P924,Laptop,Electronics,BrandA,-10.0,10.0,5.0,0.0,-100.0,-81.67,-18.33,cash ,EMP13,Returning,Yes,Yes,159.0,Delivery,1.0,Returned,Wrong Item,South,,,2025,,4.0
T100179,C325,FEMALE,45.0,Kisumu,Eldoret,2025-08-09,P533,Rice, Groceries,BrandC,220.56,,5.0,0.0,,,,Cash,EMP1,New,Yes,Yes,-10.0,Pickup,,,,Central,,,2025,Average,2.0
T100180,C268, male ,18.0,Eldoret,Kisumu,2025-11-14,P191,Bread, Groceries,BrandA,82.89,5.0,15.0,66.31,414.45,335.1,79.35,Mobile,EMP17,New,No,Yes,,Pickup,4.0,Returned,Wrong Item,East,,,2025,Good,5.0
T100181,C35, male ,45.0,Nakuru,Kisumu,2026-02-01,P972,Shoes,,BrandC,388.84,-2.0,110.0,0.0,-777.68,-410.63,-367.05,cash ,EMP25,,YES,,,Delivery,5.0,Returned,Damaged,West,,,2025,Good,
T100182,C36, male ,150.0,Eldoret,Nairobi,2025-02-05,P248,Jeans,,BrandC,-10.0,,110.0,0.0,,,,Cash,EMP23,,Yes,Yes,,Pickup,5.0,Returned,Damaged,East,,,2025,Average,5.0
T100183,C235,,25.0,Nairobi,Kisumu,2025-05-07,P858,Table,,BrandB,-10.0,4.0,110.0,0.0,-40.0,-25.41,-14.59,Card,EMP6,,YES,No,,Pickup,,Returned,Wrong Item,West,,,2025,Good,5.0
T100184,C374, male ,45.0,Nakuru,Nairobi,2025-11-25,P941,Jeans,Clothing,BrandA,,-2.0,5.0,0.0,,,,,EMP12,New,YES,,20.0,Delivery,2.0,Not Returned,Changed Mind,East,,,2025,Bad,3.0
T100185,C395,,45.0,Nairobi,Mombasa,2026-02-25,P872,Shoes,clothing,BrandB,59.57,-2.0,0.0,0.0,-119.14,-102.91,-16.23,Mobile,EMP17,,YES,No,-10.0,Pickup,2.0,,Changed Mind, north ,,,2025,Good,3.0
T100186,C432,,,Kisumu,Nakuru,2025-02-19,P901,Bread,,BrandC,,,110.0,0.0,,,,Card,EMP24,Returning,YES,Yes,32.0,Pickup,3.0,Returned,Damaged,South,,,2025,Bad,1.0
T100187,C489,FEMALE,60.0,Eldoret,Nakuru,2025-11-15,P426,Monitor, Electronics,BrandC,,1.0,15.0,0.0,,,,Mobile,EMP24,Returning,Yes,,,Pickup,4.0,Not Returned,,North,,,2025,Average,2.0
T100188,C292,Male,,Eldoret,Eldoret,2025-05-08,P542,Bread,Groceries,BrandC,,-2.0,110.0,0.0,,,,Card,EMP14,New,No,,,,3.0,Returned,Wrong Item, north ,,,2025,Good,2.0
T100189,C264,Female,,Eldoret,Eldoret,2025-11-06,P111,Shoes,clothing,BrandC,320.29,-2.0,15.0,0.0,-640.58,-371.98,-268.6,cash ,EMP27,,No,Yes,,,1.0,,Changed Mind,North,,,2025,Good,2.0
T100190,C225,Male,150.0,Mombasa,Eldoret,2025-05-28,P804,Mouse, Electronics,BrandC,,-2.0,5.0,0.0,,,,Mobile,EMP8,Returning,No,,-10.0,Pickup,1.0,Returned,Changed Mind, north ,,,2025,Average,
T100191,C104,,25.0,Nakuru,Eldoret,2025-06-29,P827,Bread,groceries,BrandB,411.85,,20.0,0.0,,,,cash ,EMP30,,Yes,No,483.0,Delivery,1.0,Returned,,South,,,2025,Bad,4.0
T100192,C446,FEMALE,-5.0,Eldoret,Nakuru,2025-07-23,P410,Milk, Groceries,BrandA,,-2.0,5.0,0.0,,,,Card,EMP15,New,No,Yes,-10.0,Pickup,5.0,Not Returned,Wrong Item,West,,,2025,,4.0
T100193,C38, male ,150.0,Nairobi,Nakuru,2026-05-28,P202,Cooker, Home,BrandC,-10.0,-2.0,20.0,0.0,20.0,14.07,5.93,cash ,EMP11,Returning, no ,,-10.0,,5.0,Returned,Damaged, north ,,,2025,,3.0
T100194,C75, male ,150.0,Kisumu,Eldoret,2025-01-05,P685,Cooker,home,BrandB,,-2.0,110.0,0.0,,,,Card,EMP18,, no ,,-10.0,Pickup,2.0,Returned,Changed Mind,West,,,2025,,4.0
T100195,C245,Male,-5.0,Kisumu,Nakuru,2025-11-29,P724,Jacket, Clothing,BrandA,,9.0,,0.0,,,,Mobile,EMP26,Returning,Yes,No,,,1.0,Not Returned,Changed Mind,East,,,2025,,2.0
T100196,C117,Female,18.0,Nakuru,Kisumu,2025-05-24,P224,Chair,Home,BrandA,,2.0,,0.0,,,,,EMP18,New,No,No,428.0,Pickup,,Not Returned,,West,,,2025,Good,
T100197,C323,Female,25.0,Nakuru,Mombasa,2025-12-02,P209,Milk,groceries,BrandA,46.63,5.0,0.0,37.3,233.15,120.21,112.94,,EMP12,,No,No,-10.0,Delivery,4.0,Not Returned,Changed Mind,West,,,2025,Average,4.0
T100198,C319,Male,,Eldoret,Eldoret,2025-03-02,P114,Mouse,,BrandB,-10.0,3.0,110.0,0.0,-30.0,-23.85,-6.15,Cash,EMP20,,YES,,,Pickup,1.0,,Wrong Item,West,,,2025,Average,
T100199,C186,FEMALE,45.0,Eldoret,Nakuru,2025-01-06,P845,Table,,BrandB,,,20.0,0.0,,,,cash ,EMP19,,No,No,-10.0,Pickup,3.0,Returned,Damaged,Central,,,2025,Bad,3.0
T100200,C425,Male,34.0,Nakuru,Nairobi,2025-03-26,P687,Jacket,,BrandB,-10.0,,10.0,0.0,,,,,EMP17,Returning,Yes,Yes,301.0,Pickup,4.0,Not Returned,Damaged,Central,,,2025,,4.0
T100201,C336, male ,60.0,Kisumu,Mombasa,2025-11-03,P620,Shirt,,BrandC,187.33,,15.0,0.0,,,,Mobile,EMP15,,YES,No,,Delivery,1.0,Returned,Wrong Item, north ,,,2025,Bad,1.0
T100202,C45,Male,18.0,Mombasa,Nakuru,2026-04-01,P715,Bread,,BrandC,,7.0,0.0,0.0,,,,Cash,EMP24,Returning,YES,,94.0,,1.0,,Wrong Item,Central,,,2025,Bad,3.0
T100203,C465,,60.0,Nairobi,Nakuru,2025-03-04,P645,Milk,,BrandA,429.49,-2.0,10.0,0.0,-858.98,-518.67,-340.31,Cash,EMP14,Returning,YES,,,Delivery,2.0,,,West,,,2025,Average,3.0
T100204,C138,,-5.0,Nairobi,Eldoret,2026-04-26,P609,Rice, Groceries,BrandA,205.55,-2.0,5.0,0.0,-411.1,-353.36,-57.74,Mobile,EMP29,New,YES,No,491.0,Pickup,4.0,,Changed Mind,East,,,2025,,5.0
T100205,C486, male ,,Mombasa,Eldoret,2026-01-14,P983,Bread,groceries,BrandB,106.26,-2.0,10.0,0.0,-212.52,-144.96,-67.56,Card,EMP20,New,YES,No,,Pickup,,,Damaged,West,,,2025,Good,2.0
T100206,C475,Male,45.0,Eldoret,Nairobi,2025-04-24,P372,Mouse,Electronics,BrandB,332.98,,110.0,0.0,,,,Cash,EMP9,Returning,Yes,,-10.0,,5.0,,Wrong Item,North,,,2025,Average,2.0
T100207,C197,FEMALE,18.0,Nairobi,Eldoret,2025-11-28,P950,Rice,,BrandA,,4.0,20.0,0.0,,,,Mobile,EMP17,New, no ,No,,Pickup,1.0,Returned,,Central,,,2025,,2.0
T100208,C77,Male,25.0,Mombasa,Kisumu,2025-06-16,P614,Jacket,Clothing,BrandC,-10.0,9.0,10.0,0.0,-90.0,-64.57,-25.43,cash ,EMP14,Returning,Yes,,29.0,Delivery,2.0,Returned,Damaged,South,,,2025,Bad,2.0
T100209,C258,Female,18.0,Eldoret,Mombasa,2025-02-20,P302,Monitor,Electronics,BrandB,-10.0,-2.0,,0.0,20.0,10.33,9.67,Cash,EMP25,Returning,Yes,No,332.0,Delivery,3.0,Returned,,South,,,2025,Average,2.0
T100210,C434,Female,18.0,Kisumu,Eldoret,2026-05-25,P140,Shoes, Clothing,BrandA,-10.0,6.0,5.0,0.0,-60.0,-44.09,-15.91,Cash,EMP17,,No,,207.0,Pickup,,Returned,,East,,,2025,,1.0
T100211,C275, male ,-5.0,Kisumu,Mombasa,2025-07-23,P372,Sugar, Groceries,BrandA,-10.0,,0.0,0.0,,,,Cash,EMP13,Returning, no ,Yes,79.0,Pickup,1.0,,Wrong Item,East,,,2025,Good,4.0
T100212,C302,FEMALE,34.0,Mombasa,Nairobi,2025-10-26,P595,Lamp,,BrandA,-10.0,4.0,20.0,0.0,-40.0,-32.94,-7.06,Cash,EMP23,New,Yes,,404.0,Pickup,3.0,Returned,Damaged,South,,,2025,Bad,3.0
T100213,C68,Male,150.0,Mombasa,Mombasa,2026-03-25,P774,Bread, Groceries,BrandC,414.61,,15.0,0.0,,,,Cash,EMP4,Returning,Yes,,113.0,Pickup,1.0,Not Returned,Damaged,East,,,2025,Bad,
T100214,C262,,45.0,Eldoret,Kisumu,2025-05-10,P775,Table,home,BrandC,,,10.0,0.0,,,,Cash,EMP14,Returning,No,Yes,-10.0,Delivery,1.0,,,East,,,2025,,2.0
T100215,C110,FEMALE,-5.0,Kisumu,Nakuru,2025-11-25,P468,Lamp,Home,BrandB,415.86,-2.0,,0.0,-831.72,-501.29,-330.43,Card,EMP27,New, no ,,,Delivery,,Not Returned,Damaged,East,,,2025,Good,3.0
T100216,C118, male ,-5.0,Nakuru,Nairobi,2025-11-09,P836,Shoes,clothing,BrandB,,-2.0,110.0,0.0,,,,Cash,EMP12,New,YES,No,,Pickup,3.0,Not Returned,,East,,,2025,,2.0
T100217,C437,Female,18.0,Nakuru,Nakuru,2025-09-09,P296,Jeans,clothing,BrandB,-10.0,,0.0,0.0,,,,,EMP4,New,YES,No,-10.0,,3.0,Returned,,West,,,2025,Average,4.0
T100218,C297,,45.0,Kisumu,Nairobi,2025-07-12,P304,Keyboard,electronics,BrandA,,-2.0,0.0,0.0,,,,cash ,EMP19,,YES,Yes,,Delivery,5.0,,Damaged,Central,,,2025,,1.0
T100219,C205,Female,150.0,Mombasa,Kisumu,2025-04-29,P701,Milk,groceries,BrandB,-10.0,-2.0,0.0,0.0,20.0,17.22,2.78,Cash,EMP17,,YES,No,,Delivery,4.0,Returned,Damaged, north ,,,2025,,4.0
T100220,C389,FEMALE,25.0,Kisumu,Nakuru,2025-04-18,P992,Milk,groceries,BrandC,-10.0,-2.0,5.0,0.0,20.0,16.4,3.6,Cash,EMP3,New,Yes,Yes,188.0,Delivery,4.0,,,East,,,2025,Bad,5.0
T100221,C108,Female,150.0,Kisumu,Kisumu,2025-10-25,P716,Jeans, Clothing,BrandB,266.3,,10.0,0.0,,,,Cash,EMP20,,YES,Yes,,,,Not Returned,Wrong Item,East,,,2025,Good,3.0
T100222,C229, male ,150.0,Kisumu,Mombasa,2025-07-22,P276,Sugar,,BrandA,115.01,-2.0,5.0,0.0,-230.02,-206.88,-23.14,Mobile,EMP27,,Yes,Yes,192.0,Delivery,,Not Returned,Damaged,West,,,2025,,2.0
T100223,C395,Female,-5.0,Kisumu,Eldoret,2025-05-20,P647,Rice,groceries,BrandC,,,20.0,0.0,,,,cash ,EMP24,,Yes,Yes,-10.0,Delivery,,Returned,Wrong Item, north ,,,2025,,
T100224,C320,Male,34.0,Kisumu,Nairobi,2025-04-20,P281,Jeans,Clothing,BrandA,227.0,-2.0,,0.0,-454.0,-237.79,-216.21,,EMP29,New, no ,Yes,,Delivery,5.0,Returned,Wrong Item,South,,,2025,Bad,
T100225,C360, male ,60.0,Kisumu,Nairobi,2025-05-04,P990,Shirt,clothing,BrandB,189.5,-2.0,0.0,0.0,-379.0,-284.12,-94.88,,EMP26,Returning,Yes,Yes,-10.0,Pickup,3.0,Returned,,Central,,,2025,Average,4.0
T100226,C356, male ,150.0,Nairobi,Mombasa,2026-06-07,P197,Cooker,home,BrandB,470.0,8.0,10.0,601.6,3760.0,2287.21,1472.79,Mobile,EMP15,,YES,,248.0,,,,Changed Mind,West,,,2025,Average,2.0
T100227,C108,Female,45.0,Kisumu,Eldoret,2026-04-29,P931,Shoes,Clothing,BrandB,264.7,7.0,15.0,296.46,1852.8999999999999,1607.24,245.66,Mobile,EMP12,,Yes,No,-10.0,,5.0,Returned,Changed Mind,West,,,2025,Good,3.0
T100228,C442,Male,150.0,Nakuru,Nakuru,2025-06-24,P954,Jeans,,BrandA,,,5.0,0.0,,,,Cash,EMP5,Returning,No,,459.0,Delivery,2.0,,,West,,,2025,Bad,2.0
T100229,C258,FEMALE,25.0,Nairobi,Mombasa,2025-07-17,P554,Mouse,Electronics,BrandC,,10.0,20.0,0.0,,,,,EMP4,, no ,Yes,-10.0,,,,Wrong Item,Central,,,2025,Average,
T100230,C282,Male,18.0,Eldoret,Nairobi,2025-11-11,P302,Jacket,clothing,BrandA,,-2.0,5.0,0.0,,,,Cash,EMP9,Returning,Yes,No,250.0,Delivery,1.0,Not Returned,,South,,,2025,Bad,2.0
T100231,C400,Male,45.0,Mombasa,Kisumu,2026-04-09,P137,Chair, Home,BrandB,,4.0,0.0,0.0,,,,cash ,EMP21,, no ,Yes,-10.0,Pickup,5.0,,, north ,,,2025,,5.0
T100232,C295,Female,25.0,Nairobi,Kisumu,2025-08-09,P541,Lamp,Home,BrandA,-10.0,-2.0,5.0,0.0,20.0,15.29,4.71,Mobile,EMP21,Returning,No,Yes,240.0,Delivery,4.0,,Wrong Item,South,,,2025,,
T100233,C25,Male,60.0,Nairobi,Kisumu,2025-12-11,P413,Keyboard,electronics,BrandA,-10.0,-2.0,20.0,0.0,20.0,14.78,5.22,Cash,EMP24,,Yes,No,,Delivery,,Returned,, north ,,,2025,,1.0
T100234,C103, male ,,Nakuru,Nakuru,2025-08-22,P631,Monitor, Electronics,BrandA,-10.0,-2.0,0.0,0.0,20.0,13.48,6.52,,EMP2,, no ,No,447.0,Pickup,4.0,Not Returned,Changed Mind,East,,,2025,Average,5.0
T100235,C315,FEMALE,60.0,Eldoret,Nakuru,2026-03-03,P827,Sugar,Groceries,BrandA,449.2,-2.0,0.0,0.0,-898.4,-650.75,-247.65,Cash,EMP13,Returning,Yes,No,186.0,Delivery,1.0,Returned,Damaged,South,,,2025,Average,
T100236,C301,Female,-5.0,Nairobi,Eldoret,2026-03-03,P860,Laptop,Electronics,BrandC,304.16,9.0,5.0,437.99,2737.44,1685.84,1051.6,cash ,EMP10,,Yes,Yes,-10.0,Pickup,5.0,,Wrong Item,Central,,,2025,Bad,
T100237,C141,,25.0,Nairobi,Eldoret,2025-11-30,P607,Lamp, Home,BrandA,-10.0,,15.0,0.0,,,,Mobile,EMP4,Returning,YES,,-10.0,Pickup,4.0,,Changed Mind,Central,,,2025,Average,4.0
T100238,C286,Male,25.0,Kisumu,Mombasa,2025-05-12,P469,Lamp, Home,BrandC,,10.0,110.0,0.0,,,,,EMP30,New, no ,No,,,1.0,Not Returned,Damaged,South,,,2025,,
T100239,C292,FEMALE,150.0,Mombasa,Nakuru,2025-10-20,P244,Chair, Home,BrandC,-10.0,-2.0,5.0,0.0,20.0,13.0,7.0,cash ,EMP2,New,No,,380.0,,5.0,Returned,Changed Mind,East,,,2025,,4.0
T100240,C80,,45.0,Nakuru,Kisumu,2025-07-01,P985,Jacket,Clothing,BrandC,492.02,-2.0,,0.0,-984.04,-706.89,-277.15,Card,EMP5,,No,No,-10.0,Delivery,1.0,Not Returned,Wrong Item,West,,,2025,Good,4.0
T100241,C485,Female,150.0,Kisumu,Mombasa,2025-01-01,P124,Sugar,Groceries,BrandB,,8.0,15.0,0.0,,,,cash ,EMP19,,Yes,Yes,-10.0,Pickup,1.0,Not Returned,Damaged,North,,,2025,Good,
T100242,C363,,-5.0,Eldoret,Nakuru,2025-06-14,P298,Table, Home,BrandC,-10.0,7.0,10.0,0.0,-70.0,-44.68,-25.32,Mobile,EMP2,,YES,,52.0,Delivery,3.0,,Changed Mind, north ,,,2025,Bad,4.0
T100243,C128,Female,45.0,Mombasa,Mombasa,2025-06-29,P604,Cooker, Home,BrandA,-10.0,-2.0,0.0,0.0,20.0,15.51,4.49,Mobile,EMP24,Returning, no ,Yes,323.0,Pickup,2.0,Not Returned,Damaged,North,,,2025,,1.0
T100244,C301,FEMALE,45.0,Kisumu,Kisumu,2025-05-22,P745,Monitor,,BrandB,-10.0,,5.0,0.0,,,,cash ,EMP2,,Yes,No,,Delivery,2.0,Returned,Changed Mind,North,,,2025,Good,1.0
T100245,C298, male ,18.0,Nakuru,Kisumu,2025-04-12,P519,Monitor,Electronics,BrandB,-10.0,,,0.0,,,,,EMP17,Returning,Yes,No,-10.0,,1.0,Not Returned,,Central,,,2025,Good,1.0
T100246,C2,FEMALE,45.0,Kisumu,Eldoret,2025-10-11,P579,Lamp,,BrandA,,,20.0,0.0,,,,Mobile,EMP21,,Yes,No,,Pickup,5.0,Not Returned,Damaged,West,,,2025,,5.0
T100247,C8,Female,-5.0,Nairobi,Mombasa,2025-10-24,P131,Sugar,groceries,BrandB,451.73,,110.0,0.0,,,,Card,EMP24,Returning,No,,,,5.0,Not Returned,Wrong Item,North,,,2025,Average,4.0
T100248,C10,,60.0,Nakuru,Nairobi,2025-10-23,P225,Lamp,home,BrandA,,-2.0,,0.0,,,,cash ,EMP27,,Yes,No,168.0,Pickup,4.0,Returned,Changed Mind,Central,,,2025,Good,5.0
T100249,C118,Male,18.0,Kisumu,Nairobi,2025-06-07,P884,Monitor,electronics,BrandB,246.16,9.0,5.0,354.47,2215.44,1894.03,321.41,,EMP27,Returning,No,Yes,,,4.0,,Wrong Item, north ,,,2025,,3.0
T100250,C63,Female,60.0,Nairobi,Kisumu,2025-01-21,P430,Jeans,Clothing,BrandC,430.47,,5.0,0.0,,,,Mobile,EMP30,, no ,,-10.0,Pickup,1.0,Not Returned,,South,,,2025,Average,2.0
T100251,C448,FEMALE,,Nairobi,Nairobi,2026-04-10,P506,Laptop, Electronics,BrandA,203.61,,5.0,0.0,,,,Card,EMP19,Returning,YES,No,-10.0,,2.0,Not Returned,Damaged,East,,,2025,,3.0
T100252,C319,Male,25.0,Nakuru,Nairobi,2026-05-08,P680,Shirt,,BrandB,-10.0,-2.0,5.0,0.0,20.0,16.91,3.09,Mobile,EMP16,Returning, no ,Yes,,,,Returned,,South,,,2025,Good,4.0
T100253,C338,Female,60.0,Nakuru,Eldoret,2025-03-28,P231,Lamp, Home,BrandB,,,110.0,0.0,,,,cash ,EMP27,Returning,YES,,,,2.0,Returned,Changed Mind, north ,,,2025,Good,4.0
T100254,C373,Female,25.0,Nairobi,Mombasa,2026-04-25,P417,Keyboard,,BrandA,190.24,-2.0,15.0,0.0,-380.48,-304.77,-75.71,cash ,EMP12,, no ,,-10.0,Delivery,1.0,Returned,Damaged,East,,,2025,Good,5.0
T100255,C219, male ,60.0,Nakuru,Kisumu,2026-06-04,P605,Cooker,,BrandA,211.96,,5.0,0.0,,,,cash ,EMP19,,No,,27.0,Pickup,3.0,Not Returned,Damaged,South,,,2025,Average,4.0
T100256,C195,Female,60.0,Kisumu,Nairobi,2025-08-01,P245,Shoes, Clothing,BrandC,268.79,-2.0,110.0,0.0,-537.58,-283.02,-254.56,cash ,EMP8,New,Yes,Yes,-10.0,Pickup,,Not Returned,Changed Mind,East,,,2025,,2.0
T100257,C335,FEMALE,25.0,Mombasa,Kisumu,2025-05-18,P471,Jeans, Clothing,BrandC,-10.0,8.0,110.0,0.0,-80.0,-68.83,-11.17,Card,EMP21,New,YES,No,,Delivery,1.0,Returned,, north ,,,2025,,
T100258,C245,,-5.0,Nakuru,Nairobi,2025-12-25,P986,Jacket,Clothing,BrandC,288.49,8.0,10.0,369.27,2307.92,1346.38,961.54,Cash,EMP19,, no ,,,Delivery,4.0,Returned,, north ,,,2025,Average,4.0
T100259,C227,,45.0,Kisumu,Eldoret,2025-05-21,P603,Monitor,electronics,BrandC,238.55,-2.0,110.0,0.0,-477.1,-287.97,-189.13,Card,EMP10,Returning,YES,Yes,-10.0,Delivery,,Returned,Wrong Item,South,,,2025,,
T100260,C212, male ,,Kisumu,Eldoret,2025-09-15,P451,Shirt, Clothing,BrandC,78.12,,10.0,0.0,,,,Cash,EMP8,Returning,No,No,399.0,Delivery,3.0,Not Returned,Damaged, north ,,,2025,Bad,3.0
T100261,C93,FEMALE,60.0,Nairobi,Eldoret,2025-12-17,P556,Keyboard,,BrandB,,3.0,10.0,0.0,,,,Mobile,EMP17,,Yes,No,,Delivery,5.0,Returned,,West,,,2025,Bad,2.0
T100262,C269,Female,34.0,Eldoret,Nakuru,2025-02-04,P458,Bread,,BrandB,53.82,,5.0,0.0,,,,Cash,EMP7,,No,No,-10.0,Pickup,1.0,,Changed Mind,North,,,2025,Good,3.0
T100263,C441,FEMALE,34.0,Kisumu,Mombasa,2026-06-14,P696,Shirt, Clothing,BrandB,259.0,8.0,,331.52,2072.0,1559.28,512.72,Cash,EMP30,Returning,YES,No,-10.0,Pickup,4.0,Not Returned,Wrong Item,South,,,2025,Good,
T100264,C41,FEMALE,25.0,Eldoret,Nairobi,2025-11-22,P404,Table,,BrandB,171.82,10.0,0.0,274.91,1718.1999999999998,989.99,728.21,cash ,EMP9,Returning,YES,,425.0,Pickup,4.0,Returned,Damaged,South,,,2025,Bad,
T100265,C9,,,Nakuru,Eldoret,2025-02-14,P776,Table, Home,BrandB,,,,0.0,,,,Cash,EMP14,,YES,,-10.0,Pickup,4.0,Returned,Wrong Item,South,,,2025,Average,1.0
T100266,C54,FEMALE,18.0,Nakuru,Mombasa,2025-02-28,P604,Jeans,,BrandA,184.12,-2.0,15.0,0.0,-368.24,-245.86,-122.38,Card,EMP25,, no ,Yes,-10.0,Delivery,3.0,Returned,Wrong Item,North,,,2025,,
T100267,C169,Female,-5.0,Mombasa,Nairobi,2025-13-40,P148,Shirt,,BrandA,,,5.0,0.0,,,,Cash,EMP3,Returning, no ,,,Pickup,4.0,Not Returned,Wrong Item,South,,,2025,,4.0
T100268,C61, male ,34.0,Nairobi,Kisumu,2025-08-04,P702,Rice,Groceries,BrandB,-10.0,,0.0,0.0,,,,,EMP25,Returning,Yes,Yes,-10.0,,4.0,Returned,,South,,,2025,Bad,5.0
T100269,C370,Male,150.0,Nakuru,Nakuru,2025-13-40,P279,Table,Home,BrandB,,-2.0,0.0,0.0,,,,Cash,EMP8,,Yes,Yes,447.0,,3.0,Not Returned,Changed Mind,North,,,2025,Average,
T100270,C96, male ,25.0,Kisumu,Eldoret,2026-02-01,P937,Sugar,,BrandA,-10.0,,15.0,0.0,,,,Cash,EMP14,,No,Yes,-10.0,,5.0,Not Returned,Wrong Item,North,,,2025,Good,4.0
T100271,C112,,-5.0,Nairobi,Nakuru,2025-08-23,P726,Table,home,BrandC,366.48,,20.0,0.0,,,,,EMP11,,Yes,No,,Pickup,1.0,Not Returned,,Central,,,2025,Average,
T100272,C264, male ,60.0,Eldoret,Kisumu,2025-06-02,P557,Shirt,clothing,BrandB,164.41,8.0,5.0,210.44,1315.28,1112.03,203.25,Mobile,EMP23,Returning,No,,,Pickup,4.0,Returned,Wrong Item, north ,,,2025,Bad,2.0
T100273,C472, male ,34.0,Eldoret,Kisumu,2025-02-19,P798,Lamp,home,BrandB,490.48,-2.0,,0.0,-980.96,-633.74,-347.22,Mobile,EMP27,New,No,No,-10.0,,5.0,,Wrong Item,South,,,2025,Average,
T100274,C47,Female,25.0,Kisumu,Eldoret,2025-03-12,P611,Jacket, Clothing,BrandC,-10.0,,5.0,0.0,,,,Card,EMP10,Returning,YES,,,Pickup,,,Damaged,Central,,,2025,Good,1.0
T100275,C251,,-5.0,Nakuru,Nairobi,2026-03-17,P968,Bread, Groceries,BrandB,,9.0,,0.0,,,,Cash,EMP13,,YES,,,Pickup,,Returned,Changed Mind,East,,,2025,Bad,3.0
T100276,C138,Female,34.0,Eldoret,Eldoret,2026-03-23,P402,Mouse,electronics,BrandC,-10.0,1.0,20.0,0.0,-10.0,-5.75,-4.25,Cash,EMP18,New,Yes,Yes,,,4.0,Returned,,Central,,,2025,,2.0
T100277,C151,Male,34.0,Nakuru,Mombasa,2025-07-08,P655,Keyboard, Electronics,BrandB,326.87,2.0,0.0,104.6,653.74,484.35,169.39,Card,EMP5,Returning,No,No,206.0,Pickup,3.0,Not Returned,Wrong Item,Central,,,2025,Bad,5.0
T100278,C275,,25.0,Eldoret,Kisumu,2025-04-07,P724,Sugar,Groceries,BrandA,,6.0,15.0,0.0,,,,Mobile,EMP11,Returning,Yes,,50.0,Pickup,,Not Returned,Changed Mind,East,,,2025,Good,2.0
T100279,C165,,25.0,Kisumu,Nairobi,2025-02-14,P461,Shirt,,BrandC,174.94,-2.0,,0.0,-349.88,-238.88,-111.0,Mobile,EMP25,,YES,No,140.0,Pickup,3.0,,Damaged, north ,,,2025,Average,
T100280,C276,Male,34.0,Mombasa,Nairobi,2026-02-25,P796,Chair,home,BrandC,,,5.0,0.0,,,,cash ,EMP21,,Yes,Yes,26.0,Pickup,,Returned,Wrong Item,West,,,2025,Average,2.0
T100281,C18, male ,150.0,Mombasa,Eldoret,2026-05-14,P561,Cooker,home,BrandC,480.49,5.0,110.0,384.39,2402.45,1504.86,897.59,,EMP26,,YES,,,,,Not Returned,Wrong Item,North,,,2025,Bad,4.0
T100282,C165,Female,60.0,Nakuru,Nairobi,2025-04-01,P555,Lamp,,BrandC,326.07,10.0,0.0,521.71,3260.7,2242.08,1018.62,Mobile,EMP17,,YES,No,,Pickup,4.0,Returned,,North,,,2025,Bad,
T100283,C8,,150.0,Kisumu,Eldoret,2025-10-08,P498,Sugar, Groceries,BrandC,114.71,4.0,10.0,73.41,458.84,233.71,225.13,,EMP23,,No,No,-10.0,Delivery,4.0,Returned,Damaged,West,,,2025,Bad,2.0
T100284,C298, male ,-5.0,Nakuru,Eldoret,2025-04-24,P869,Monitor,Electronics,BrandB,,3.0,20.0,0.0,,,,Mobile,EMP30,,YES,No,72.0,Pickup,5.0,Returned,,Central,,,2025,Bad,2.0
T100285,C14,Male,60.0,Eldoret,Kisumu,2025-12-06,P174,Laptop,,BrandC,,6.0,10.0,0.0,,,,Mobile,EMP30,New,YES,No,-10.0,Delivery,1.0,Not Returned,Damaged,Central,,,2025,Good,2.0
T100286,C491,Male,,Nakuru,Mombasa,2025-12-23,P282,Chair, Home,BrandC,,-2.0,10.0,0.0,,,,Mobile,EMP27,, no ,,-10.0,Delivery,5.0,,Wrong Item,North,,,2025,Good,5.0
T100287,C350,Male,34.0,Mombasa,Kisumu,2026-03-16,P553,Mouse,electronics,BrandC,-10.0,-2.0,,0.0,20.0,14.73,5.27,Cash,EMP25,New,YES,No,9.0,Delivery,3.0,Returned,Wrong Item,Central,,,2025,Good,4.0
T100288,C162,FEMALE,34.0,Nakuru,Nakuru,2025-04-26,P817,Rice,groceries,BrandB,118.96,4.0,15.0,76.13,475.84,349.21,126.63,cash ,EMP26,Returning,No,,,,1.0,Not Returned,,North,,,2025,Good,
T100289,C313,FEMALE,,Mombasa,Nakuru,2026-01-22,P394,Bread,Groceries,BrandC,-10.0,3.0,15.0,0.0,-30.0,-26.72,-3.28,,EMP6,Returning,YES,Yes,,,2.0,Returned,, north ,,,2025,,5.0
T100290,C170,Male,25.0,Kisumu,Nairobi,2025-08-22,P587,Cooker,home,BrandC,395.06,,5.0,0.0,,,,cash ,EMP21,, no ,Yes,206.0,,1.0,,,South,,,2025,Good,5.0
T100291,C135,Female,18.0,Mombasa,Kisumu,2025-07-17,P862,Milk,Groceries,BrandA,166.05,-2.0,10.0,0.0,-332.1,-252.32,-79.78,Mobile,EMP1,,Yes,Yes,-10.0,,4.0,,,East,,,2025,Good,
T100292,C137,,,Nairobi,Kisumu,2026-04-21,P448,Table, Home,BrandA,,10.0,110.0,0.0,,,,Cash,EMP25,New, no ,Yes,-10.0,Pickup,,Not Returned,Damaged,North,,,2025,Bad,1.0
T100293,C167,,18.0,Eldoret,Nakuru,2025-08-15,P810,Chair,home,BrandC,260.49,,15.0,0.0,,,,Cash,EMP3,New,No,Yes,-10.0,Delivery,4.0,Returned,Changed Mind,West,,,2025,Average,5.0
T100294,C231,Female,60.0,Nairobi,Kisumu,2026-02-28,P854,Table,,BrandC,8.51,,10.0,0.0,,,,Card,EMP14,, no ,Yes,46.0,Pickup,3.0,,Damaged,West,,,2025,Good,
T100295,C216,FEMALE,45.0,Kisumu,Kisumu,2025-08-21,P252,Laptop, Electronics,BrandC,,4.0,20.0,0.0,,,,cash ,EMP30,New, no ,No,,Delivery,1.0,Not Returned,Wrong Item,Central,,,2025,Average,4.0
T100296,C114,Female,18.0,Mombasa,Nakuru,2025-03-17,P264,Jacket,Clothing,BrandC,,,5.0,0.0,,,,Mobile,EMP12,Returning,No,No,-10.0,,2.0,Not Returned,Wrong Item,West,,,2025,Bad,3.0
T100297,C42,FEMALE,,Mombasa,Nakuru,2025-01-03,P239,Jacket,Clothing,BrandC,-10.0,3.0,110.0,0.0,-30.0,-22.13,-7.87,cash ,EMP18,New,Yes,No,,,,Returned,,Central,,,2025,Good,
T100298,C441,FEMALE,60.0,Mombasa,Kisumu,2025-04-29,P514,Mouse,Electronics,BrandC,42.62,-2.0,5.0,0.0,-85.24,-57.77,-27.47,cash ,EMP8,Returning, no ,No,-10.0,,2.0,Returned,Wrong Item,East,,,2025,Average,
T100299,C40,FEMALE,-5.0,Kisumu,Nairobi,2025-07-09,P324,Milk,Groceries,BrandC,476.61,,5.0,0.0,,,,,EMP1,New,Yes,,,Pickup,1.0,Not Returned,Wrong Item,Central,,,2025,,5.0
T100300,C276,Male,60.0,Mombasa,Mombasa,2025-06-16,P268,Jacket,,BrandB,,,,0.0,,,,Card,EMP14,Returning,No,,363.0,Delivery,4.0,Not Returned,Changed Mind, north ,,,2025,Bad,4.0
T100301,C428, male ,60.0,Nairobi,Nakuru,2026-04-27,P595,Shoes,Clothing,BrandA,,-2.0,0.0,0.0,,,,Card,EMP15,Returning,YES,No,-10.0,,3.0,Not Returned,Wrong Item,West,,,2025,Good,
T100302,C421,Male,34.0,Mombasa,Mombasa,2026-05-21,P477,Keyboard,electronics,BrandB,-10.0,5.0,10.0,0.0,-50.0,-39.85,-10.15,Mobile,EMP13,New, no ,,,Pickup,,,Wrong Item,East,,,2025,Good,
T100303,C142,,45.0,Mombasa,Nakuru,2026-06-01,P377,Rice,groceries,BrandB,-10.0,-2.0,10.0,0.0,20.0,13.01,6.99,,EMP4,New, no ,Yes,,,,Not Returned,Damaged,North,,,2025,Good,3.0
T100304,C65,Male,34.0,Mombasa,Eldoret,2025-06-04,P609,Table,home,BrandA,-10.0,8.0,10.0,0.0,-80.0,-48.25,-31.75,cash ,EMP9,Returning,Yes,Yes,-10.0,,,,Wrong Item,Central,,,2025,Bad,1.0
T100305,C469,,,Mombasa,Nakuru,2025-05-21,P109,Shirt,clothing,BrandA,86.52,,110.0,0.0,,,,,EMP12,Returning,YES,Yes,-10.0,Delivery,1.0,Returned,,East,,,2025,,2.0
T100306,C166,,150.0,Mombasa,Mombasa,2025-04-18,P256,Shirt, Clothing,BrandB,255.55,3.0,,122.66,766.6500000000001,521.57,245.08,Cash,EMP25,, no ,Yes,33.0,Delivery,2.0,Returned,Damaged,South,,,2025,Average,1.0
T100307,C18,,34.0,Eldoret,Eldoret,2025-04-11,P200,Shirt,,BrandC,,-2.0,10.0,0.0,,,,cash ,EMP27,Returning,Yes,No,353.0,Pickup,4.0,Returned,Changed Mind,North,,,2025,Average,3.0
T100308,C355,Female,18.0,Eldoret,Mombasa,2025-05-02,P739,Keyboard,Electronics,BrandA,-10.0,6.0,5.0,0.0,-60.0,-44.38,-15.62,Cash,EMP6,Returning,YES,Yes,443.0,Pickup,3.0,Returned,Damaged,South,,,2025,Average,5.0
T100309,C148, male ,150.0,Eldoret,Nakuru,2025-03-23,P465,Chair,,BrandA,,2.0,0.0,0.0,,,,,EMP30,New,Yes,,231.0,Delivery,,Not Returned,,Central,,,2025,,5.0
T100310,C11,,60.0,Kisumu,Eldoret,2025-01-13,P713,Table,,BrandB,,,15.0,0.0,,,,Cash,EMP10,New,YES,Yes,261.0,,2.0,Not Returned,,South,,,2025,Bad,3.0
T100311,C319,Male,18.0,Kisumu,Kisumu,2025-03-14,P731,Jeans,,BrandB,469.39,,10.0,0.0,,,,Mobile,EMP6,Returning,YES,Yes,402.0,,4.0,,Damaged,North,,,2025,Average,5.0
T100312,C265, male ,60.0,Nairobi,Nakuru,2026-03-08,P154,Shirt,,BrandB,-10.0,,15.0,0.0,,,,Cash,EMP11,Returning,No,Yes,319.0,,5.0,Not Returned,Changed Mind,South,,,2025,Average,1.0
T100313,C197,FEMALE,18.0,Eldoret,Mombasa,2026-05-28,P145,Chair, Home,BrandA,193.58,,110.0,0.0,,,,Cash,EMP18,New,No,,,Pickup,3.0,Not Returned,,East,,,2025,Average,2.0
T100314,C168,Female,-5.0,Mombasa,Nakuru,2025-04-18,P827,Shirt,Clothing,BrandC,,2.0,15.0,0.0,,,,Card,EMP29,New,Yes,Yes,,,4.0,Not Returned,,North,,,2025,Bad,
T100315,C142,FEMALE,60.0,Eldoret,Mombasa,2025-08-16,P264,Milk,groceries,BrandB,,,10.0,0.0,,,,cash ,EMP12,, no ,Yes,-10.0,Delivery,1.0,Not Returned,Changed Mind,North,,,2025,Good,1.0
T100316,C107,,34.0,Nairobi,Nakuru,2026-05-09,P231,Table, Home,BrandB,,6.0,15.0,0.0,,,,Cash,EMP19,, no ,No,-10.0,,,Returned,Changed Mind,West,,,2025,Good,3.0
T100317,C380, male ,60.0,Eldoret,Mombasa,2025-06-12,P360,Keyboard,Electronics,BrandB,-10.0,-2.0,15.0,0.0,20.0,16.44,3.56,Mobile,EMP12,,Yes,,-10.0,Delivery,4.0,,,North,,,2025,Good,3.0
T100318,C480,,-5.0,Kisumu,Eldoret,2025-03-04,P626,Mouse,electronics,BrandA,-10.0,9.0,,0.0,-90.0,-53.03,-36.97,Cash,EMP12,Returning,Yes,,256.0,Delivery,2.0,Not Returned,Changed Mind,North,,,2025,Average,1.0
T100319,C168,Female,18.0,Eldoret,Eldoret,2026-01-09,P176,Sugar,,BrandA,,-2.0,,0.0,,,,Card,EMP29,,YES,,242.0,Pickup,5.0,,Wrong Item,North,,,2025,Bad,5.0
T100320,C413,,34.0,Kisumu,Nairobi,2026-04-24,P433,Milk,,BrandC,,6.0,5.0,0.0,,,,Card,EMP10,Returning,Yes,Yes,-10.0,Delivery,,Returned,Wrong Item,East,,,2025,,3.0
T100321,C73,Female,34.0,Eldoret,Eldoret,2026-06-23,P187,Mouse,,BrandB,,,10.0,0.0,,,,Cash,EMP2,Returning,No,,,,2.0,Not Returned,,North,,,2025,,4.0
T100322,C400,,-5.0,Mombasa,Kisumu,2025-07-14,P140,Lamp, Home,BrandC,427.5,,20.0,0.0,,,,Mobile,EMP6,Returning, no ,Yes,,,1.0,Not Returned,,West,,,2025,Bad,3.0
T100323,C152,Male,,Mombasa,Kisumu,2026-03-16,P288,Sugar,groceries,BrandC,,,110.0,0.0,,,,Mobile,EMP8,New,No,Yes,237.0,,,,Changed Mind,North,,,2025,Good,
T100324,C478, male ,25.0,Nairobi,Nairobi,2026-01-09,P509,Cooker,Home,BrandB,,,0.0,0.0,,,,Mobile,EMP12,,YES,Yes,107.0,Pickup,,,Wrong Item,East,,,2025,,2.0
T100325,C218,,34.0,Eldoret,Nakuru,2025-11-18,P381,Chair,home,BrandA,-10.0,3.0,20.0,0.0,-30.0,-18.23,-11.77,Mobile,EMP28,Returning,YES,,-10.0,Pickup,1.0,Returned,Wrong Item,Central,,,2025,Bad,1.0
T100326,C157,Female,18.0,Mombasa,Mombasa,2026-01-21,P749,Mouse,electronics,BrandA,,,5.0,0.0,,,,,EMP3,, no ,No,,Delivery,3.0,Not Returned,Damaged,West,,,2025,Good,4.0
T100327,C28,,45.0,Eldoret,Nairobi,2026-01-23,P237,Shirt,clothing,BrandC,,5.0,,0.0,,,,,EMP1,Returning,Yes,Yes,,,1.0,,,Central,,,2025,Average,1.0
T100328,C301,,,Mombasa,Nairobi,2026-02-20,P818,Cooker,,BrandA,-10.0,1.0,0.0,0.0,-10.0,-5.87,-4.13,cash ,EMP23,Returning,Yes,,,Delivery,4.0,,Damaged,West,,,2025,Bad,5.0
T100329,C430,,,Nakuru,Kisumu,2025-01-16,P914,Bread,,BrandC,484.56,8.0,10.0,620.24,3876.48,2761.48,1115.0,,EMP20,New,Yes,Yes,-10.0,,1.0,,Wrong Item,North,,,2025,Good,5.0
T100330,C486,,25.0,Eldoret,Nakuru,2025-01-27,P573,Rice,groceries,BrandB,,-2.0,15.0,0.0,,,,Card,EMP23,,Yes,,,Pickup,5.0,Not Returned,Changed Mind,East,,,2025,Good,5.0
T100331,C96,Female,-5.0,Eldoret,Eldoret,2025-05-29,P844,Mouse,electronics,BrandB,236.12,,15.0,0.0,,,,cash ,EMP10,Returning, no ,Yes,-10.0,Pickup,4.0,Not Returned,,East,,,2025,,1.0
T100332,C183,Female,25.0,Eldoret,Mombasa,2025-03-07,P142,Bread, Groceries,BrandC,148.02,,5.0,0.0,,,,Mobile,EMP6,,YES,Yes,-10.0,,2.0,,Damaged,North,,,2025,Good,
T100333,C44,Female,25.0,Eldoret,Nakuru,2025-07-07,P138,Monitor, Electronics,BrandB,,,5.0,0.0,,,,,EMP18,,Yes,,142.0,,4.0,Not Returned,,North,,,2025,Average,2.0
T100334,C287,Male,34.0,Mombasa,Nairobi,2026-01-11,P135,Table,Home,BrandA,,-2.0,110.0,0.0,,,,Card,EMP25,Returning,Yes,,63.0,Delivery,3.0,Returned,,South,,,2025,Bad,4.0
T100335,C112, male ,25.0,Mombasa,Mombasa,2026-06-24,P442,Monitor,Electronics,BrandB,89.72,9.0,5.0,129.2,807.48,586.23,221.25,Cash,EMP25,Returning,YES,Yes,-10.0,,3.0,,Wrong Item, north ,,,2025,,5.0
T100336,C169,Male,,Eldoret,Nakuru,2025-10-01,P671,Jeans,Clothing,BrandC,408.63,-2.0,5.0,0.0,-817.26,-615.18,-202.08,Card,EMP9,,YES,No,105.0,Pickup,4.0,,Changed Mind, north ,,,2025,Good,
T100337,C492,FEMALE,,Kisumu,Eldoret,2025-04-26,P669,Jacket,,BrandA,,9.0,110.0,0.0,,,,Card,EMP27,Returning,No,No,,Pickup,4.0,Returned,Damaged,East,,,2025,Average,1.0
T100338,C266,,45.0,Kisumu,Nakuru,2026-02-14,P964,Sugar,groceries,BrandB,,-2.0,20.0,0.0,,,,Mobile,EMP23,New,No,,265.0,Delivery,3.0,Not Returned,Wrong Item,East,,,2025,,1.0
T100339,C132,,150.0,Kisumu,Eldoret,2026-02-26,P561,Keyboard, Electronics,BrandC,412.93,-2.0,10.0,0.0,-825.86,-676.82,-149.04,Cash,EMP4,New,Yes,,-10.0,Pickup,1.0,Returned,Wrong Item, north ,,,2025,Bad,5.0
T100340,C413,FEMALE,34.0,Mombasa,Nairobi,2025-05-11,P346,Laptop,,BrandA,-10.0,,5.0,0.0,,,,Cash,EMP18,New,Yes,No,341.0,Delivery,,Returned,Changed Mind, north ,,,2025,Bad,5.0
T100341,C498,Male,34.0,Eldoret,Eldoret,2026-03-08,P970,Monitor,Electronics,BrandB,-10.0,,110.0,0.0,,,,,EMP12,,YES,,394.0,Pickup,4.0,Not Returned,,East,,,2025,,2.0
T100342,C65, male ,18.0,Eldoret,Kisumu,2025-01-29,P394,Lamp, Home,BrandB,,-2.0,0.0,0.0,,,,Cash,EMP28,New,No,,,Delivery,4.0,,Wrong Item,North,,,2025,Bad,1.0
T100343,C154,Male,150.0,Nairobi,Nakuru,2025-08-31,P147,Rice,Groceries,BrandB,-10.0,,,0.0,,,,Card,EMP5,,Yes,,-10.0,,2.0,,Changed Mind, north ,,,2025,,2.0
T100344,C454,,45.0,Eldoret,Eldoret,2025-06-26,P604,Cooker, Home,BrandB,,-2.0,110.0,0.0,,,,Card,EMP17,New, no ,Yes,,,,Returned,Wrong Item,Central,,,2025,Good,4.0
T100345,C211, male ,60.0,Kisumu,Mombasa,2025-05-03,P602,Chair, Home,BrandB,,9.0,15.0,0.0,,,,Card,EMP24,Returning,YES,,,Delivery,2.0,,Changed Mind,West,,,2025,Good,3.0
T100346,C470,,-5.0,Mombasa,Kisumu,2026-03-01,P243,Sugar,Groceries,BrandA,-10.0,-2.0,15.0,0.0,20.0,16.09,3.91,Card,EMP11,Returning,No,,-10.0,Pickup,,,,South,,,2025,Average,3.0
T100347,C128,FEMALE,34.0,Nairobi,Nairobi,2025-10-28,P661,Keyboard,electronics,BrandA,416.66,5.0,,333.33,2083.3,1638.61,444.69,Cash,EMP10,Returning,No,,,Pickup,2.0,,Wrong Item,South,,,2025,Average,2.0
T100348,C405,Male,60.0,Mombasa,Nairobi,2025-06-28,P263,Laptop,electronics,BrandA,45.16,,,0.0,,,,cash ,EMP20,Returning,Yes,Yes,-10.0,Delivery,,Returned,Damaged,North,,,2025,Average,5.0
T100349,C372,Male,,Kisumu,Mombasa,2025-04-28,P882,Sugar,Groceries,BrandA,,,110.0,0.0,,,,Mobile,EMP2,Returning,YES,,231.0,Pickup,5.0,Not Returned,Wrong Item, north ,,,2025,,
T100350,C440, male ,45.0,Nakuru,Mombasa,2025-13-40,P965,Cooker,home,BrandA,-10.0,1.0,5.0,0.0,-10.0,-6.34,-3.66,,EMP7,,Yes,No,231.0,,5.0,Not Returned,Damaged,East,,,2025,Good,1.0
T100351,C75,,34.0,Mombasa,Nairobi,2025-05-18,P371,Sugar, Groceries,BrandB,,,20.0,0.0,,,,Mobile,EMP21,Returning,Yes,No,396.0,Pickup,,Not Returned,Damaged,East,,,2025,,
T100352,C413,Female,34.0,Mombasa,Nakuru,2025-12-17,P246,Laptop, Electronics,BrandC,398.67,,110.0,0.0,,,,Card,EMP13,Returning,Yes,Yes,214.0,Pickup,1.0,Returned,Wrong Item,North,,,2025,Bad,5.0
T100353,C297,FEMALE,-5.0,Nairobi,Eldoret,2026-02-19,P284,Jeans,Clothing,BrandA,,,5.0,0.0,,,,,EMP18,,Yes,No,57.0,,5.0,Not Returned,Changed Mind, north ,,,2025,Good,5.0
T100354,C68,Male,150.0,Eldoret,Eldoret,2025-04-03,P871,Lamp, Home,BrandB,-10.0,-2.0,0.0,0.0,20.0,14.51,5.49,Cash,EMP13,New,No,Yes,315.0,Pickup,5.0,Returned,Wrong Item,East,,,2025,Bad,
T100355,C230,Male,18.0,Mombasa,Kisumu,2025-03-10,P895,Laptop, Electronics,BrandA,,2.0,,0.0,,,,Cash,EMP3,New, no ,,,Delivery,2.0,,Changed Mind,South,,,2025,Bad,2.0
T100356,C245, male ,,Eldoret,Nakuru,2025-06-27,P604,Shoes,clothing,BrandA,313.5,-2.0,0.0,0.0,-627.0,-456.47,-170.53,,EMP29,Returning,No,Yes,,Delivery,3.0,Not Returned,Wrong Item,Central,,,2025,Bad,4.0
T100357,C68,,,Nairobi,Nairobi,2025-02-07,P284,Bread,,BrandC,-10.0,-2.0,20.0,0.0,20.0,12.72,7.28,Card,EMP28,Returning,YES,Yes,,Delivery,2.0,,Wrong Item,South,,,2025,Bad,1.0
T100358,C450, male ,34.0,Mombasa,Kisumu,2025-12-10,P603,Monitor, Electronics,BrandB,-10.0,-2.0,15.0,0.0,20.0,14.19,5.81,Cash,EMP14,New,Yes,,251.0,Delivery,,,,Central,,,2025,,1.0
T100359,C188,Female,34.0,Kisumu,Kisumu,2025-07-17,P444,Keyboard, Electronics,BrandA,88.06,,15.0,0.0,,,,Card,EMP3,Returning,YES,Yes,,,2.0,Returned,,West,,,2025,Average,2.0
T100360,C69,Male,,Nairobi,Mombasa,2025-05-14,P558,Monitor,electronics,BrandC,,-2.0,20.0,0.0,,,,Mobile,EMP7,Returning, no ,,,Pickup,5.0,Returned,Changed Mind, north ,,,2025,Good,1.0
T100361,C492,Female,,Kisumu,Kisumu,2025-03-03,P205,Chair, Home,BrandB,-10.0,,0.0,0.0,,,,Cash,EMP18,,Yes,,,,2.0,,Damaged,Central,,,2025,Bad,2.0
T100362,C136,FEMALE,60.0,Kisumu,Kisumu,2025-01-10,P733,Rice,,BrandB,-10.0,,0.0,0.0,,,,cash ,EMP23,Returning,No,No,172.0,Delivery,3.0,,Wrong Item,South,,,2025,Good,2.0
T100363,C370,Female,,Mombasa,Nakuru,2025-11-25,P380,Jeans,,BrandC,,-2.0,110.0,0.0,,,,,EMP5,,YES,Yes,,,,,Damaged,West,,,2025,,1.0
T100364,C243,Male,,Nairobi,Nakuru,2025-08-22,P723,Milk,Groceries,BrandB,,1.0,5.0,0.0,,,,,EMP17,Returning,No,,402.0,,4.0,Returned,Wrong Item,North,,,2025,Bad,3.0
T100365,C291,Male,-5.0,Eldoret,Eldoret,2025-11-25,P822,Cooker, Home,BrandB,,,0.0,0.0,,,,Mobile,EMP22,,Yes,No,,,4.0,Not Returned,Changed Mind,East,,,2025,,4.0
T100366,C137,FEMALE,25.0,Kisumu,Mombasa,2026-02-27,P701,Table,,BrandB,,6.0,5.0,0.0,,,,Cash,EMP3,New,YES,,75.0,Pickup,4.0,Returned,Changed Mind,Central,,,2025,Bad,
T100367,C159,FEMALE,-5.0,Nairobi,Mombasa,2026-05-11,P603,Jeans,Clothing,BrandB,-10.0,,110.0,0.0,,,,Card,EMP15,, no ,,-10.0,Pickup,2.0,Not Returned,Wrong Item, north ,,,2025,Bad,1.0
T100368,C486,Female,150.0,Mombasa,Kisumu,2025-02-16,P330,Jacket,,BrandA,-10.0,,0.0,0.0,,,,,EMP15,Returning,Yes,,13.0,Pickup,4.0,Not Returned,,South,,,2025,Average,4.0
T100369,C480,Female,,Eldoret,Mombasa,2026-03-07,P121,Bread, Groceries,BrandA,,,0.0,0.0,,,,Card,EMP5,,Yes,Yes,,Delivery,1.0,Returned,Changed Mind,East,,,2025,Bad,1.0
T100370,C114,Female,150.0,Eldoret,Nakuru,2026-02-07,P581,Shirt, Clothing,BrandC,-10.0,-2.0,5.0,0.0,20.0,16.5,3.5,Card,EMP27,Returning,No,Yes,-10.0,Delivery,,Not Returned,Changed Mind, north ,,,2025,Average,
T100371,C478, male ,18.0,Kisumu,Nairobi,2025-02-08,P789,Table, Home,BrandB,-10.0,-2.0,,0.0,20.0,10.0,10.0,Cash,EMP5,, no ,,-10.0,Delivery,3.0,Not Returned,, north ,,,2025,,3.0
T100372,C180,FEMALE,18.0,Eldoret,Kisumu,2025-04-20,P630,Sugar,Groceries,BrandC,,7.0,,0.0,,,,Card,EMP12,, no ,,-10.0,Delivery,5.0,Returned,Wrong Item,Central,,,2025,Average,
T100373,C250,Female,34.0,Mombasa,Nairobi,2026-04-14,P490,Sugar, Groceries,BrandB,-10.0,,,0.0,,,,,EMP22,New,YES,No,,,1.0,Not Returned,Wrong Item,North,,,2025,Bad,1.0
T100374,C215, male ,-5.0,Kisumu,Mombasa,2025-09-08,P521,Mouse,electronics,BrandC,-10.0,-2.0,15.0,0.0,20.0,15.81,4.19,Cash,EMP6,New,YES,Yes,-10.0,Delivery,2.0,Not Returned,Damaged,Central,,,2025,,
T100375,C135,,-5.0,Mombasa,Nakuru,2025-02-23,P301,Rice,Groceries,BrandC,289.73,,0.0,0.0,,,,Cash,EMP18,, no ,,,,4.0,Returned,,Central,,,2025,,3.0
T100376,C404,Female,,Mombasa,Kisumu,2026-02-27,P299,Sugar, Groceries,BrandA,,10.0,5.0,0.0,,,,Cash,EMP26,New,YES,No,,,2.0,Not Returned,Changed Mind,North,,,2025,Bad,1.0
T100377,C25, male ,-5.0,Nairobi,Kisumu,2025-04-18,P259,Jacket,Clothing,BrandA,-10.0,9.0,20.0,0.0,-90.0,-62.93,-27.07,cash ,EMP14,,Yes,Yes,-10.0,Pickup,,Not Returned,Changed Mind,Central,,,2025,,4.0
T100378,C206,Female,25.0,Kisumu,Mombasa,2025-12-11,P764,Shoes,,BrandA,-10.0,,10.0,0.0,,,,Mobile,EMP4,,No,Yes,-10.0,,2.0,Returned,Wrong Item,West,,,2025,Average,5.0
T100379,C251,Male,150.0,Eldoret,Mombasa,2026-04-17,P883,Jacket, Clothing,BrandC,,-2.0,5.0,0.0,,,,cash ,EMP19,New,No,,,Delivery,,Not Returned,Changed Mind,West,,,2025,Bad,3.0
T100380,C51,FEMALE,,Nakuru,Nairobi,2025-03-16,P993,Mouse, Electronics,BrandA,,-2.0,,0.0,,,,,EMP28,,Yes,No,,Pickup,,Not Returned,,Central,,,2025,Good,5.0
T100381,C319,,18.0,Nairobi,Kisumu,2025-04-29,P267,Mouse,,BrandA,407.98,-2.0,,0.0,-815.96,-448.62,-367.34,Cash,EMP4,New,No,,-10.0,Delivery,4.0,,Damaged,Central,,,2025,Bad,3.0
T100382,C449, male ,25.0,Nairobi,Mombasa,2025-04-29,P765,Laptop,,BrandA,424.05,1.0,15.0,67.85,424.05,348.89,75.16,,EMP24,,Yes,No,-10.0,Pickup,5.0,Not Returned,Wrong Item,West,,,2025,Good,3.0
T100383,C223,,25.0,Kisumu,Kisumu,2025-08-24,P397,Laptop,electronics,BrandB,259.32,5.0,10.0,207.46,1296.6,756.97,539.63,,EMP9,,Yes,,-10.0,Pickup,,Returned,Damaged,East,,,2025,Bad,4.0
T100384,C12,FEMALE,34.0,Mombasa,Nairobi,2026-04-04,P507,Keyboard,Electronics,BrandB,-10.0,-2.0,20.0,0.0,20.0,15.53,4.47,,EMP27,New,YES,No,212.0,,4.0,Returned,Wrong Item,West,,,2025,Bad,5.0
T100385,C421, male ,34.0,Eldoret,Nairobi,2025-06-08,P422,Shirt,clothing,BrandC,153.46,,110.0,0.0,,,,Cash,EMP10,,YES,No,,,4.0,Returned,Changed Mind, north ,,,2025,,5.0
T100386,C330, male ,34.0,Nakuru,Nairobi,2026-03-12,P942,Jeans,,BrandC,431.97,,0.0,0.0,,,,Cash,EMP15,,Yes,,,Pickup,5.0,Returned,Damaged, north ,,,2025,Bad,2.0
T100387,C423,,150.0,Nairobi,Eldoret,2025-10-22,P481,Chair,,BrandC,,3.0,110.0,0.0,,,,Card,EMP12,New,No,,233.0,,4.0,,Damaged,East,,,2025,Good,2.0
T100388,C316,Female,,Nakuru,Eldoret,2026-06-16,P796,Chair,home,BrandB,266.06,,5.0,0.0,,,,cash ,EMP29,New, no ,,-10.0,Pickup,1.0,,, north ,,,2025,Bad,4.0
T100389,C133, male ,-5.0,Eldoret,Eldoret,2025-11-22,P618,Cooker,home,BrandB,-10.0,-2.0,,0.0,20.0,12.58,7.42,,EMP26,New,No,,-10.0,Pickup,4.0,Returned,Damaged,East,,,2025,,2.0
T100390,C93,FEMALE,60.0,Mombasa,Mombasa,2025-12-07,P457,Shirt,Clothing,BrandB,-10.0,-2.0,110.0,0.0,20.0,12.71,7.29,,EMP15,New,Yes,,-10.0,Delivery,5.0,,,West,,,2025,Average,
T100391,C440,,25.0,Kisumu,Kisumu,2025-11-18,P569,Rice, Groceries,BrandC,-10.0,,110.0,0.0,,,,Mobile,EMP26,Returning,No,Yes,-10.0,,2.0,Returned,Wrong Item,East,,,2025,Good,1.0
T100392,C397,Female,-5.0,Mombasa,Nairobi,2025-12-04,P710,Cooker,home,BrandB,343.26,,15.0,0.0,,,,Mobile,EMP22,Returning,Yes,,494.0,Delivery,3.0,Not Returned,,East,,,2025,Bad,5.0
T100393,C316,FEMALE,,Nakuru,Nairobi,2026-02-21,P830,Shirt,Clothing,BrandA,,,0.0,0.0,,,,Mobile,EMP10,New,No,Yes,207.0,Pickup,1.0,Returned,,South,,,2025,Good,2.0
T100394,C182,FEMALE,45.0,Nakuru,Kisumu,2025-07-05,P865,Keyboard,electronics,BrandA,236.35,-2.0,15.0,0.0,-472.7,-347.74,-124.96,Card,EMP12,,Yes,Yes,-10.0,Delivery,5.0,Returned,Changed Mind,North,,,2025,Average,
T100395,C321,Female,-5.0,Nairobi,Kisumu,2025-07-18,P304,Rice,Groceries,BrandC,,5.0,20.0,0.0,,,,Mobile,EMP13,Returning,YES,,,,2.0,Not Returned,Wrong Item,West,,,2025,Bad,
T100396,C96,FEMALE,60.0,Eldoret,Nakuru,2025-03-14,P829,Cooker,,BrandB,-10.0,,110.0,0.0,,,,cash ,EMP22,New,YES,Yes,,,4.0,Not Returned,,West,,,2025,Good,2.0
T100397,C291,,,Nairobi,Nairobi,2025-01-03,P991,Monitor,electronics,BrandA,,-2.0,20.0,0.0,,,,Cash,EMP19,Returning, no ,,-10.0,Delivery,2.0,Not Returned,Damaged,North,,,2025,,1.0
T100398,C132,,-5.0,Nairobi,Nakuru,2025-04-06,P484,Rice,Groceries,BrandB,-10.0,5.0,10.0,0.0,-50.0,-27.02,-22.98,Mobile,EMP3,New,YES,Yes,-10.0,Delivery,4.0,,Damaged,North,,,2025,Average,
T100399,C283,FEMALE,150.0,Kisumu,Kisumu,2025-12-20,P340,Mouse,,BrandB,-10.0,,0.0,0.0,,,,Card,EMP15,,YES,,,Delivery,,,Wrong Item,West,,,2025,,3.0
T100400,C291,FEMALE,34.0,Mombasa,Nairobi,2025-08-17,P951,Jeans,Clothing,BrandB,,-2.0,0.0,0.0,,,,cash ,EMP25,New,YES,No,,Pickup,,Returned,,East,,,2025,Good,4.0
T100401,C11,FEMALE,150.0,Kisumu,Nakuru,2026-03-10,P722,Lamp, Home,BrandB,-10.0,-2.0,20.0,0.0,20.0,15.06,4.94,,EMP22,Returning, no ,Yes,58.0,Pickup,4.0,Not Returned,, north ,,,2025,,3.0
T100402,C265,Female,60.0,Mombasa,Nakuru,2026-04-30,P195,Laptop, Electronics,BrandC,448.4,-2.0,15.0,0.0,-896.8,-563.82,-332.98,Cash,EMP14,Returning,No,Yes,426.0,,3.0,Not Returned,,South,,,2025,Good,
T100403,C254,FEMALE,34.0,Nairobi,Nakuru,2025-03-19,P769,Monitor,Electronics,BrandA,215.62,,20.0,0.0,,,,Card,EMP13,Returning, no ,Yes,,Delivery,,,,East,,,2025,Average,1.0
T100404,C19, male ,34.0,Eldoret,Nakuru,2025-04-25,P271,Milk,Groceries,BrandC,,10.0,110.0,0.0,,,,Card,EMP14,Returning,Yes,No,,Pickup,,Not Returned,Changed Mind, north ,,,2025,Average,2.0
T100405,C25,Male,25.0,Mombasa,Kisumu,2025-03-11,P660,Shirt,,BrandA,-10.0,-2.0,0.0,0.0,20.0,11.6,8.4,cash ,EMP21,,No,No,289.0,Delivery,,,Damaged,West,,,2025,Bad,4.0
T100406,C408,FEMALE,60.0,Kisumu,Nakuru,2026-05-20,P317,Mouse,electronics,BrandB,221.11,,110.0,0.0,,,,cash ,EMP27,,No,No,-10.0,,4.0,Not Returned,,South,,,2025,Bad,
T100407,C350, male ,150.0,Mombasa,Nairobi,2026-06-25,P503,Jacket,,BrandB,-10.0,-2.0,20.0,0.0,20.0,15.92,4.08,Mobile,EMP30,New, no ,,,Delivery,3.0,Returned,Wrong Item,Central,,,2025,,5.0
T100408,C172,Female,-5.0,Nakuru,Kisumu,2025-02-05,P951,Table,,BrandC,490.62,-2.0,10.0,0.0,-981.24,-695.51,-285.73,,EMP19,, no ,Yes,-10.0,Delivery,4.0,Not Returned,Damaged,West,,,2025,,5.0
T100409,C230,,150.0,Kisumu,Mombasa,2025-02-11,P517,Table,,BrandB,,1.0,110.0,0.0,,,,,EMP14,Returning,No,No,,,1.0,,Changed Mind,Central,,,2025,Bad,
T100410,C290,Female,45.0,Kisumu,Kisumu,2026-06-20,P386,Table,Home,BrandA,,-2.0,110.0,0.0,,,,Card,EMP17,,No,No,,Pickup,,,Wrong Item,West,,,2025,Good,2.0
T100411,C95,Female,150.0,Eldoret,Mombasa,2026-01-12,P762,Bread, Groceries,BrandA,,7.0,,0.0,,,,Card,EMP5,New,No,,-10.0,Pickup,2.0,,Wrong Item,Central,,,2025,,1.0
T100412,C125,Female,,Nakuru,Mombasa,2026-05-19,P394,Bread,groceries,BrandA,,7.0,10.0,0.0,,,,Cash,EMP14,,No,No,-10.0,Delivery,4.0,Not Returned,,South,,,2025,Average,1.0
T100413,C211, male ,150.0,Mombasa,Mombasa,2025-08-15,P153,Keyboard,electronics,BrandA,-10.0,-2.0,10.0,0.0,20.0,13.2,6.8,cash ,EMP21,,YES,Yes,364.0,Pickup,5.0,,,West,,,2025,Good,2.0
T100414,C164,FEMALE,-5.0,Nairobi,Eldoret,2025-07-29,P143,Milk, Groceries,BrandB,-10.0,,0.0,0.0,,,,cash ,EMP6,New, no ,No,330.0,Pickup,2.0,Not Returned,Wrong Item,South,,,2025,Average,5.0
T100415,C224, male ,25.0,Mombasa,Kisumu,2026-03-23,P753,Table,home,BrandB,,1.0,20.0,0.0,,,,Mobile,EMP29,New,No,No,-10.0,Delivery,2.0,,Damaged,Central,,,2025,Good,2.0
T100416,C361, male ,25.0,Nairobi,Eldoret,2025-05-14,P505,Lamp, Home,BrandB,-10.0,5.0,,0.0,-50.0,-31.68,-18.32,Card,EMP21,, no ,Yes,,,,Returned,,Central,,,2025,Good,3.0
T100417,C312,FEMALE,25.0,Nairobi,Eldoret,2025-10-26,P717,Laptop,,BrandB,210.04,-2.0,110.0,0.0,-420.08,-301.83,-118.25,,EMP10,Returning,No,,246.0,,4.0,,Changed Mind,East,,,2025,Good,5.0
T100418,C94,,-5.0,Mombasa,Kisumu,2025-07-15,P633,Cooker,home,BrandB,,,20.0,0.0,,,,Cash,EMP14,New,No,,,Delivery,5.0,Returned,Wrong Item, north ,,,2025,Good,3.0
T100419,C467,FEMALE,60.0,Nakuru,Kisumu,2026-01-04,P131,Shoes,clothing,BrandB,-10.0,-2.0,10.0,0.0,20.0,14.64,5.36,Cash,EMP12,,Yes,Yes,,Delivery,,,Damaged, north ,,,2025,Good,1.0
T100420,C36, male ,,Nairobi,Nairobi,2026-03-13,P158,Keyboard,,BrandC,48.27,,110.0,0.0,,,,,EMP30,Returning,YES,Yes,,Pickup,3.0,Returned,Wrong Item,West,,,2025,,5.0
T100421,C459,Male,150.0,Kisumu,Kisumu,2025-10-11,P101,Shoes,Clothing,BrandC,-10.0,-2.0,10.0,0.0,20.0,14.74,5.26,cash ,EMP10,New,YES,,-10.0,,3.0,,Changed Mind, north ,,,2025,Bad,3.0
T100422,C438, male ,18.0,Nairobi,Eldoret,2025-08-09,P664,Keyboard,Electronics,BrandA,135.33,3.0,20.0,64.96,405.99,268.24,137.75,,EMP14,New,No,No,,Pickup,5.0,Not Returned,Wrong Item,West,,,2025,,2.0
T100423,C163,FEMALE,45.0,Kisumu,Kisumu,2025-06-22,P104,Monitor,,BrandC,-10.0,6.0,,0.0,-60.0,-48.88,-11.12,Cash,EMP25,,No,,-10.0,Delivery,5.0,,,South,,,2025,,3.0
T100424,C120,,25.0,Nairobi,Eldoret,2026-03-09,P140,Jacket,clothing,BrandB,99.47,,110.0,0.0,,,,Mobile,EMP9,Returning,Yes,No,-10.0,Delivery,5.0,,,North,,,2025,,
T100425,C280,FEMALE,25.0,Eldoret,Nairobi,2025-10-19,P347,Shirt,,BrandB,110.43,,0.0,0.0,,,,,EMP1,Returning,YES,,318.0,,3.0,Returned,,East,,,2025,Average,3.0
T100426,C349,Female,,Kisumu,Nairobi,2025-11-08,P331,Monitor,electronics,BrandB,-10.0,-2.0,0.0,0.0,20.0,16.8,3.2,Cash,EMP17,Returning,No,Yes,50.0,Delivery,3.0,,,West,,,2025,Good,2.0
T100427,C13,FEMALE,-5.0,Nakuru,Nakuru,2025-01-03,P323,Mouse, Electronics,BrandA,,,20.0,0.0,,,,Mobile,EMP15,,Yes,,,Delivery,4.0,Not Returned,Wrong Item,East,,,2025,Bad,4.0
T100428,C288,,25.0,Nairobi,Mombasa,2025-09-20,P883,Bread,groceries,BrandA,-10.0,5.0,5.0,0.0,-50.0,-33.65,-16.35,Cash,EMP6,Returning,Yes,,-10.0,Pickup,5.0,Returned,Damaged,South,,,2025,Good,5.0
T100429,C170, male ,45.0,Nakuru,Nairobi,2026-02-07,P509,Shoes,clothing,BrandB,,-2.0,110.0,0.0,,,,cash ,EMP6,New,Yes,Yes,,,2.0,Returned,,East,,,2025,,4.0
T100430,C30,Female,60.0,Mombasa,Eldoret,2026-06-07,P820,Shirt,,BrandC,-10.0,1.0,5.0,0.0,-10.0,-5.13,-4.87,Card,EMP12,New,No,No,,Delivery,3.0,Not Returned,Wrong Item,North,,,2025,Good,2.0
T100431,C262,,,Eldoret,Eldoret,2026-03-24,P909,Keyboard,,BrandA,-10.0,,10.0,0.0,,,,Mobile,EMP26,Returning,YES,,84.0,Delivery,2.0,Returned,Damaged, north ,,,2025,Bad,5.0
T100432,C450, male ,45.0,Mombasa,Mombasa,2025-12-19,P537,Jeans,Clothing,BrandA,262.6,-2.0,10.0,0.0,-525.2,-313.44,-211.76,,EMP7,New, no ,Yes,412.0,Pickup,4.0,,Damaged,Central,,,2025,Average,4.0
T100433,C223,,34.0,Nakuru,Kisumu,2026-03-06,P927,Lamp,home,BrandA,-10.0,10.0,5.0,0.0,-100.0,-53.41,-46.59,Card,EMP26,Returning,Yes,,464.0,,,Not Returned,Changed Mind,South,,,2025,,4.0
T100434,C316, male ,,Eldoret,Nakuru,2025-04-29,P552,Jacket, Clothing,BrandA,371.85,-2.0,,0.0,-743.7,-610.43,-133.27,Mobile,EMP24,,Yes,No,,,4.0,Not Returned,Wrong Item,North,,,2025,Bad,4.0
T100435,C381, male ,150.0,Eldoret,Mombasa,2025-01-20,P355,Shirt,clothing,BrandC,16.62,-2.0,0.0,0.0,-33.24,-23.65,-9.59,,EMP18,, no ,No,106.0,,1.0,Not Returned,Damaged, north ,,,2025,,2.0
T100436,C391,FEMALE,150.0,Nakuru,Eldoret,2026-04-28,P316,Mouse,,BrandA,401.94,,110.0,0.0,,,,Mobile,EMP23,New,YES,Yes,,Delivery,,Not Returned,Changed Mind,West,,,2025,,5.0
T100437,C328,,25.0,Nakuru,Nairobi,2026-04-19,P277,Cooker, Home,BrandB,439.94,-2.0,5.0,0.0,-879.88,-677.01,-202.87,Cash,EMP26,, no ,No,,Pickup,4.0,Returned,Changed Mind, north ,,,2025,Average,5.0
T100438,C490,FEMALE,,Eldoret,Nakuru,2025-12-04,P514,Cooker,,BrandA,,-2.0,20.0,0.0,,,,Cash,EMP16,Returning,YES,,85.0,,,,,West,,,2025,,2.0
T100439,C125,Male,-5.0,Nairobi,Kisumu,2026-04-22,P509,Rice,,BrandB,-10.0,,15.0,0.0,,,,Cash,EMP5,,YES,No,-10.0,Delivery,3.0,Returned,Changed Mind,North,,,2025,Good,
T100440,C498,,45.0,Mombasa,Nairobi,2025-08-04,P494,Sugar,Groceries,BrandB,255.83,5.0,,204.66,1279.15,794.84,484.31,,EMP11,New,YES,No,-10.0,Pickup,3.0,Not Returned,, north ,,,2025,Good,
T100441,C328,Female,18.0,Nairobi,Kisumu,2025-13-40,P451,Sugar, Groceries,BrandC,,,110.0,0.0,,,,Cash,EMP28,New,Yes,Yes,-10.0,,1.0,,,West,,,2025,Average,1.0
T100442,C311,FEMALE,150.0,Kisumu,Eldoret,2025-10-24,P128,Sugar,Groceries,BrandB,-10.0,,5.0,0.0,,,,cash ,EMP5,New,No,No,28.0,Pickup,2.0,Returned,Changed Mind,Central,,,2025,Bad,
T100443,C479,Male,45.0,Nakuru,Eldoret,2025-04-22,P367,Jacket,clothing,BrandC,,-2.0,15.0,0.0,,,,cash ,EMP1,Returning,No,Yes,,Pickup,4.0,,,East,,,2025,Bad,5.0
T100444,C369,Male,,Kisumu,Mombasa,2026-04-03,P558,Chair,Home,BrandA,196.71,,20.0,0.0,,,,Cash,EMP30,New,Yes,No,,Pickup,1.0,,Wrong Item,East,,,2025,,5.0
T100445,C119,,18.0,Nairobi,Nairobi,2025-05-12,P204,Table,Home,BrandB,-10.0,,,0.0,,,,Mobile,EMP6,,Yes,,,,5.0,,Changed Mind,West,,,2025,Good,4.0
T100446,C84,,150.0,Kisumu,Nairobi,2025-08-27,P851,Mouse,electronics,BrandB,,,110.0,0.0,,,,Card,EMP8,Returning,YES,Yes,44.0,Delivery,1.0,Returned,Wrong Item,East,,,2025,Bad,3.0
T100447,C436,,45.0,Mombasa,Nakuru,2025-08-29,P277,Sugar, Groceries,BrandB,,10.0,15.0,0.0,,,,Card,EMP9,,No,Yes,-10.0,Delivery,4.0,Returned,Damaged,North,,,2025,Good,2.0
T100448,C41, male ,34.0,Eldoret,Eldoret,2025-03-18,P287,Milk, Groceries,BrandB,289.83,-2.0,0.0,0.0,-579.66,-374.98,-204.68,,EMP25,, no ,,-10.0,Pickup,2.0,,,Central,,,2025,Good,3.0
T100449,C33,FEMALE,,Mombasa,Nakuru,2026-05-17,P495,Cooker,home,BrandA,,-2.0,5.0,0.0,,,,Cash,EMP27,New, no ,,453.0,,4.0,Not Returned,Damaged,East,,,2025,Average,3.0
T100450,C89,,25.0,Eldoret,Mombasa,2025-08-11,P457,Sugar,,BrandC,311.41,,10.0,0.0,,,,Mobile,EMP4,Returning,YES,,258.0,Pickup,1.0,,,West,,,2025,Average,5.0
T100451,C62,Female,34.0,Mombasa,Mombasa,2025-12-29,P925,Chair,,BrandA,-10.0,2.0,20.0,0.0,-20.0,-13.29,-6.71,,EMP3,Returning,Yes,No,,Pickup,1.0,,Wrong Item,West,,,2025,Bad,2.0
T100452,C327,Female,25.0,Nakuru,Mombasa,2026-02-06,P303,Lamp, Home,BrandC,-10.0,2.0,20.0,0.0,-20.0,-17.61,-2.39,,EMP17,,YES,Yes,,,1.0,,,Central,,,2025,Bad,4.0
T100453,C331,Male,25.0,Nairobi,Nairobi,2025-11-16,P192,Milk,,BrandA,,,0.0,0.0,,,,Card,EMP15,New,YES,No,66.0,Pickup,,Returned,, north ,,,2025,,3.0
T100454,C60,FEMALE,,Nairobi,Mombasa,2025-01-24,P691,Monitor, Electronics,BrandB,-10.0,6.0,5.0,0.0,-60.0,-39.92,-20.08,Cash,EMP28,New,No,,,,1.0,,Wrong Item, north ,,,2025,Average,4.0
T100455,C472,Female,60.0,Mombasa,Kisumu,2026-01-29,P207,Bread,Groceries,BrandC,-10.0,-2.0,5.0,0.0,20.0,11.29,8.71,,EMP26,New,YES,No,-10.0,Pickup,3.0,Not Returned,Damaged,South,,,2025,Average,4.0
T100456,C35,Female,60.0,Kisumu,Eldoret,2025-08-28,P785,Table,Home,BrandA,,-2.0,10.0,0.0,,,,,EMP21,Returning,Yes,,-10.0,Delivery,,Returned,Damaged, north ,,,2025,Good,3.0
T100457,C137,Female,60.0,Kisumu,Kisumu,2025-05-18,P918,Rice,groceries,BrandC,-10.0,7.0,0.0,0.0,-70.0,-62.01,-7.99,cash ,EMP20,Returning,No,,,,5.0,Returned,Changed Mind,North,,,2025,Average,3.0
T100458,C16,FEMALE,150.0,Nakuru,Mombasa,2025-12-16,P603,Keyboard,Electronics,BrandC,458.08,-2.0,110.0,0.0,-916.16,-747.44,-168.72,Cash,EMP2,,No,No,,,1.0,Returned,Wrong Item,West,,,2025,,1.0
T100459,C468,,34.0,Mombasa,Kisumu,2026-04-08,P592,Rice,groceries,BrandB,,,,0.0,,,,Cash,EMP11,,No,No,,Pickup,3.0,Not Returned,Damaged,South,,,2025,Average,2.0
T100460,C171,Female,,Nakuru,Kisumu,2025-09-24,P800,Mouse,Electronics,BrandA,-10.0,,20.0,0.0,,,,,EMP22,, no ,Yes,400.0,Pickup,,Returned,Damaged, north ,,,2025,Good,
T100461,C289,FEMALE,60.0,Kisumu,Kisumu,2026-02-06,P296,Jeans,Clothing,BrandA,,6.0,0.0,0.0,,,,cash ,EMP3,Returning,No,Yes,333.0,Delivery,1.0,,Changed Mind, north ,,,2025,Good,1.0
T100462,C77, male ,25.0,Mombasa,Nairobi,2025-04-03,P282,Laptop,electronics,BrandC,380.9,-2.0,110.0,0.0,-761.8,-446.15,-315.65,,EMP11,Returning,Yes,No,,Delivery,3.0,,Damaged, north ,,,2025,,2.0
T100463,C431, male ,45.0,Eldoret,Kisumu,2026-06-12,P568,Bread,groceries,BrandB,-10.0,-2.0,10.0,0.0,20.0,17.22,2.78,Card,EMP8,,Yes,,-10.0,,3.0,Not Returned,,Central,,,2025,Average,2.0
T100464,C104, male ,,Nairobi,Kisumu,2026-06-24,P363,Monitor,electronics,BrandC,78.31,-2.0,15.0,0.0,-156.62,-129.87,-26.75,Mobile,EMP8,,YES,Yes,58.0,Pickup,,Returned,Wrong Item,South,,,2025,Good,3.0
T100465,C375, male ,45.0,Nairobi,Kisumu,2026-02-14,P433,Sugar,groceries,BrandC,423.8,1.0,10.0,67.81,423.8,254.88,168.92,Cash,EMP13,Returning,Yes,Yes,,Pickup,4.0,Returned,Damaged,East,,,2025,Bad,2.0
T100466,C133,Female,,Mombasa,Mombasa,2025-10-19,P627,Milk,,BrandB,,-2.0,10.0,0.0,,,,Mobile,EMP29,New,Yes,,,,,,Damaged,South,,,2025,Good,5.0
T100467,C64,,18.0,Kisumu,Nairobi,2026-03-30,P339,Cooker,,BrandB,,5.0,15.0,0.0,,,,Cash,EMP13,, no ,No,47.0,Pickup,,Not Returned,, north ,,,2025,Bad,2.0
T100468,C166,Male,150.0,Mombasa,Nakuru,2025-11-02,P878,Monitor,electronics,BrandA,332.36,,10.0,0.0,,,,Card,EMP8,New,YES,No,-10.0,,4.0,Not Returned,Damaged,East,,,2025,Bad,5.0
T100469,C11,Male,-5.0,Kisumu,Kisumu,2026-05-07,P234,Laptop,,BrandC,-10.0,-2.0,110.0,0.0,20.0,17.47,2.53,,EMP9,Returning,No,,283.0,,,,Damaged,Central,,,2025,Good,4.0
T100470,C271,Male,150.0,Nairobi,Nakuru,2025-06-01,P987,Shoes,Clothing,BrandA,223.34,-2.0,,0.0,-446.68,-308.05,-138.63,,EMP11,,Yes,No,,Delivery,1.0,Returned,Wrong Item,Central,,,2025,Bad,2.0
T100471,C355,,45.0,Mombasa,Eldoret,2025-08-02,P246,Sugar,groceries,BrandA,,6.0,5.0,0.0,,,,Card,EMP29,Returning,Yes,Yes,,Pickup,2.0,Not Returned,Changed Mind,West,,,2025,,2.0
T100472,C103,,60.0,Nakuru,Eldoret,2025-02-20,P537,Bread, Groceries,BrandC,49.78,-2.0,5.0,0.0,-99.56,-76.62,-22.94,Cash,EMP12,New,No,Yes,267.0,Delivery,3.0,Not Returned,Damaged,Central,,,2025,Average,2.0
T100473,C22,Female,-5.0,Kisumu,Kisumu,2025-11-25,P366,Monitor,Electronics,BrandA,-10.0,,15.0,0.0,,,,Card,EMP20,Returning, no ,Yes,433.0,Delivery,2.0,Returned,Wrong Item,South,,,2025,Average,1.0
T100474,C25,FEMALE,18.0,Mombasa,Eldoret,2025-10-15,P655,Lamp,home,BrandA,,7.0,110.0,0.0,,,,cash ,EMP9,New,YES,Yes,-10.0,Delivery,4.0,Returned,,Central,,,2025,Bad,2.0
T100475,C414, male ,,Nakuru,Nakuru,2026-01-02,P550,Sugar,,BrandB,256.1,,20.0,0.0,,,,Mobile,EMP23,,No,No,-10.0,Delivery,2.0,Not Returned,Damaged,East,,,2025,Good,2.0
T100476,C178, male ,45.0,Nakuru,Nakuru,2026-03-31,P830,Jacket,clothing,BrandB,-10.0,4.0,20.0,0.0,-40.0,-21.16,-18.84,Mobile,EMP22,New, no ,,-10.0,Delivery,1.0,Returned,Wrong Item,North,,,2025,,
T100477,C346,,150.0,Kisumu,Kisumu,2025-06-26,P204,Table, Home,BrandA,469.28,7.0,20.0,525.59,3284.96,2676.18,608.78,Mobile,EMP21,Returning,No,Yes,359.0,,1.0,Returned,,Central,,,2025,Bad,3.0
T100478,C490, male ,45.0,Nairobi,Mombasa,2025-06-28,P220,Cooker, Home,BrandA,,,110.0,0.0,,,,Mobile,EMP10,New,YES,,474.0,Pickup,5.0,Not Returned,Wrong Item,North,,,2025,Good,3.0
T100479,C147,Male,25.0,Nakuru,Nairobi,2026-01-17,P990,Keyboard,Electronics,BrandB,-10.0,6.0,,0.0,-60.0,-43.99,-16.01,Card,EMP27,New,No,Yes,417.0,Pickup,5.0,,Wrong Item, north ,,,2025,Good,3.0
T100480,C244,Female,150.0,Eldoret,Mombasa,2025-07-11,P445,Milk,Groceries,BrandA,423.85,4.0,,271.26,1695.4,1172.12,523.28,cash ,EMP13,,YES,,-10.0,Delivery,1.0,Not Returned,Wrong Item,South,,,2025,Bad,4.0
T100481,C180,,34.0,Eldoret,Mombasa,2025-07-26,P210,Bread,groceries,BrandB,-10.0,,110.0,0.0,,,,,EMP1,,Yes,,219.0,Pickup,3.0,Returned,Damaged,Central,,,2025,,3.0
T100482,C52,Male,34.0,Nairobi,Nairobi,2025-05-31,P346,Bread, Groceries,BrandB,,4.0,110.0,0.0,,,,cash ,EMP16,,No,No,,Delivery,4.0,Not Returned,Changed Mind,South,,,2025,Good,4.0
T100483,C449,,150.0,Nakuru,Eldoret,2025-09-06,P290,Jacket,,BrandB,,-2.0,5.0,0.0,,,,Mobile,EMP30,Returning,Yes,No,-10.0,Delivery,4.0,Not Returned,Wrong Item,Central,,,2025,Average,4.0
T100484,C336, male ,18.0,Nairobi,Kisumu,2026-05-27,P193,Chair, Home,BrandA,318.74,-2.0,5.0,0.0,-637.48,-357.42,-280.06,Card,EMP20,New,No,Yes,-10.0,,1.0,Returned,,East,,,2025,,
T100485,C109, male ,34.0,Nakuru,Nairobi,2025-02-19,P115,Milk,Groceries,BrandA,-10.0,-2.0,,0.0,20.0,17.4,2.6,,EMP8,Returning, no ,,,Delivery,3.0,Not Returned,,North,,,2025,Average,5.0
T100486,C434,Female,-5.0,Eldoret,Nakuru,2026-04-20,P918,Lamp,home,BrandC,14.64,,5.0,0.0,,,,Mobile,EMP20,, no ,No,-10.0,Delivery,3.0,,,South,,,2025,Bad,
T100487,C60,Male,25.0,Nakuru,Mombasa,2026-01-08,P656,Chair,home,BrandB,,,0.0,0.0,,,,,EMP14,,Yes,No,256.0,Delivery,3.0,Not Returned,Damaged,North,,,2025,Average,2.0
T100488,C170,Female,-5.0,Kisumu,Nakuru,2025-11-18,P505,Cooker,,BrandA,,6.0,110.0,0.0,,,,Mobile,EMP22,,YES,Yes,242.0,Delivery,3.0,Not Returned,Damaged,West,,,2025,Average,5.0
T100489,C281,FEMALE,60.0,Nairobi,Kisumu,2025-06-26,P625,Cooker,Home,BrandA,468.52,4.0,20.0,299.85,1874.08,1438.1,435.98,cash ,EMP28,New,YES,Yes,,,4.0,,Changed Mind,South,,,2025,Average,4.0
T100490,C373,,45.0,Mombasa,Nakuru,2025-07-18,P674,Monitor, Electronics,BrandA,-10.0,,0.0,0.0,,,,,EMP23,Returning,Yes,Yes,-10.0,,3.0,,Damaged, north ,,,2025,Good,5.0
T100491,C212,Female,,Nakuru,Kisumu,2026-02-11,P102,Lamp,Home,BrandC,-10.0,-2.0,5.0,0.0,20.0,15.74,4.26,Card,EMP19,,YES,No,-10.0,Pickup,,Returned,,West,,,2025,Bad,4.0
T100492,C221,Male,60.0,Kisumu,Eldoret,2025-05-13,P515,Mouse,Electronics,BrandB,80.52,-2.0,20.0,0.0,-161.04,-121.57,-39.47,cash ,EMP21,New,No,,,,,,Wrong Item,Central,,,2025,Bad,
T100493,C345,,-5.0,Kisumu,Kisumu,2025-12-08,P712,Monitor,Electronics,BrandA,484.97,,15.0,0.0,,,,Mobile,EMP4,New, no ,Yes,-10.0,Delivery,1.0,,,North,,,2025,Bad,3.0
T100494,C222,Male,150.0,Eldoret,Eldoret,2025-04-04,P493,Mouse, Electronics,BrandB,244.2,1.0,20.0,39.07,244.2,146.26,97.94,Mobile,EMP15,New,Yes,No,,Pickup,2.0,Not Returned,Wrong Item,North,,,2025,Bad,3.0
T100495,C471,Female,60.0,Kisumu,Nairobi,2025-05-12,P754,Mouse,Electronics,BrandA,71.21,,5.0,0.0,,,,Cash,EMP5,Returning,Yes,,-10.0,Delivery,3.0,Returned,Wrong Item,North,,,2025,,5.0
T100496,C327,Male,45.0,Kisumu,Mombasa,2026-04-16,P639,Laptop,Electronics,BrandC,-10.0,-2.0,110.0,0.0,20.0,17.17,2.83,Cash,EMP1,New,Yes,,107.0,,4.0,,Wrong Item,East,,,2025,Average,5.0
T100497,C291,Male,,Nakuru,Nairobi,2026-03-12,P297,Shirt, Clothing,BrandA,300.77,,15.0,0.0,,,,cash ,EMP19,New, no ,No,-10.0,Delivery,5.0,Not Returned,Damaged,South,,,2025,,
T100498,C219,,45.0,Nakuru,Eldoret,2025-03-09,P930,Keyboard,,BrandA,,,10.0,0.0,,,,,EMP28,, no ,,-10.0,Pickup,,,Changed Mind,South,,,2025,,3.0
T100499,C112,Female,25.0,Kisumu,Eldoret,2025-10-25,P483,Rice,,BrandC,-10.0,,10.0,0.0,,,,Cash,EMP22,Returning,Yes,,,Pickup,,Not Returned,Damaged,Central,,,2025,Average,5.0
T100500,C212,,-5.0,Mombasa,Mombasa,2025-05-04,P332,Shoes,,BrandC,-10.0,-2.0,20.0,0.0,20.0,14.07,5.93,Card,EMP10,Returning,YES,Yes,-10.0,,2.0,Not Returned,Wrong Item, north ,,,2025,Bad,2.0
T100501,C226,FEMALE,,Nairobi,Eldoret,2025-07-08,P848,Laptop,electronics,BrandC,,5.0,20.0,0.0,,,,Card,EMP8,Returning,No,,,,5.0,Returned,Changed Mind,East,,,2025,Bad,
T100502,C260,Female,-5.0,Mombasa,Nakuru,2025-09-02,P860,Rice,Groceries,BrandA,,-2.0,0.0,0.0,,,,Card,EMP10,,Yes,Yes,76.0,,2.0,,Changed Mind,Central,,,2025,Bad,
T100503,C95,FEMALE,150.0,Nakuru,Nakuru,2026-04-15,P572,Chair,home,BrandC,,-2.0,10.0,0.0,,,,Mobile,EMP10,Returning,YES,,406.0,Pickup,2.0,Not Returned,Changed Mind, north ,,,2025,Good,1.0
T100504,C74,,25.0,Mombasa,Kisumu,2025-07-24,P788,Milk,groceries,BrandB,487.73,6.0,15.0,468.22,2926.38,2419.78,506.6,,EMP26,,Yes,,-10.0,Pickup,4.0,Returned,Wrong Item, north ,,,2025,Good,2.0
T100505,C38,,150.0,Nakuru,Kisumu,2025-12-07,P972,Jeans, Clothing,BrandB,,,110.0,0.0,,,,Cash,EMP12,New, no ,,391.0,,5.0,Not Returned,Changed Mind,Central,,,2025,Good,4.0
T100506,C160,,18.0,Nairobi,Mombasa,2026-06-17,P966,Chair, Home,BrandA,,-2.0,20.0,0.0,,,,Card,EMP24,,No,Yes,460.0,Pickup,2.0,,Changed Mind,West,,,2025,Good,3.0
T100507,C254,,-5.0,Nakuru,Nairobi,2025-03-05,P117,Rice,Groceries,BrandC,-10.0,5.0,15.0,0.0,-50.0,-39.09,-10.91,,EMP7,,No,Yes,-10.0,Pickup,4.0,,Wrong Item,Central,,,2025,,3.0
T100508,C492,Male,150.0,Mombasa,Nairobi,2025-05-28,P989,Keyboard, Electronics,BrandA,,,5.0,0.0,,,,Mobile,EMP28,Returning,Yes,No,,,5.0,,,South,,,2025,Good,4.0
T100509,C452,Female,,Nakuru,Mombasa,2025-02-10,P745,Sugar,Groceries,BrandC,469.21,,5.0,0.0,,,,,EMP10,New,Yes,No,85.0,Pickup,4.0,Not Returned,Wrong Item,North,,,2025,,1.0
T100510,C369,FEMALE,45.0,Kisumu,Nakuru,2025-02-25,P673,Jeans, Clothing,BrandB,-10.0,,10.0,0.0,,,,Card,EMP24,New,No,Yes,424.0,,1.0,,Damaged,North,,,2025,Good,3.0
T100511,C226, male ,34.0,Eldoret,Eldoret,2026-05-11,P431,Bread, Groceries,BrandB,191.09,,5.0,0.0,,,,cash ,EMP18,,No,Yes,-10.0,Pickup,2.0,,,Central,,,2025,Good,4.0
T100512,C192,,-5.0,Nairobi,Eldoret,2025-11-28,P358,Bread, Groceries,BrandC,-10.0,8.0,,0.0,-80.0,-65.03,-14.97,,EMP28,Returning,Yes,Yes,-10.0,,2.0,Not Returned,Changed Mind,West,,,2025,Bad,
T100513,C57,Male,-5.0,Nairobi,Mombasa,2025-08-07,P665,Chair,home,BrandC,-10.0,10.0,15.0,0.0,-100.0,-75.82,-24.18,Card,EMP18,Returning, no ,No,-10.0,Pickup,1.0,,, north ,,,2025,Average,1.0
T100514,C81,FEMALE,,Kisumu,Nairobi,2025-10-05,P456,Mouse,,BrandB,,-2.0,10.0,0.0,,,,Cash,EMP13,, no ,,,Pickup,1.0,,Changed Mind,Central,,,2025,Bad,4.0
T100515,C184,FEMALE,150.0,Eldoret,Kisumu,2026-04-10,P707,Keyboard,electronics,BrandC,,-2.0,110.0,0.0,,,,Card,EMP28,Returning,Yes,Yes,-10.0,Pickup,1.0,Not Returned,Changed Mind,West,,,2025,,5.0
T100516,C228,Female,45.0,Eldoret,Nakuru,2025-03-31,P992,Laptop,Electronics,BrandC,,2.0,,0.0,,,,Cash,EMP25,,Yes,,,Delivery,4.0,,Changed Mind,Central,,,2025,Bad,5.0
T100517,C178,,-5.0,Mombasa,Kisumu,2025-07-13,P134,Laptop,electronics,BrandA,,,15.0,0.0,,,,,EMP7,New,Yes,Yes,337.0,Pickup,2.0,,Damaged, north ,,,2025,Good,2.0
T100518,C41,Male,150.0,Nairobi,Kisumu,2025-01-14,P296,Laptop,electronics,BrandC,,10.0,0.0,0.0,,,,Cash,EMP2,,YES,Yes,,Pickup,2.0,Returned,Changed Mind,West,,,2025,Average,
T100519,C435,,-5.0,Mombasa,Nairobi,2025-03-06,P492,Laptop,,BrandB,-10.0,,,0.0,,,,Card,EMP3,, no ,No,242.0,Pickup,,Returned,Damaged,South,,,2025,Average,5.0
T100520,C96,FEMALE,45.0,Eldoret,Eldoret,2025-07-31,P373,Keyboard,electronics,BrandA,,,0.0,0.0,,,,,EMP4,Returning,Yes,Yes,-10.0,,4.0,,Wrong Item,South,,,2025,Good,5.0
T100521,C474,Male,45.0,Mombasa,Nakuru,2025-03-04,P293,Cooker,,BrandB,,,,0.0,,,,Card,EMP30,New,YES,,155.0,Delivery,,Not Returned,Damaged,West,,,2025,Average,
T100522,C111,,,Kisumu,Nakuru,2025-03-01,P163,Chair,home,BrandA,73.99,,15.0,0.0,,,,cash ,EMP11,Returning, no ,No,,Pickup,4.0,Not Returned,, north ,,,2025,Bad,2.0
T100523,C445,Female,34.0,Nakuru,Mombasa,2026-02-13,P134,Milk,,BrandB,-10.0,,20.0,0.0,,,,cash ,EMP9,Returning, no ,Yes,156.0,Pickup,5.0,Not Returned,Changed Mind, north ,,,2025,Good,1.0
T100524,C264,FEMALE,25.0,Mombasa,Eldoret,2025-08-19,P810,Monitor,Electronics,BrandB,-10.0,-2.0,110.0,0.0,20.0,14.28,5.72,Card,EMP16,Returning, no ,Yes,-10.0,Delivery,5.0,Returned,Damaged,East,,,2025,,2.0
T100525,C337, male ,60.0,Eldoret,Nairobi,2025-02-11,P727,Jeans,clothing,BrandB,194.52,-2.0,110.0,0.0,-389.04,-340.46,-48.58,Cash,EMP9,Returning,Yes,No,186.0,,4.0,Returned,,East,,,2025,Good,2.0
T100526,C298, male ,,Eldoret,Mombasa,2025-07-22,P221,Chair,,BrandA,,-2.0,5.0,0.0,,,,Cash,EMP18,New,YES,Yes,331.0,Pickup,4.0,,Wrong Item,North,,,2025,Average,1.0
T100527,C98,,-5.0,Nairobi,Nairobi,2026-05-16,P803,Keyboard,electronics,BrandB,-10.0,,5.0,0.0,,,,cash ,EMP29,New,YES,,-10.0,,,Returned,Damaged, north ,,,2025,,
T100528,C14,,18.0,Mombasa,Kisumu,2026-04-09,P594,Chair,,BrandC,,,,0.0,,,,Cash,EMP21,New,Yes,No,,Pickup,5.0,Not Returned,Changed Mind, north ,,,2025,Bad,3.0
T100529,C5,FEMALE,-5.0,Eldoret,Mombasa,2025-07-19,P393,Jeans,Clothing,BrandA,,-2.0,0.0,0.0,,,,cash ,EMP23,Returning, no ,No,,Delivery,,Not Returned,,East,,,2025,Average,5.0
T100530,C188, male ,25.0,Eldoret,Nairobi,2026-06-22,P711,Chair,home,BrandC,,10.0,0.0,0.0,,,,Card,EMP29,New,No,No,292.0,Pickup,2.0,Not Returned,Changed Mind,South,,,2025,,1.0
T100531,C408,Female,150.0,Nairobi,Nakuru,2026-05-03,P157,Jacket,,BrandA,8.4,,10.0,0.0,,,,Card,EMP2,New, no ,Yes,-10.0,Pickup,3.0,Not Returned,Wrong Item, north ,,,2025,Good,
T100532,C109, male ,18.0,Kisumu,Mombasa,2026-04-24,P918,Keyboard,Electronics,BrandB,445.87,-2.0,0.0,0.0,-891.74,-511.4,-380.34,,EMP23,Returning,Yes,No,-10.0,,,Returned,Damaged,South,,,2025,,
T100533,C16,Male,150.0,Kisumu,Mombasa,2025-04-28,P699,Rice,Groceries,BrandA,-10.0,-2.0,110.0,0.0,20.0,14.09,5.91,cash ,EMP11,, no ,,85.0,,1.0,Returned,,East,,,2025,Average,2.0
T100534,C140, male ,-5.0,Nairobi,Eldoret,2025-06-29,P729,Laptop, Electronics,BrandC,,-2.0,,0.0,,,,,EMP24,,YES,Yes,-10.0,,5.0,Not Returned,Wrong Item, north ,,,2025,Bad,4.0
T100535,C265,Male,150.0,Nairobi,Nairobi,2025-11-22,P567,Milk,groceries,BrandA,441.6,8.0,15.0,565.25,3532.8,2391.81,1140.99,Card,EMP17,Returning, no ,,,Pickup,3.0,Not Returned,,North,,,2025,,3.0
T100536,C163,Male,,Mombasa,Eldoret,2025-06-03,P427,Lamp, Home,BrandA,-10.0,,20.0,0.0,,,,Cash,EMP18,,Yes,Yes,,Delivery,2.0,Returned,Changed Mind,West,,,2025,,
T100537,C403,,45.0,Nakuru,Nakuru,2025-11-25,P482,Bread,,BrandC,163.4,-2.0,110.0,0.0,-326.8,-177.07,-149.73,Cash,EMP3,New,No,,,Delivery,1.0,Not Returned,Wrong Item,Central,,,2025,Average,4.0
T100538,C158, male ,34.0,Mombasa,Mombasa,2026-05-01,P263,Jacket,Clothing,BrandC,,-2.0,0.0,0.0,,,,Card,EMP3,,YES,No,36.0,,2.0,Not Returned,,South,,,2025,Bad,2.0
T100539,C470, male ,18.0,Kisumu,Nairobi,2025-05-30,P287,Jacket,clothing,BrandC,,,15.0,0.0,,,,Mobile,EMP28,,Yes,,439.0,Delivery,1.0,Returned,Wrong Item,Central,,,2025,,2.0
T100540,C220, male ,150.0,Kisumu,Mombasa,2025-10-05,P142,Jacket, Clothing,BrandB,18.48,-2.0,,0.0,-36.96,-25.65,-11.31,Cash,EMP25,New,YES,No,243.0,Pickup,2.0,Not Returned,Damaged,East,,,2025,,5.0
T100541,C375,,150.0,Nairobi,Nakuru,2026-05-24,P501,Jacket,clothing,BrandB,-10.0,5.0,5.0,0.0,-50.0,-37.32,-12.68,Mobile,EMP20,New, no ,,273.0,Pickup,5.0,Not Returned,Wrong Item,South,,,2025,Bad,1.0
T100542,C19,Male,150.0,Nairobi,Eldoret,2025-02-22,P441,Jeans,clothing,BrandB,,-2.0,,0.0,,,,cash ,EMP15,,No,,-10.0,,4.0,Returned,Wrong Item,Central,,,2025,Average,5.0
T100543,C346,Male,25.0,Nakuru,Kisumu,2025-09-15,P414,Laptop, Electronics,BrandC,-10.0,,0.0,0.0,,,,Card,EMP20,New, no ,No,-10.0,Pickup,5.0,,Changed Mind,West,,,2025,Good,2.0
T100544,C180,,-5.0,Mombasa,Kisumu,2025-02-26,P836,Jacket,Clothing,BrandA,,-2.0,5.0,0.0,,,,Cash,EMP5,Returning,No,Yes,,Pickup,,,Changed Mind,South,,,2025,Bad,4.0
T100545,C178,Female,,Eldoret,Nairobi,2026-01-01,P184,Mouse,Electronics,BrandC,,,5.0,0.0,,,,cash ,EMP14,New,YES,,-10.0,,4.0,,Wrong Item,Central,,,2025,Bad,3.0
T100546,C480,Male,60.0,Nakuru,Kisumu,2025-03-27,P478,Table,Home,BrandA,93.07,,5.0,0.0,,,,Card,EMP24,Returning,YES,No,-10.0,Pickup,,,Changed Mind,South,,,2025,Average,4.0
T100547,C196,Male,25.0,Kisumu,Nairobi,2026-04-06,P110,Table,home,BrandB,,,,0.0,,,,cash ,EMP13,,No,,-10.0,Pickup,4.0,Not Returned,Changed Mind, north ,,,2025,,5.0
T100548,C410,Female,25.0,Kisumu,Mombasa,2025-11-02,P499,Mouse,Electronics,BrandB,439.4,3.0,,210.91,1318.1999999999998,686.35,631.85,Card,EMP14,,No,No,129.0,Pickup,1.0,,Changed Mind,South,,,2025,,5.0
T100549,C343, male ,-5.0,Nairobi,Kisumu,2025-10-12,P367,Table,,BrandA,,-2.0,10.0,0.0,,,,cash ,EMP24,Returning, no ,,-10.0,Delivery,5.0,,,East,,,2025,Good,3.0
T100550,C480, male ,18.0,Mombasa,Eldoret,2026-02-28,P762,Laptop,,BrandA,368.15,9.0,20.0,530.14,3313.35,1981.56,1331.79,,EMP29,,YES,,243.0,Pickup,4.0,,Changed Mind,West,,,2025,,5.0
T100551,C151, male ,150.0,Nakuru,Nairobi,2025-06-27,P483,Table, Home,BrandB,-10.0,-2.0,15.0,0.0,20.0,16.0,4.0,Card,EMP3,New, no ,No,-10.0,,3.0,Not Returned,Wrong Item,West,,,2025,Average,1.0
T100552,C499,,150.0,Mombasa,Nakuru,2025-12-27,P719,Sugar,Groceries,BrandA,227.63,6.0,0.0,218.52,1365.78,935.42,430.36,Cash,EMP3,,YES,Yes,176.0,Delivery,4.0,,Wrong Item,South,,,2025,Good,2.0
T100553,C289, male ,-5.0,Kisumu,Kisumu,2025-05-07,P182,Shirt,clothing,BrandA,-10.0,-2.0,20.0,0.0,20.0,12.43,7.57,,EMP4,New,No,,142.0,Pickup,2.0,Not Returned,Wrong Item,Central,,,2025,,3.0
T100554,C65,Female,,Nairobi,Mombasa,2025-02-22,P247,Keyboard,Electronics,BrandA,-10.0,10.0,10.0,0.0,-100.0,-87.29,-12.71,Cash,EMP6,Returning, no ,No,,,2.0,Not Returned,Damaged,Central,,,2025,Good,
T100555,C483,Female,,Nairobi,Mombasa,2025-03-29,P774,Milk,groceries,BrandA,157.42,-2.0,15.0,0.0,-314.84,-215.51,-99.33,Cash,EMP13,Returning,No,,,Delivery,1.0,Not Returned,Damaged,South,,,2025,,5.0
T100556,C88,FEMALE,18.0,Nakuru,Mombasa,2025-08-01,P537,Shoes,clothing,BrandA,,-2.0,,0.0,,,,,EMP24,, no ,Yes,,Pickup,,Not Returned,Damaged,South,,,2025,Bad,3.0
T100557,C440,Male,25.0,Eldoret,Nairobi,2025-04-23,P161,Chair,,BrandB,,4.0,20.0,0.0,,,,Cash,EMP30,Returning,Yes,No,-10.0,Delivery,3.0,,Changed Mind, north ,,,2025,Good,4.0
T100558,C299,FEMALE,18.0,Eldoret,Nairobi,2026-03-29,P172,Shirt,clothing,BrandA,,-2.0,20.0,0.0,,,,Cash,EMP8,Returning,No,Yes,393.0,,5.0,Not Returned,Wrong Item,South,,,2025,,4.0
T100559,C61,Male,34.0,Nairobi,Kisumu,2025-10-18,P300,Table,,BrandC,-10.0,8.0,20.0,0.0,-80.0,-47.25,-32.75,Card,EMP15,Returning,YES,No,-10.0,Pickup,4.0,,Changed Mind,South,,,2025,,
T100560,C230,Male,-5.0,Nakuru,Nakuru,2025-07-10,P766,Keyboard, Electronics,BrandC,-10.0,3.0,15.0,0.0,-30.0,-15.13,-14.87,Card,EMP13,, no ,Yes,-10.0,Pickup,4.0,Returned,Wrong Item,East,,,2025,Bad,
T100561,C160, male ,-5.0,Mombasa,Nairobi,2025-06-12,P804,Rice,,BrandA,447.89,,5.0,0.0,,,,,EMP8,,No,Yes,,,3.0,Not Returned,Wrong Item, north ,,,2025,Average,1.0
T100562,C415, male ,18.0,Kisumu,Mombasa,2025-13-40,P100,Bread,Groceries,BrandC,237.77,,110.0,0.0,,,,,EMP29,,Yes,,133.0,,1.0,Returned,,Central,,,2025,,5.0
T100563,C53, male ,150.0,Nakuru,Mombasa,2026-05-28,P190,Shirt, Clothing,BrandB,-10.0,,0.0,0.0,,,,Mobile,EMP15,Returning,No,No,434.0,Delivery,,Returned,,North,,,2025,,
T100564,C225, male ,25.0,Mombasa,Mombasa,2025-03-27,P597,Chair,home,BrandB,-10.0,,5.0,0.0,,,,Card,EMP8,Returning,Yes,,-10.0,Pickup,3.0,Returned,Damaged,North,,,2025,Good,5.0
T100565,C121,FEMALE,-5.0,Nakuru,Nakuru,2025-11-14,P428,Shoes, Clothing,BrandB,-10.0,-2.0,5.0,0.0,20.0,17.66,2.34,Card,EMP1,Returning,No,No,,,2.0,,Damaged,Central,,,2025,Good,1.0
T100566,C476,,,Kisumu,Mombasa,2025-05-04,P231,Jeans,,BrandC,-10.0,9.0,20.0,0.0,-90.0,-80.94,-9.06,Card,EMP22,New,YES,No,453.0,Delivery,4.0,Not Returned,Wrong Item,Central,,,2025,Good,5.0
T100567,C251,Male,60.0,Kisumu,Eldoret,2025-12-13,P383,Shirt,Clothing,BrandB,,-2.0,5.0,0.0,,,,cash ,EMP10,Returning,Yes,Yes,-10.0,Delivery,5.0,Not Returned,Damaged,South,,,2025,Average,4.0
T100568,C390,FEMALE,45.0,Nakuru,Nakuru,2025-09-12,P107,Laptop, Electronics,BrandC,-10.0,,5.0,0.0,,,,Cash,EMP3,Returning,YES,No,,Pickup,3.0,Not Returned,Wrong Item,East,,,2025,Average,1.0
T100569,C156, male ,-5.0,Kisumu,Eldoret,2026-05-31,P629,Monitor,,BrandC,-10.0,1.0,0.0,0.0,-10.0,-6.8,-3.2,Cash,EMP11,Returning, no ,No,,Pickup,2.0,Returned,,East,,,2025,Good,4.0
T100570,C50,FEMALE,-5.0,Nairobi,Kisumu,2025-11-03,P867,Milk,groceries,BrandB,,4.0,0.0,0.0,,,,Mobile,EMP5,Returning,YES,Yes,-10.0,Delivery,1.0,Not Returned,Damaged,Central,,,2025,Average,3.0
T100571,C350,Female,,Kisumu,Mombasa,2025-03-15,P704,Mouse, Electronics,BrandA,-10.0,4.0,10.0,0.0,-40.0,-27.19,-12.81,cash ,EMP30,Returning, no ,No,-10.0,,2.0,,Changed Mind, north ,,,2025,Bad,4.0
T100572,C407, male ,,Kisumu,Nairobi,2026-04-26,P924,Chair,Home,BrandC,-10.0,,15.0,0.0,,,,Cash,EMP23,Returning,No,,-10.0,Delivery,5.0,Not Returned,Changed Mind,North,,,2025,,2.0
T100573,C162,,25.0,Eldoret,Nakuru,2025-11-04,P238,Shoes,,BrandC,-10.0,2.0,15.0,0.0,-20.0,-13.58,-6.42,cash ,EMP26,, no ,No,-10.0,Delivery,1.0,,Damaged,South,,,2025,Bad,1.0
T100574,C460,Male,150.0,Nakuru,Nairobi,2026-06-15,P608,Milk, Groceries,BrandA,,-2.0,110.0,0.0,,,,,EMP1,,No,,-10.0,Delivery,,Not Returned,,West,,,2025,Bad,5.0
T100575,C150,,60.0,Mombasa,Eldoret,2025-09-22,P116,Shirt,Clothing,BrandA,,,20.0,0.0,,,,,EMP22,,YES,No,472.0,Delivery,,,Damaged,East,,,2025,Bad,4.0
T100576,C93,FEMALE,25.0,Nairobi,Eldoret,2025-09-06,P538,Rice,groceries,BrandC,428.51,,110.0,0.0,,,,Mobile,EMP26,Returning,Yes,Yes,411.0,Pickup,5.0,Not Returned,,East,,,2025,Bad,3.0
T100577,C307,FEMALE,150.0,Nairobi,Eldoret,2025-13-40,P260,Shoes,,BrandB,-10.0,-2.0,20.0,0.0,20.0,11.38,8.62,Card,EMP3,New,YES,No,,,2.0,,Changed Mind,South,,,2025,Good,2.0
T100578,C373, male ,60.0,Nairobi,Kisumu,2025-07-22,P546,Jacket, Clothing,BrandA,-10.0,7.0,20.0,0.0,-70.0,-56.43,-13.57,Card,EMP21,Returning, no ,Yes,,Delivery,2.0,Not Returned,Damaged,Central,,,2025,Bad,
T100579,C254,Male,60.0,Eldoret,Nairobi,2025-13-40,P815,Milk,,BrandA,356.16,8.0,5.0,455.88,2849.28,1870.74,978.54,Card,EMP10,Returning,Yes,Yes,-10.0,Pickup,2.0,Not Returned,Damaged,South,,,2025,,1.0
T100580,C311, male ,150.0,Nairobi,Nakuru,2026-01-05,P514,Sugar,,BrandA,-10.0,6.0,110.0,0.0,-60.0,-44.93,-15.07,Cash,EMP19,Returning,Yes,Yes,85.0,Delivery,3.0,Returned,,North,,,2025,Average,5.0
T100581,C197,Male,-5.0,Kisumu,Nakuru,2025-02-03,P429,Sugar,groceries,BrandC,438.16,9.0,0.0,630.95,3943.44,3445.38,498.06,cash ,EMP8,New, no ,,,Delivery,1.0,Not Returned,Wrong Item,East,,,2025,Bad,3.0
T100582,C121, male ,25.0,Eldoret,Eldoret,2025-06-07,P877,Keyboard,electronics,BrandC,346.34,,110.0,0.0,,,,Card,EMP11,,YES,Yes,452.0,Pickup,,Not Returned,Wrong Item,Central,,,2025,Average,2.0
T100583,C303, male ,34.0,Mombasa,Mombasa,2026-06-08,P429,Mouse,electronics,BrandB,-10.0,,110.0,0.0,,,,Mobile,EMP8,Returning, no ,,,,3.0,Not Returned,Changed Mind,North,,,2025,Bad,5.0
T100584,C173, male ,150.0,Nairobi,Nairobi,2025-02-14,P186,Bread,Groceries,BrandB,,,20.0,0.0,,,,cash ,EMP30,, no ,,425.0,Pickup,,,Damaged,North,,,2025,,2.0
T100585,C305,Male,60.0,Nairobi,Eldoret,2025-04-05,P985,Sugar, Groceries,BrandC,,,15.0,0.0,,,,Mobile,EMP30,,No,Yes,-10.0,Delivery,2.0,Not Returned,Damaged,South,,,2025,,1.0
T100586,C442,Male,34.0,Eldoret,Eldoret,2025-06-18,P634,Mouse,electronics,BrandC,,-2.0,10.0,0.0,,,,,EMP14,Returning,YES,Yes,,Pickup,2.0,Not Returned,Damaged,East,,,2025,Good,5.0
T100587,C73,FEMALE,-5.0,Nairobi,Kisumu,2026-04-10,P472,Chair, Home,BrandC,-10.0,10.0,0.0,0.0,-100.0,-59.0,-41.0,Cash,EMP22,Returning, no ,No,,Pickup,1.0,Returned,Wrong Item,South,,,2025,Good,4.0
T100588,C368, male ,25.0,Eldoret,Nakuru,2026-04-28,P864,Jacket,clothing,BrandB,208.89,-2.0,5.0,0.0,-417.78,-363.59,-54.19,Mobile,EMP20,New, no ,No,-10.0,,3.0,,Damaged,North,,,2025,Average,4.0
T100589,C409,Female,-5.0,Nakuru,Nairobi,2026-01-15,P480,Bread,,BrandB,-10.0,,,0.0,,,,Cash,EMP4,New,Yes,,-10.0,,1.0,Not Returned,Wrong Item,South,,,2025,Good,1.0
T100590,C387,FEMALE,-5.0,Mombasa,Eldoret,2026-01-18,P944,Rice,groceries,BrandA,-10.0,-2.0,110.0,0.0,20.0,14.01,5.99,Cash,EMP12,,Yes,Yes,307.0,Delivery,2.0,Returned,Damaged,East,,,2025,,3.0
T100591,C96,Female,18.0,Nairobi,Nakuru,2025-11-17,P523,Cooker,home,BrandB,326.36,-2.0,5.0,0.0,-652.72,-434.77,-217.95,Card,EMP14,Returning,YES,,,,3.0,Not Returned,, north ,,,2025,Average,
T100592,C38, male ,34.0,Mombasa,Nakuru,2026-03-20,P104,Jeans, Clothing,BrandB,-10.0,,110.0,0.0,,,,Cash,EMP11,New,Yes,,112.0,,3.0,,Changed Mind,North,,,2025,,1.0
T100593,C370,Female,150.0,Eldoret,Mombasa,2025-01-20,P692,Milk,Groceries,BrandA,337.63,9.0,15.0,486.19,3038.67,1803.15,1235.52,Card,EMP18,,No,Yes,323.0,,5.0,,Changed Mind,East,,,2025,,5.0
T100594,C251,Female,60.0,Nakuru,Eldoret,2026-03-21,P160,Monitor, Electronics,BrandA,-10.0,,,0.0,,,,Card,EMP18,New, no ,Yes,-10.0,,,Returned,Damaged,West,,,2025,,
T100595,C316,Female,150.0,Nairobi,Kisumu,2026-03-09,P251,Jacket,Clothing,BrandB,346.03,4.0,110.0,221.46,1384.12,700.76,683.36,,EMP21,New,YES,No,,,2.0,,Wrong Item, north ,,,2025,Bad,1.0
T100596,C91,FEMALE,,Nakuru,Kisumu,2025-07-03,P321,Sugar,groceries,BrandC,117.4,-2.0,110.0,0.0,-234.8,-204.67,-30.13,Card,EMP2,New, no ,Yes,14.0,Pickup,,,Wrong Item,East,,,2025,Good,3.0
T100597,C182,,150.0,Eldoret,Nairobi,2025-12-26,P612,Chair, Home,BrandC,-10.0,,15.0,0.0,,,,Mobile,EMP11,Returning,Yes,Yes,,Delivery,4.0,Returned,Changed Mind,Central,,,2025,Average,
T100598,C250,Female,18.0,Mombasa,Nakuru,2025-05-02,P942,Sugar,groceries,BrandC,-10.0,-2.0,,0.0,20.0,11.03,8.97,Card,EMP13,Returning,YES,No,,Delivery,,,Changed Mind,North,,,2025,Bad,4.0
T100599,C46,FEMALE,45.0,Eldoret,Eldoret,2026-01-25,P640,Jacket,clothing,BrandA,,5.0,110.0,0.0,,,,cash ,EMP13,Returning,No,Yes,395.0,,5.0,Returned,,West,,,2025,Bad,5.0
T100600,C482,,60.0,Nakuru,Nairobi,2026-01-05,P314,Monitor, Electronics,BrandA,499.96,1.0,15.0,79.99,499.96,439.22,60.74,Cash,EMP4,Returning,No,No,-10.0,Pickup,3.0,Returned,Wrong Item, north ,,,2025,Good,3.0
T100601,C166,Female,45.0,Nakuru,Mombasa,2025-13-40,P456,Jeans,clothing,BrandC,-10.0,,15.0,0.0,,,,,EMP22,New,YES,Yes,-10.0,Pickup,3.0,Returned,Changed Mind, north ,,,2025,Average,4.0
T100602,C373, male ,-5.0,Eldoret,Kisumu,2025-08-26,P429,Table,Home,BrandC,,-2.0,10.0,0.0,,,,Card,EMP6,, no ,No,301.0,Pickup,4.0,,,East,,,2025,Good,2.0
T100603,C175,Female,34.0,Mombasa,Kisumu,2026-05-15,P152,Jacket,,BrandB,,5.0,15.0,0.0,,,,Mobile,EMP24,Returning,Yes,No,-10.0,Delivery,5.0,,Wrong Item, north ,,,2025,Average,4.0
T100604,C378,Male,,Eldoret,Eldoret,2025-08-28,P806,Cooker,,BrandC,-10.0,-2.0,20.0,0.0,20.0,11.71,8.29,Mobile,EMP26,Returning,YES,,-10.0,,5.0,,Changed Mind,Central,,,2025,Good,4.0
T100605,C24,,-5.0,Nakuru,Eldoret,2025-12-21,P629,Table,,BrandB,-10.0,,15.0,0.0,,,,,EMP19,,YES,Yes,400.0,,1.0,Returned,Changed Mind,South,,,2025,Good,3.0
T100606,C286, male ,18.0,Eldoret,Kisumu,2026-04-17,P256,Mouse,electronics,BrandC,-10.0,-2.0,110.0,0.0,20.0,17.6,2.4,cash ,EMP9,New, no ,,-10.0,Pickup,5.0,Not Returned,Changed Mind,East,,,2025,Bad,3.0
T100607,C140,Male,34.0,Mombasa,Mombasa,2025-08-08,P789,Shoes, Clothing,BrandC,-10.0,,,0.0,,,,Card,EMP6,New,No,,,,3.0,Not Returned,Wrong Item,West,,,2025,,3.0
T100608,C411,Female,,Nakuru,Nakuru,2025-02-18,P714,Cooker,Home,BrandB,,9.0,15.0,0.0,,,,Mobile,EMP7,Returning, no ,,,,3.0,,Damaged,East,,,2025,Average,1.0
T100609,C147,Male,-5.0,Nairobi,Nakuru,2025-09-23,P818,Mouse,,BrandB,255.64,-2.0,,0.0,-511.28,-346.28,-165.0,Mobile,EMP12,,Yes,No,,Delivery,4.0,Not Returned,Damaged,South,,,2025,Bad,
T100610,C404,Male,45.0,Nakuru,Nakuru,2025-01-28,P826,Rice,groceries,BrandA,,2.0,20.0,0.0,,,,Mobile,EMP12,Returning,No,No,-10.0,Pickup,5.0,Returned,,West,,,2025,Good,2.0
T100611,C427,Male,18.0,Nairobi,Kisumu,2026-02-13,P186,Shoes,Clothing,BrandC,,-2.0,,0.0,,,,cash ,EMP29,Returning,Yes,No,320.0,Delivery,5.0,Returned,Damaged,North,,,2025,Good,
T100612,C413, male ,45.0,Eldoret,Nakuru,2025-11-30,P379,Monitor, Electronics,BrandA,,-2.0,20.0,0.0,,,,cash ,EMP8,,No,No,239.0,Pickup,4.0,Returned,Changed Mind,North,,,2025,Average,5.0
T100613,C90,Male,34.0,Nakuru,Nairobi,2025-06-07,P402,Cooker,Home,BrandB,127.18,9.0,0.0,183.14,1144.6200000000001,888.01,256.61,Card,EMP9,Returning,YES,No,,Pickup,3.0,,, north ,,,2025,Bad,2.0
T100614,C104,Female,150.0,Mombasa,Kisumu,2025-11-16,P700,Shoes,clothing,BrandC,,-2.0,20.0,0.0,,,,Mobile,EMP20,,YES,Yes,258.0,,,Not Returned,Wrong Item,South,,,2025,Average,5.0
T100615,C364,,34.0,Nakuru,Kisumu,2026-03-20,P550,Laptop,Electronics,BrandA,-10.0,,15.0,0.0,,,,cash ,EMP8,,YES,,119.0,Pickup,4.0,Not Returned,Changed Mind,East,,,2025,Average,3.0
T100616,C174, male ,60.0,Mombasa,Eldoret,2025-08-18,P301,Sugar,Groceries,BrandA,,,110.0,0.0,,,,,EMP13,New,No,No,,Delivery,4.0,,Changed Mind,East,,,2025,Average,3.0
T100617,C445,FEMALE,18.0,Nairobi,Nairobi,2025-10-16,P529,Sugar,Groceries,BrandA,,-2.0,0.0,0.0,,,,Card,EMP11,New,YES,No,,Delivery,2.0,Not Returned,,West,,,2025,,3.0
T100618,C220, male ,34.0,Kisumu,Eldoret,2025-11-26,P693,Table,home,BrandA,165.15,,110.0,0.0,,,,Card,EMP19,New,Yes,Yes,,Pickup,5.0,Not Returned,Damaged, north ,,,2025,Average,4.0
T100619,C379, male ,45.0,Kisumu,Eldoret,2026-03-17,P620,Jeans,clothing,BrandB,440.86,7.0,10.0,493.76,3086.02,2227.73,858.29,,EMP19,,YES,No,-10.0,Pickup,,,Wrong Item,Central,,,2025,,4.0
T100620,C62,Female,150.0,Eldoret,Nairobi,2025-10-16,P585,Rice,groceries,BrandC,,,5.0,0.0,,,,,EMP21,Returning,YES,Yes,-10.0,,5.0,,,North,,,2025,Average,3.0
T100621,C157,FEMALE,,Kisumu,Nakuru,2025-09-02,P462,Cooker, Home,BrandB,-10.0,-2.0,0.0,0.0,20.0,16.51,3.49,cash ,EMP17,New,Yes,,274.0,,,,Wrong Item,Central,,,2025,Bad,
T100622,C357, male ,45.0,Kisumu,Nakuru,2025-02-19,P396,Cooker,home,BrandB,155.97,-2.0,5.0,0.0,-311.94,-203.06,-108.88,Mobile,EMP8,Returning,No,,-10.0,Pickup,1.0,Returned,Damaged,North,,,2025,,1.0
T100623,C290,FEMALE,34.0,Nakuru,Eldoret,2025-13-40,P998,Bread, Groceries,BrandA,488.92,-2.0,0.0,0.0,-977.84,-818.93,-158.91,cash ,EMP14,New, no ,Yes,-10.0,Delivery,3.0,Not Returned,Wrong Item,West,,,2025,Good,3.0
T100624,C432,Female,150.0,Mombasa,Kisumu,2025-01-06,P753,Cooker,home,BrandA,-10.0,,15.0,0.0,,,,Mobile,EMP29,New, no ,Yes,379.0,,1.0,,Wrong Item,South,,,2025,Good,5.0
T100625,C93,FEMALE,18.0,Nakuru,Mombasa,2025-06-05,P212,Milk,,BrandC,-10.0,10.0,20.0,0.0,-100.0,-54.19,-45.81,Mobile,EMP27,New,No,Yes,-10.0,Delivery,1.0,,Changed Mind,South,,,2025,Good,
T100626,C93,Female,34.0,Nakuru,Eldoret,2025-13-40,P779,Monitor,Electronics,BrandA,67.9,6.0,20.0,65.18,407.40000000000003,321.27,86.13,cash ,EMP25,Returning,Yes,,-10.0,Pickup,,Not Returned,Wrong Item,North,,,2025,Bad,4.0
T100627,C477, male ,34.0,Nairobi,Eldoret,2025-11-04,P285,Shoes,clothing,BrandA,49.26,,15.0,0.0,,,,Mobile,EMP25,Returning,YES,Yes,490.0,Pickup,2.0,Not Returned,Changed Mind,Central,,,2025,,5.0
T100628,C145,Male,18.0,Eldoret,Nakuru,2025-01-26,P361,Bread,Groceries,BrandC,-10.0,,20.0,0.0,,,,Cash,EMP21,,No,Yes,248.0,Pickup,2.0,Not Returned,,Central,,,2025,Average,3.0
T100629,C173,Male,150.0,Eldoret,Nakuru,2025-03-11,P918,Lamp,home,BrandA,458.86,9.0,15.0,660.76,4129.74,2162.67,1967.07,,EMP15,Returning, no ,No,360.0,Pickup,2.0,,Changed Mind,Central,,,2025,,3.0
T100630,C84, male ,45.0,Nairobi,Eldoret,2025-05-17,P450,Jeans,clothing,BrandB,-10.0,1.0,110.0,0.0,-10.0,-7.46,-2.54,cash ,EMP11,,Yes,No,268.0,,,,Changed Mind,West,,,2025,Good,
T100631,C286,Male,150.0,Mombasa,Eldoret,2026-01-16,P821,Cooker,home,BrandA,,-2.0,,0.0,,,,Mobile,EMP29,,Yes,,,,,Not Returned,Changed Mind,Central,,,2025,,3.0
T100632,C14,Female,60.0,Nairobi,Mombasa,2026-02-11,P640,Shirt,clothing,BrandC,,6.0,110.0,0.0,,,,,EMP12,New, no ,No,-10.0,,2.0,,,East,,,2025,Bad,
T100633,C347, male ,-5.0,Eldoret,Nakuru,2025-11-14,P640,Keyboard, Electronics,BrandA,-10.0,8.0,5.0,0.0,-80.0,-65.69,-14.31,Mobile,EMP26,New,YES,,-10.0,,1.0,Returned,Wrong Item,Central,,,2025,Average,3.0
T100634,C332,Male,45.0,Eldoret,Mombasa,2026-01-08,P957,Milk,groceries,BrandB,257.42,,10.0,0.0,,,,Cash,EMP16,New,No,Yes,,Delivery,4.0,Not Returned,Wrong Item,South,,,2025,,5.0
T100635,C142,Male,45.0,Kisumu,Mombasa,2026-05-18,P970,Sugar,groceries,BrandA,,1.0,15.0,0.0,,,,Card,EMP27,,Yes,,,,1.0,,Changed Mind,East,,,2025,,5.0
T100636,C341,,,Nairobi,Kisumu,2025-06-08,P861,Table,home,BrandB,-10.0,-2.0,15.0,0.0,20.0,15.96,4.04,Mobile,EMP18,New, no ,,60.0,Delivery,2.0,Returned,,West,,,2025,Average,4.0
T100637,C308,Male,150.0,Kisumu,Eldoret,2025-01-14,P392,Shirt,Clothing,BrandB,-10.0,,0.0,0.0,,,,Mobile,EMP13,New,No,Yes,-10.0,Delivery,2.0,Returned,Damaged,North,,,2025,Average,1.0
T100638,C326,Male,45.0,Nairobi,Eldoret,2025-05-17,P645,Jeans, Clothing,BrandA,,3.0,15.0,0.0,,,,,EMP15,,No,,365.0,Delivery,5.0,Returned,,North,,,2025,,3.0
T100639,C421,FEMALE,60.0,Kisumu,Kisumu,2026-05-12,P199,Table,home,BrandB,32.23,,10.0,0.0,,,,Cash,EMP27,,YES,Yes,-10.0,Pickup,3.0,Not Returned,Damaged,North,,,2025,,3.0
T100640,C406,FEMALE,25.0,Nakuru,Mombasa,2026-03-30,P686,Rice,,BrandB,,3.0,10.0,0.0,,,,Mobile,EMP18,Returning,No,No,203.0,Delivery,1.0,Not Returned,Changed Mind,West,,,2025,,2.0
T100641,C417,Male,150.0,Eldoret,Kisumu,2026-02-24,P764,Chair,home,BrandA,-10.0,,5.0,0.0,,,,Card,EMP19,Returning, no ,No,,Pickup,,Not Returned,,Central,,,2025,Good,1.0
T100642,C497,Female,18.0,Mombasa,Eldoret,2025-12-09,P224,Rice,,BrandB,101.08,-2.0,,0.0,-202.16,-168.1,-34.06,,EMP2,,YES,,,,,Returned,Wrong Item,East,,,2025,Bad,1.0
T100643,C494,Female,-5.0,Eldoret,Kisumu,2025-07-15,P889,Jeans,Clothing,BrandC,,-2.0,0.0,0.0,,,,Cash,EMP29,New,YES,,426.0,Pickup,4.0,,Wrong Item,Central,,,2025,Average,3.0
T100644,C314,Male,-5.0,Nakuru,Nairobi,2025-07-07,P892,Keyboard,,BrandA,221.95,-2.0,0.0,0.0,-443.9,-252.87,-191.03,Card,EMP14,Returning,YES,,374.0,,4.0,,Damaged, north ,,,2025,Good,1.0
T100645,C273,Male,45.0,Nairobi,Mombasa,2026-02-24,P866,Milk,groceries,BrandB,-10.0,9.0,,0.0,-90.0,-53.12,-36.88,Mobile,EMP19,New, no ,,,Pickup,,,Damaged,Central,,,2025,Bad,2.0
T100646,C72,Female,-5.0,Kisumu,Nairobi,2025-08-27,P293,Milk,,BrandB,,-2.0,5.0,0.0,,,,Cash,EMP28,,Yes,No,,Delivery,5.0,Not Returned,Wrong Item,North,,,2025,Average,2.0
T100647,C245,,60.0,Eldoret,Mombasa,2025-12-25,P107,Table,home,BrandA,95.73,6.0,0.0,91.9,574.38,476.46,97.92,cash ,EMP22,,YES,No,,Delivery,1.0,,Damaged,West,,,2025,Average,1.0
T100648,C210, male ,-5.0,Nakuru,Nairobi,2025-05-19,P465,Lamp,,BrandA,390.61,-2.0,5.0,0.0,-781.22,-442.32,-338.9,Cash,EMP17,Returning,YES,,,,4.0,Returned,Wrong Item, north ,,,2025,Bad,5.0
T100649,C3,FEMALE,,Nakuru,Mombasa,2026-02-27,P390,Jeans, Clothing,BrandB,,5.0,,0.0,,,,,EMP18,,YES,No,88.0,Delivery,,Returned,Damaged,East,,,2025,Bad,4.0
T100650,C384, male ,-5.0,Nairobi,Eldoret,2025-03-23,P359,Bread,,BrandC,,,5.0,0.0,,,,Mobile,EMP6,,Yes,,154.0,Delivery,1.0,,,North,,,2025,,4.0
T100651,C429,Female,18.0,Nairobi,Eldoret,2025-08-27,P971,Rice,Groceries,BrandA,-10.0,-2.0,,0.0,20.0,13.4,6.6,Cash,EMP17,Returning, no ,,451.0,,3.0,Not Returned,Wrong Item, north ,,,2025,Good,
T100652,C76, male ,-5.0,Nairobi,Nairobi,2026-02-13,P578,Cooker,,BrandA,-10.0,,10.0,0.0,,,,Cash,EMP2,Returning,YES,,-10.0,,5.0,,, north ,,,2025,Good,
T100653,C482,Female,25.0,Nakuru,Eldoret,2025-08-07,P729,Mouse,Electronics,BrandB,-10.0,,20.0,0.0,,,,cash ,EMP6,New, no ,,-10.0,Delivery,4.0,,Wrong Item, north ,,,2025,Bad,2.0
T100654,C374, male ,,Eldoret,Kisumu,2025-11-01,P530,Lamp,,BrandA,-10.0,-2.0,20.0,0.0,20.0,11.08,8.92,cash ,EMP26,Returning,YES,Yes,,,3.0,Not Returned,, north ,,,2025,Good,2.0
T100655,C70,,60.0,Eldoret,Mombasa,2025-07-06,P913,Monitor, Electronics,BrandA,-10.0,,10.0,0.0,,,,Cash,EMP9,Returning, no ,No,69.0,Delivery,,Not Returned,Damaged, north ,,,2025,,5.0
T100656,C446, male ,25.0,Mombasa,Kisumu,2026-03-28,P364,Bread,,BrandC,,-2.0,0.0,0.0,,,,Card,EMP21,Returning, no ,,134.0,Pickup,,,Damaged,East,,,2025,Good,2.0
T100657,C447,,150.0,Kisumu,Mombasa,2025-08-22,P926,Keyboard,Electronics,BrandA,-10.0,-2.0,5.0,0.0,20.0,13.09,6.91,Card,EMP10,Returning, no ,Yes,,,4.0,Not Returned,Damaged,East,,,2025,Average,2.0
T100658,C327, male ,150.0,Mombasa,Kisumu,2025-06-11,P198,Keyboard,Electronics,BrandB,,-2.0,20.0,0.0,,,,Mobile,EMP9,,No,No,194.0,Delivery,,,Changed Mind,North,,,2025,Bad,2.0
T100659,C179,Male,-5.0,Kisumu,Eldoret,2025-09-11,P260,Lamp,home,BrandC,,-2.0,,0.0,,,,Cash,EMP27,, no ,Yes,-10.0,,2.0,Not Returned,Wrong Item,North,,,2025,,2.0
T100660,C318,Female,18.0,Kisumu,Kisumu,2025-11-24,P509,Jacket,,BrandC,-10.0,,10.0,0.0,,,,cash ,EMP23,New,No,No,-10.0,Pickup,2.0,Returned,Changed Mind, north ,,,2025,Bad,
T100661,C18, male ,-5.0,Eldoret,Kisumu,2025-02-07,P156,Cooker,Home,BrandA,-10.0,,5.0,0.0,,,,cash ,EMP29,,No,Yes,-10.0,Delivery,,Returned,Wrong Item, north ,,,2025,Bad,3.0
T100662,C198,,25.0,Kisumu,Mombasa,2025-10-01,P772,Cooker, Home,BrandA,160.14,,,0.0,,,,,EMP11,, no ,No,-10.0,,2.0,Not Returned,Changed Mind,North,,,2025,,3.0
T100663,C349,Female,45.0,Kisumu,Eldoret,2025-12-17,P802,Rice, Groceries,BrandC,-10.0,-2.0,110.0,0.0,20.0,12.58,7.42,Mobile,EMP8,New,Yes,,,,5.0,Returned,Changed Mind,West,,,2025,Good,
T100664,C64, male ,25.0,Kisumu,Nakuru,2025-09-06,P360,Table, Home,BrandA,-10.0,3.0,0.0,0.0,-30.0,-20.67,-9.33,,EMP13,New,YES,Yes,309.0,Pickup,5.0,Not Returned,,West,,,2025,Bad,1.0
T100665,C420,Male,-5.0,Nakuru,Nakuru,2026-06-05,P511,Lamp,home,BrandB,22.67,6.0,20.0,21.76,136.02,79.96,56.06,Cash,EMP18,Returning, no ,Yes,,Delivery,1.0,Returned,Changed Mind,South,,,2025,Average,4.0
T100666,C148,Female,,Nakuru,Mombasa,2025-03-01,P443,Milk,Groceries,BrandA,365.09,,110.0,0.0,,,,Cash,EMP10,Returning,YES,No,,Delivery,3.0,,Wrong Item,Central,,,2025,,
T100667,C206,FEMALE,34.0,Eldoret,Nairobi,2025-02-25,P658,Lamp,,BrandC,-10.0,1.0,15.0,0.0,-10.0,-8.23,-1.77,,EMP13,, no ,Yes,334.0,,3.0,Not Returned,Damaged, north ,,,2025,,2.0
T100668,C228,Male,45.0,Nairobi,Kisumu,2025-10-04,P855,Bread,groceries,BrandC,123.01,9.0,0.0,177.13,1107.0900000000001,628.61,478.48,Mobile,EMP13,Returning,Yes,No,237.0,Pickup,1.0,Not Returned,,West,,,2025,Good,
T100669,C220,FEMALE,25.0,Nakuru,Eldoret,2025-09-26,P431,Keyboard,Electronics,BrandC,-10.0,5.0,15.0,0.0,-50.0,-30.01,-19.99,cash ,EMP8,New, no ,,,Delivery,,Returned,Changed Mind,North,,,2025,Bad,3.0
T100670,C284,Female,34.0,Kisumu,Nairobi,2025-05-12,P565,Mouse,Electronics,BrandC,289.21,-2.0,0.0,0.0,-578.42,-331.4,-247.02,,EMP23,Returning,Yes,,-10.0,Pickup,1.0,Returned,Damaged, north ,,,2025,,3.0
T100671,C324,FEMALE,-5.0,Mombasa,Nairobi,2025-01-30,P259,Cooker,home,BrandC,296.44,-2.0,10.0,0.0,-592.88,-401.18,-191.7,,EMP5,Returning,No,,-10.0,Delivery,4.0,Returned,Damaged,East,,,2025,Good,1.0
T100672,C304, male ,45.0,Nakuru,Nakuru,2025-09-06,P860,Rice,groceries,BrandA,411.81,3.0,5.0,197.67,1235.43,725.67,509.76,Card,EMP24,New, no ,Yes,45.0,Delivery,2.0,Returned,Wrong Item,North,,,2025,Bad,5.0
T100673,C476,Male,-5.0,Nakuru,Eldoret,2025-10-26,P332,Bread,groceries,BrandA,119.43,,5.0,0.0,,,,,EMP17,, no ,No,,Pickup,2.0,,Damaged,South,,,2025,Bad,4.0
T100674,C453, male ,-5.0,Eldoret,Kisumu,2025-09-21,P186,Monitor, Electronics,BrandA,-10.0,,,0.0,,,,Card,EMP27,New,YES,,-10.0,Pickup,3.0,Returned,Changed Mind,South,,,2025,Average,2.0
T100675,C460,,,Nairobi,Nairobi,2025-04-28,P177,Jeans,clothing,BrandB,,,0.0,0.0,,,,,EMP29,,YES,No,342.0,Pickup,5.0,Returned,Changed Mind,Central,,,2025,Bad,5.0
T100676,C458,FEMALE,60.0,Kisumu,Mombasa,2025-11-01,P891,Jeans,clothing,BrandA,160.55,-2.0,10.0,0.0,-321.1,-240.3,-80.8,Card,EMP20,Returning,Yes,No,236.0,Delivery,1.0,,,North,,,2025,,4.0
T100677,C68,Female,34.0,Kisumu,Mombasa,2025-08-19,P603,Keyboard,electronics,BrandC,407.79,5.0,110.0,326.23,2038.95,1263.94,775.01,Cash,EMP18,, no ,Yes,111.0,Delivery,5.0,Not Returned,,Central,,,2025,Bad,2.0
T100678,C288,Female,34.0,Nakuru,Nakuru,2026-01-30,P597,Jacket,Clothing,BrandA,258.31,,0.0,0.0,,,,Cash,EMP27,Returning, no ,Yes,-10.0,,3.0,,Wrong Item,South,,,2025,,3.0
T100679,C84,Female,18.0,Mombasa,Mombasa,2025-01-31,P297,Laptop,,BrandC,-10.0,-2.0,110.0,0.0,20.0,15.18,4.82,Mobile,EMP15,Returning, no ,No,-10.0,,1.0,Not Returned,Wrong Item,South,,,2025,,
T100680,C103,Female,,Nakuru,Eldoret,2025-10-09,P393,Jeans,Clothing,BrandC,403.58,-2.0,110.0,0.0,-807.16,-476.53,-330.63,,EMP10,,No,No,422.0,,3.0,,, north ,,,2025,,3.0
T100681,C406,Male,150.0,Nakuru,Nakuru,2025-12-21,P147,Sugar,,BrandB,-10.0,,0.0,0.0,,,,,EMP1,,No,No,,Pickup,3.0,Returned,Damaged, north ,,,2025,Average,5.0
T100682,C162,FEMALE,25.0,Nakuru,Kisumu,2026-03-19,P655,Lamp,home,BrandC,,-2.0,20.0,0.0,,,,Card,EMP1,Returning, no ,,-10.0,Delivery,1.0,,Wrong Item, north ,,,2025,Bad,4.0
T100683,C482,,45.0,Mombasa,Mombasa,2025-09-28,P545,Table, Home,BrandC,,7.0,0.0,0.0,,,,cash ,EMP8,New,YES,Yes,-10.0,Delivery,4.0,Not Returned,,North,,,2025,Good,4.0
T100684,C164, male ,60.0,Kisumu,Kisumu,2025-06-03,P320,Jacket, Clothing,BrandA,282.55,-2.0,15.0,0.0,-565.1,-485.72,-79.38,Mobile,EMP9,,Yes,Yes,-10.0,Pickup,5.0,Not Returned,Changed Mind, north ,,,2025,,
T100685,C290,Male,25.0,Kisumu,Kisumu,2025-07-11,P391,Jacket,Clothing,BrandC,383.88,-2.0,5.0,0.0,-767.76,-596.88,-170.88,cash ,EMP12,,Yes,No,244.0,,1.0,,Wrong Item,North,,,2025,Good,
T100686,C289,,-5.0,Kisumu,Mombasa,2026-04-24,P241,Bread,groceries,BrandA,,5.0,20.0,0.0,,,,cash ,EMP11,,No,,-10.0,Delivery,,Not Returned,Changed Mind, north ,,,2025,Average,5.0
T100687,C66, male ,34.0,Mombasa,Kisumu,2026-03-29,P173,Cooker,,BrandC,,10.0,15.0,0.0,,,,Cash,EMP21,,YES,No,,,5.0,Returned,Wrong Item,South,,,2025,Average,2.0
T100688,C140,FEMALE,-5.0,Nakuru,Kisumu,2025-10-02,P297,Mouse,electronics,BrandB,420.73,2.0,15.0,134.63,841.46,655.32,186.14,,EMP14,Returning,No,No,-10.0,,4.0,Returned,Changed Mind,East,,,2025,,4.0
T100689,C210, male ,18.0,Mombasa,Eldoret,2026-02-07,P440,Shirt,,BrandC,388.12,,20.0,0.0,,,,Card,EMP26,New,No,Yes,,Pickup,1.0,Not Returned,Wrong Item,South,,,2025,,4.0
T100690,C494,Female,60.0,Nairobi,Nakuru,2025-08-27,P813,Milk, Groceries,BrandB,104.6,,20.0,0.0,,,,Mobile,EMP2,,Yes,,,,5.0,,Damaged, north ,,,2025,,1.0
T100691,C93,Female,25.0,Mombasa,Kisumu,2025-03-20,P774,Sugar,groceries,BrandA,,,5.0,0.0,,,,,EMP23,,YES,No,-10.0,Delivery,4.0,Not Returned,Changed Mind,East,,,2025,,1.0
T100692,C186,FEMALE,150.0,Kisumu,Kisumu,2025-11-14,P711,Shirt,clothing,BrandA,-10.0,7.0,15.0,0.0,-70.0,-62.41,-7.59,Card,EMP9,New, no ,,,Delivery,5.0,,Wrong Item,South,,,2025,Average,5.0
T100693,C70,Female,18.0,Eldoret,Nairobi,2025-04-21,P813,Lamp, Home,BrandA,,9.0,,0.0,,,,,EMP20,New,YES,No,,Delivery,,Not Returned,Changed Mind,North,,,2025,,
T100694,C339, male ,45.0,Eldoret,Eldoret,2025-02-07,P179,Shirt,,BrandA,-10.0,,,0.0,,,,cash ,EMP21,New,Yes,No,101.0,Delivery,3.0,Returned,,South,,,2025,Bad,
T100695,C179,Male,34.0,Kisumu,Nairobi,2025-06-12,P301,Shirt,Clothing,BrandB,-10.0,-2.0,10.0,0.0,20.0,13.82,6.18,Mobile,EMP16,New,No,Yes,264.0,,3.0,Not Returned,Wrong Item,North,,,2025,Average,5.0
T100696,C131,Male,,Kisumu,Kisumu,2025-02-17,P556,Mouse,,BrandB,79.24,-2.0,20.0,0.0,-158.48,-102.51,-55.97,,EMP23,,No,No,,Delivery,3.0,Not Returned,Wrong Item,South,,,2025,Average,
T100697,C200,Female,150.0,Nakuru,Nairobi,2025-08-19,P323,Shirt,Clothing,BrandC,429.14,,20.0,0.0,,,,cash ,EMP21,,Yes,No,,Delivery,4.0,Not Returned,Changed Mind,East,,,2025,Average,4.0
T100698,C172,Male,150.0,Nakuru,Kisumu,2025-11-22,P800,Lamp,Home,BrandA,,1.0,10.0,0.0,,,,cash ,EMP22,Returning,No,No,,Delivery,5.0,Returned,,East,,,2025,Good,1.0
T100699,C393,Female,45.0,Kisumu,Mombasa,2025-07-03,P829,Rice,Groceries,BrandB,28.47,9.0,110.0,41.0,256.23,201.96,54.27,Card,EMP12,,Yes,,-10.0,Delivery,,Returned,Wrong Item,West,,,2025,Bad,1.0
T100700,C414,,,Kisumu,Kisumu,2026-05-14,P610,Bread,,BrandA,,,20.0,0.0,,,,cash ,EMP24,New, no ,,-10.0,,2.0,,,East,,,2025,Bad,5.0
T100701,C56,FEMALE,25.0,Eldoret,Mombasa,2025-09-25,P479,Sugar, Groceries,BrandC,,6.0,15.0,0.0,,,,Cash,EMP27,, no ,No,-10.0,Pickup,1.0,Not Returned,,South,,,2025,,4.0
T100702,C91,Male,,Eldoret,Eldoret,2025-09-04,P589,Lamp,Home,BrandA,-10.0,7.0,5.0,0.0,-70.0,-43.61,-26.39,,EMP14,,No,,-10.0,Pickup,4.0,Returned,Changed Mind,Central,,,2025,Average,5.0
T100703,C173,FEMALE,18.0,Kisumu,Eldoret,2025-01-30,P253,Monitor,,BrandC,292.68,-2.0,20.0,0.0,-585.36,-299.52,-285.84,Cash,EMP21,Returning,Yes,Yes,,,2.0,Returned,Changed Mind,Central,,,2025,Good,
T100704,C274,Male,-5.0,Nairobi,Nakuru,2025-09-17,P499,Keyboard,Electronics,BrandB,-10.0,2.0,15.0,0.0,-20.0,-17.49,-2.51,Cash,EMP18,New,Yes,Yes,,,1.0,Returned,,West,,,2025,Bad,1.0
T100705,C130, male ,45.0,Kisumu,Nakuru,2025-10-21,P272,Shirt,clothing,BrandB,,8.0,,0.0,,,,Cash,EMP5,New, no ,No,284.0,,5.0,Returned,Wrong Item,North,,,2025,Average,4.0
T100706,C187,Male,34.0,Nairobi,Nairobi,2025-03-08,P623,Cooker,,BrandA,,,15.0,0.0,,,,,EMP18,New, no ,,-10.0,,,Returned,Changed Mind,West,,,2025,Bad,
T100707,C311,,34.0,Kisumu,Eldoret,2025-09-19,P311,Rice, Groceries,BrandA,320.22,7.0,,358.65,2241.54,1932.77,308.77,cash ,EMP20,,No,Yes,-10.0,Pickup,5.0,Returned,Changed Mind,East,,,2025,,
T100708,C174,Male,34.0,Nakuru,Eldoret,2026-02-23,P800,Mouse, Electronics,BrandA,,-2.0,20.0,0.0,,,,Cash,EMP11,,Yes,No,,,1.0,Returned,Changed Mind,North,,,2025,Bad,4.0
T100709,C227,,18.0,Eldoret,Nairobi,2025-04-22,P498,Rice,groceries,BrandA,,-2.0,110.0,0.0,,,,Card,EMP8,Returning,No,,-10.0,Pickup,3.0,Returned,Changed Mind,West,,,2025,Good,3.0
T100710,C360, male ,150.0,Mombasa,Nairobi,2026-01-25,P693,Shirt, Clothing,BrandB,,-2.0,,0.0,,,,Card,EMP21,,YES,,,,4.0,Returned,Wrong Item,West,,,2025,Average,1.0
T100711,C221,Male,150.0,Kisumu,Nairobi,2026-05-26,P831,Cooker,,BrandB,-10.0,4.0,5.0,0.0,-40.0,-30.88,-9.12,cash ,EMP9,Returning, no ,No,,Pickup,5.0,,Changed Mind,East,,,2025,Good,
T100712,C365,Female,34.0,Eldoret,Mombasa,2025-01-22,P648,Shoes, Clothing,BrandB,,3.0,,0.0,,,,cash ,EMP5,Returning, no ,,-10.0,,,,Wrong Item,East,,,2025,Good,5.0
T100713,C372,,150.0,Eldoret,Nairobi,2026-06-14,P187,Keyboard, Electronics,BrandB,-10.0,,110.0,0.0,,,,Cash,EMP19,New,No,No,,Delivery,5.0,Returned,Changed Mind,Central,,,2025,Bad,1.0
T100714,C327, male ,18.0,Eldoret,Eldoret,2025-03-22,P169,Keyboard, Electronics,BrandB,-10.0,-2.0,15.0,0.0,20.0,13.66,6.34,Cash,EMP19,Returning,YES,,284.0,Pickup,3.0,Not Returned,,West,,,2025,Good,1.0
T100715,C303,FEMALE,,Eldoret,Kisumu,2025-04-07,P219,Mouse,electronics,BrandA,212.91,8.0,110.0,272.52,1703.28,917.79,785.49,cash ,EMP17,New,No,Yes,,,4.0,Not Returned,Damaged, north ,,,2025,Bad,4.0
T100716,C133,Male,18.0,Mombasa,Nakuru,2025-06-10,P464,Laptop,Electronics,BrandC,-10.0,,10.0,0.0,,,,cash ,EMP27,New,YES,Yes,-10.0,,4.0,,Changed Mind,South,,,2025,Average,1.0
T100717,C314,,-5.0,Kisumu,Mombasa,2025-03-16,P356,Mouse, Electronics,BrandC,106.41,3.0,110.0,51.08,319.23,258.03,61.2,cash ,EMP18,Returning,Yes,Yes,276.0,,3.0,,Changed Mind,West,,,2025,,5.0
T100718,C62,Male,-5.0,Nairobi,Mombasa,2026-03-08,P829,Shirt, Clothing,BrandB,,-2.0,0.0,0.0,,,,,EMP12,Returning,YES,,-10.0,Delivery,5.0,Returned,Damaged,East,,,2025,Bad,2.0
T100719,C95,Male,60.0,Eldoret,Nairobi,2026-04-11,P215,Monitor, Electronics,BrandA,,-2.0,15.0,0.0,,,,,EMP8,New, no ,No,,,5.0,Not Returned,,South,,,2025,Good,4.0
T100720,C158,,25.0,Nakuru,Nakuru,2025-07-11,P185,Table, Home,BrandC,,10.0,0.0,0.0,,,,,EMP7,New, no ,No,-10.0,,,Not Returned,Wrong Item,West,,,2025,,2.0
T100721,C472,Female,34.0,Eldoret,Eldoret,2025-10-13,P796,Sugar,Groceries,BrandC,,7.0,15.0,0.0,,,,cash ,EMP9,Returning,No,Yes,,Pickup,4.0,,,East,,,2025,Bad,3.0
T100722,C317,Female,150.0,Kisumu,Kisumu,2025-06-09,P354,Milk, Groceries,BrandC,,8.0,110.0,0.0,,,,Cash,EMP6,,Yes,,408.0,,3.0,,Wrong Item,North,,,2025,Bad,4.0
T100723,C162,FEMALE,25.0,Nakuru,Nakuru,2025-01-07,P189,Table,,BrandA,,-2.0,20.0,0.0,,,,cash ,EMP6,, no ,Yes,42.0,Pickup,5.0,Not Returned,Wrong Item,West,,,2025,Bad,5.0
T100724,C460, male ,150.0,Nakuru,Kisumu,2025-11-08,P690,Table,home,BrandB,,,15.0,0.0,,,,cash ,EMP17,Returning,No,Yes,133.0,,1.0,Not Returned,Wrong Item,South,,,2025,Good,3.0
T100725,C25,FEMALE,25.0,Eldoret,Kisumu,2025-03-06,P291,Cooker,,BrandB,-10.0,,20.0,0.0,,,,,EMP27,Returning,YES,No,-10.0,Delivery,2.0,Not Returned,Wrong Item,East,,,2025,,4.0
T100726,C482,Female,60.0,Nairobi,Nakuru,2025-10-28,P900,Lamp,,BrandC,468.16,,,0.0,,,,cash ,EMP6,New,Yes,,447.0,,3.0,Returned,Damaged,West,,,2025,Good,1.0
T100727,C359,,150.0,Kisumu,Mombasa,2025-10-03,P251,Rice,groceries,BrandB,125.87,4.0,20.0,80.56,503.48,427.2,76.28,Cash,EMP3,Returning,YES,,369.0,,4.0,Not Returned,Changed Mind,East,,,2025,Good,5.0
T100728,C483,Male,34.0,Nakuru,Kisumu,2025-06-25,P541,Table,home,BrandA,-10.0,,15.0,0.0,,,,Cash,EMP29,Returning,YES,,,,2.0,Not Returned,Changed Mind,East,,,2025,Average,1.0
T100729,C169,,34.0,Kisumu,Eldoret,2025-05-01,P563,Shoes,clothing,BrandA,-10.0,-2.0,20.0,0.0,20.0,11.18,8.82,,EMP13,,YES,Yes,,,4.0,Returned,Wrong Item,South,,,2025,,3.0
T100730,C353,Male,60.0,Nairobi,Mombasa,2025-02-24,P866,Cooker,home,BrandC,-10.0,,0.0,0.0,,,,Cash,EMP24,New,No,,194.0,Pickup,1.0,Returned,,Central,,,2025,Average,5.0
T100731,C25,,45.0,Eldoret,Nakuru,2025-01-17,P148,Jacket,Clothing,BrandB,-10.0,1.0,0.0,0.0,-10.0,-5.55,-4.45,Cash,EMP4,Returning,YES,,,Pickup,5.0,,Wrong Item,South,,,2025,Average,2.0
T100732,C400, male ,25.0,Nakuru,Mombasa,2025-03-17,P965,Table,,BrandC,,-2.0,110.0,0.0,,,,,EMP16,, no ,Yes,-10.0,Delivery,1.0,Not Returned,,West,,,2025,Average,4.0
T100733,C273,FEMALE,60.0,Eldoret,Mombasa,2026-05-08,P412,Rice,,BrandA,-10.0,,20.0,0.0,,,,Mobile,EMP10,Returning,YES,,-10.0,Delivery,1.0,Returned,, north ,,,2025,Bad,1.0
T100734,C211,,34.0,Kisumu,Eldoret,2026-02-10,P542,Bread,groceries,BrandB,,,20.0,0.0,,,,cash ,EMP1,New,No,No,,,2.0,,Damaged,South,,,2025,Average,2.0
T100735,C231, male ,,Nairobi,Nakuru,2025-08-17,P465,Sugar,,BrandC,-10.0,-2.0,15.0,0.0,20.0,16.98,3.02,Cash,EMP11,,No,No,459.0,Pickup,,Returned,Changed Mind, north ,,,2025,Average,
T100736,C2,FEMALE,,Mombasa,Eldoret,2025-13-40,P805,Rice,Groceries,BrandC,39.7,-2.0,110.0,0.0,-79.4,-60.72,-18.68,,EMP24,New,YES,,,Delivery,2.0,,Damaged,West,,,2025,Bad,1.0
T100737,C55,Male,34.0,Nakuru,Eldoret,2025-01-21,P224,Jeans, Clothing,BrandA,110.36,,110.0,0.0,,,,Cash,EMP30,Returning,Yes,Yes,,Pickup,2.0,Returned,Changed Mind, north ,,,2025,Good,5.0
T100738,C178,Male,150.0,Kisumu,Kisumu,2025-05-02,P749,Cooker,Home,BrandA,65.76,,0.0,0.0,,,,,EMP12,New, no ,,,Pickup,2.0,,Changed Mind,North,,,2025,Good,2.0
T100739,C91, male ,25.0,Nairobi,Nakuru,2025-03-16,P951,Laptop, Electronics,BrandA,299.09,-2.0,15.0,0.0,-598.18,-469.07,-129.11,cash ,EMP4,Returning,YES,,-10.0,,2.0,Returned,, north ,,,2025,Good,4.0
T100740,C344,Female,150.0,Nairobi,Eldoret,2025-12-01,P155,Shirt,clothing,BrandA,,,0.0,0.0,,,,Cash,EMP25,New, no ,No,,Pickup,4.0,Returned,Damaged,North,,,2025,Bad,4.0
T100741,C328,FEMALE,25.0,Mombasa,Nakuru,2026-01-03,P376,Chair,home,BrandA,,,110.0,0.0,,,,Card,EMP11,Returning,No,,56.0,,,Not Returned,Changed Mind,Central,,,2025,Good,
T100742,C374,Male,45.0,Kisumu,Mombasa,2025-12-17,P996,Sugar,,BrandA,429.86,4.0,,275.11,1719.44,1244.78,474.66,Mobile,EMP27,Returning, no ,No,-10.0,Delivery,,,Damaged,North,,,2025,Average,5.0
T100743,C258,Male,60.0,Mombasa,Mombasa,2026-06-10,P956,Milk, Groceries,BrandC,-10.0,4.0,10.0,0.0,-40.0,-29.23,-10.77,Mobile,EMP11,Returning,YES,,-10.0,Delivery,1.0,Returned,,South,,,2025,,4.0
T100744,C426,,60.0,Nairobi,Nakuru,2025-10-31,P117,Jeans,Clothing,BrandB,472.53,,15.0,0.0,,,,,EMP27,New,YES,,224.0,Delivery,,,Damaged,North,,,2025,Average,2.0
T100745,C407,Male,18.0,Nairobi,Kisumu,2025-09-17,P251,Jeans,,BrandA,-10.0,5.0,10.0,0.0,-50.0,-28.95,-21.05,cash ,EMP2,, no ,,,Pickup,3.0,Not Returned,Wrong Item,Central,,,2025,Good,4.0
T100746,C147,Female,150.0,Eldoret,Nairobi,2026-04-06,P789,Chair,Home,BrandC,,,0.0,0.0,,,,Cash,EMP8,Returning,No,,-10.0,,1.0,Not Returned,Wrong Item,North,,,2025,Good,1.0
T100747,C307,Female,60.0,Mombasa,Eldoret,2025-12-26,P912,Mouse,electronics,BrandA,-10.0,-2.0,,0.0,20.0,12.13,7.87,,EMP25,,YES,,-10.0,Pickup,2.0,Not Returned,Wrong Item,East,,,2025,Bad,3.0
T100748,C390,,60.0,Mombasa,Nairobi,2025-11-03,P718,Keyboard, Electronics,BrandC,-10.0,-2.0,20.0,0.0,20.0,12.49,7.51,Cash,EMP13,Returning, no ,No,-10.0,Pickup,4.0,,Wrong Item,Central,,,2025,Good,3.0
T100749,C74,,150.0,Nakuru,Nairobi,2026-02-25,P992,Cooker,,BrandB,447.94,-2.0,10.0,0.0,-895.88,-694.13,-201.75,Card,EMP5,,Yes,,356.0,Pickup,1.0,Not Returned,Changed Mind,East,,,2025,Average,4.0
T100750,C79,Male,18.0,Kisumu,Mombasa,2026-02-22,P552,Bread,groceries,BrandC,-10.0,-2.0,0.0,0.0,20.0,14.82,5.18,cash ,EMP1,New,No,,-10.0,Pickup,,,Wrong Item,West,,,2025,Good,1.0
T100751,C174,FEMALE,45.0,Nakuru,Kisumu,2025-02-23,P958,Jacket,Clothing,BrandB,-10.0,-2.0,20.0,0.0,20.0,16.11,3.89,Cash,EMP13,New,Yes,No,10.0,Pickup,1.0,,Damaged,East,,,2025,Bad,1.0
T100752,C289,Female,60.0,Eldoret,Kisumu,2025-07-13,P981,Table,,BrandB,384.05,-2.0,20.0,0.0,-768.1,-483.73,-284.37,Card,EMP10,Returning, no ,Yes,-10.0,,4.0,,,North,,,2025,,2.0
T100753,C348,Male,18.0,Nakuru,Mombasa,2026-02-21,P219,Chair, Home,BrandC,390.72,,5.0,0.0,,,,cash ,EMP16,New,Yes,No,,Delivery,4.0,,,South,,,2025,Average,1.0
T100754,C158,Male,25.0,Eldoret,Nakuru,2025-08-10,P156,Laptop,,BrandC,246.41,-2.0,10.0,0.0,-492.82,-427.12,-65.7,cash ,EMP17,Returning,No,Yes,182.0,Delivery,,Returned,Damaged, north ,,,2025,,5.0
T100755,C273,FEMALE,34.0,Kisumu,Mombasa,2025-08-16,P251,Table,,BrandA,,,,0.0,,,,Cash,EMP17,New,Yes,No,,,5.0,,,West,,,2025,Bad,1.0
T100756,C485,FEMALE,60.0,Nakuru,Mombasa,2025-13-40,P591,Jeans,Clothing,BrandC,-10.0,,5.0,0.0,,,,,EMP1,,Yes,Yes,,Delivery,2.0,Returned,Changed Mind, north ,,,2025,Average,
T100757,C183,Female,25.0,Mombasa,Eldoret,2025-05-05,P777,Jeans,Clothing,BrandA,212.22,,20.0,0.0,,,,,EMP9,New,YES,No,-10.0,,2.0,Returned,Changed Mind,North,,,2025,Good,5.0
T100758,C433,FEMALE,150.0,Eldoret,Nakuru,2025-11-16,P404,Shoes,,BrandC,,8.0,15.0,0.0,,,,Card,EMP11,New,YES,Yes,,,1.0,Returned,Changed Mind,East,,,2025,Average,1.0
T100759,C57, male ,18.0,Mombasa,Eldoret,2025-10-26,P505,Sugar,groceries,BrandB,358.95,-2.0,0.0,0.0,-717.9,-579.85,-138.05,,EMP28,,No,Yes,-10.0,Pickup,2.0,Not Returned,Changed Mind,South,,,2025,Bad,4.0
T100760,C174,Male,60.0,Mombasa,Nairobi,2025-04-05,P864,Shirt,clothing,BrandC,-10.0,,110.0,0.0,,,,Cash,EMP20,Returning,YES,,,Pickup,2.0,Returned,Changed Mind,East,,,2025,Average,
T100761,C226, male ,-5.0,Nakuru,Nairobi,2025-05-26,P236,Jacket,,BrandB,,2.0,,0.0,,,,Mobile,EMP4,, no ,Yes,472.0,Pickup,5.0,Returned,Damaged, north ,,,2025,,3.0
T100762,C20,Female,-5.0,Eldoret,Eldoret,2025-09-19,P415,Keyboard, Electronics,BrandA,139.39,-2.0,110.0,0.0,-278.78,-206.97,-71.81,cash ,EMP22,New,YES,Yes,,,4.0,Returned,Damaged,South,,,2025,Good,5.0
T100763,C451, male ,,Kisumu,Mombasa,2025-13-40,P800,Bread, Groceries,BrandB,254.12,,15.0,0.0,,,,,EMP27,,YES,Yes,-10.0,Pickup,1.0,,Wrong Item,Central,,,2025,,1.0
T100764,C255,Female,150.0,Nakuru,Mombasa,2025-12-13,P178,Jacket,clothing,BrandB,5.33,-2.0,0.0,0.0,-10.66,-7.37,-3.29,Cash,EMP1,,No,No,,,2.0,,Changed Mind,South,,,2025,,1.0
T100765,C449,,34.0,Nairobi,Nairobi,2025-08-29,P600,Cooker,,BrandC,,,110.0,0.0,,,,cash ,EMP1,New,YES,No,,Delivery,4.0,Returned,Wrong Item,North,,,2025,Good,2.0
T100766,C362, male ,60.0,Nakuru,Nairobi,2025-07-19,P826,Mouse, Electronics,BrandB,-10.0,,110.0,0.0,,,,Mobile,EMP7,Returning, no ,No,,Delivery,5.0,,Damaged,South,,,2025,,1.0
T100767,C251,FEMALE,,Nairobi,Nakuru,2025-10-22,P454,Chair,Home,BrandB,242.42,-2.0,0.0,0.0,-484.84,-326.03,-158.81,cash ,EMP10,,YES,No,387.0,Delivery,2.0,Returned,, north ,,,2025,Bad,3.0
T100768,C492,,45.0,Eldoret,Eldoret,2025-10-08,P123,Chair, Home,BrandC,198.25,1.0,0.0,31.72,198.25,145.74,52.51,cash ,EMP13,,No,No,-10.0,Delivery,2.0,,Damaged,East,,,2025,Bad,5.0
T100769,C499,Male,25.0,Kisumu,Eldoret,2025-04-20,P431,Table,home,BrandB,,-2.0,110.0,0.0,,,,,EMP24,New,No,No,,,5.0,,Wrong Item,Central,,,2025,Average,5.0
T100770,C100, male ,-5.0,Nairobi,Nakuru,2025-05-21,P902,Mouse,,BrandA,-10.0,-2.0,5.0,0.0,20.0,11.48,8.52,,EMP23,New,YES,Yes,,Delivery,1.0,Returned,Changed Mind,North,,,2025,Good,4.0
T100771,C290,FEMALE,45.0,Kisumu,Nakuru,2025-12-07,P953,Lamp,home,BrandC,,-2.0,20.0,0.0,,,,Cash,EMP12,,Yes,No,161.0,Pickup,4.0,Not Returned,Damaged,Central,,,2025,Good,5.0
T100772,C301,Female,25.0,Nakuru,Eldoret,2025-05-06,P716,Shirt,Clothing,BrandA,385.71,,110.0,0.0,,,,Cash,EMP8,, no ,Yes,-10.0,Pickup,,,Wrong Item,Central,,,2025,Good,1.0
T100773,C301,FEMALE,60.0,Nakuru,Mombasa,2026-05-27,P283,Lamp,,BrandB,,,,0.0,,,,Card,EMP8,Returning, no ,,-10.0,Delivery,2.0,Returned,Wrong Item,North,,,2025,Average,2.0
T100774,C369,Female,34.0,Nairobi,Nairobi,2025-13-40,P630,Table,,BrandB,,,20.0,0.0,,,,cash ,EMP9,Returning,No,,,Pickup,1.0,Not Returned,,South,,,2025,Bad,1.0
T100775,C130, male ,34.0,Mombasa,Mombasa,2026-05-22,P702,Rice,,BrandC,-10.0,-2.0,,0.0,20.0,10.97,9.03,cash ,EMP23,Returning, no ,No,8.0,Delivery,3.0,Returned,,Central,,,2025,Average,1.0
T100776,C237,,150.0,Eldoret,Nairobi,2026-04-09,P255,Shirt,clothing,BrandA,49.91,-2.0,,0.0,-99.82,-77.07,-22.75,,EMP21,Returning, no ,Yes,,Pickup,4.0,Not Returned,Damaged,South,,,2025,,4.0
T100777,C241,Male,,Mombasa,Nairobi,2025-11-14,P393,Table,,BrandA,-10.0,1.0,20.0,0.0,-10.0,-7.71,-2.29,Cash,EMP23,New, no ,No,43.0,,4.0,Returned,Changed Mind,South,,,2025,,5.0
T100778,C147, male ,,Kisumu,Mombasa,2025-05-19,P145,Laptop,Electronics,BrandC,-10.0,-2.0,20.0,0.0,20.0,10.0,10.0,Cash,EMP18,Returning,Yes,No,488.0,Delivery,4.0,Returned,, north ,,,2025,,2.0
T100779,C347,,60.0,Mombasa,Nairobi,2025-03-14,P277,Keyboard, Electronics,BrandA,-10.0,,5.0,0.0,,,,Card,EMP4,New,No,,-10.0,Pickup,5.0,Returned,Changed Mind,North,,,2025,Average,
T100780,C207,Female,-5.0,Mombasa,Kisumu,2025-07-01,P628,Milk,,BrandB,468.5,,10.0,0.0,,,,cash ,EMP6,New,Yes,No,103.0,Delivery,4.0,Not Returned,Changed Mind,West,,,2025,Average,
T100781,C445,,45.0,Mombasa,Nairobi,2026-03-17,P726,Cooker,,BrandC,-10.0,,10.0,0.0,,,,Mobile,EMP29,New,No,No,-10.0,Delivery,2.0,Not Returned,Damaged,Central,,,2025,Bad,2.0
T100782,C16, male ,,Nairobi,Nakuru,2025-12-07,P193,Rice,groceries,BrandB,429.33,-2.0,10.0,0.0,-858.66,-671.0,-187.66,,EMP4,New, no ,,99.0,Delivery,1.0,Returned,Wrong Item,West,,,2025,Average,4.0
T100783,C68, male ,150.0,Eldoret,Mombasa,2025-01-01,P907,Milk,Groceries,BrandC,-10.0,10.0,,0.0,-100.0,-77.39,-22.61,Card,EMP28,Returning,Yes,No,298.0,,4.0,,Damaged,Central,,,2025,Bad,1.0
T100784,C375,FEMALE,34.0,Mombasa,Kisumu,2026-06-06,P893,Jacket,,BrandA,,3.0,20.0,0.0,,,,Card,EMP19,,No,No,-10.0,,,Not Returned,Damaged,South,,,2025,Average,3.0
T100785,C415,FEMALE,45.0,Kisumu,Kisumu,2025-06-04,P806,Table,Home,BrandC,7.32,8.0,,9.37,58.56,36.99,21.57,Cash,EMP18,New,No,Yes,-10.0,Pickup,4.0,,,North,,,2025,Bad,
T100786,C87,Female,45.0,Kisumu,Nairobi,2025-02-07,P603,Mouse,electronics,BrandC,,-2.0,10.0,0.0,,,,Card,EMP16,Returning,YES,No,-10.0,Pickup,5.0,Not Returned,Changed Mind,South,,,2025,,1.0
T100787,C125,Male,34.0,Mombasa,Nairobi,2025-12-28,P413,Monitor,,BrandC,-10.0,4.0,5.0,0.0,-40.0,-29.94,-10.06,Card,EMP24,Returning,No,No,,Delivery,3.0,,Wrong Item, north ,,,2025,Good,1.0
T100788,C488,Male,18.0,Mombasa,Eldoret,2025-06-02,P203,Sugar, Groceries,BrandB,117.36,8.0,110.0,150.22,938.88,714.27,224.61,Cash,EMP26,New,Yes,No,-10.0,,5.0,Returned,Damaged,South,,,2025,Bad,
T100789,C409,FEMALE,,Mombasa,Nairobi,2025-04-14,P673,Monitor,,BrandB,464.68,,15.0,0.0,,,,Card,EMP28,,Yes,Yes,404.0,,5.0,,Damaged,North,,,2025,Average,1.0
T100790,C111, male ,18.0,Nairobi,Kisumu,2025-06-27,P920,Jeans,clothing,BrandC,,-2.0,5.0,0.0,,,,Card,EMP25,New,Yes,Yes,24.0,,4.0,Returned,Damaged,North,,,2025,,1.0
T100791,C311,FEMALE,150.0,Nakuru,Eldoret,2025-10-09,P643,Cooker, Home,BrandB,304.59,,10.0,0.0,,,,,EMP24,Returning,YES,No,-10.0,Delivery,4.0,Returned,,West,,,2025,,
T100792,C293,Male,-5.0,Kisumu,Nakuru,2026-03-26,P879,Lamp,home,BrandC,,4.0,0.0,0.0,,,,Mobile,EMP29,New,No,Yes,,Delivery,1.0,,Damaged,West,,,2025,Bad,
T100793,C338,FEMALE,,Mombasa,Nairobi,2025-06-06,P701,Mouse, Electronics,BrandA,28.56,10.0,15.0,45.7,285.59999999999997,209.14,76.46,cash ,EMP2,,Yes,No,,,,Not Returned,,East,,,2025,,4.0
T100794,C150,FEMALE,25.0,Nakuru,Kisumu,2026-04-06,P442,Laptop,Electronics,BrandB,-10.0,,5.0,0.0,,,,Card,EMP17,,No,,,Pickup,5.0,,Changed Mind, north ,,,2025,Bad,
T100795,C94,FEMALE,60.0,Mombasa,Mombasa,2026-02-10,P606,Milk,Groceries,BrandA,-10.0,,20.0,0.0,,,,Mobile,EMP7,New, no ,,111.0,Pickup,2.0,Returned,, north ,,,2025,Bad,5.0
T100796,C486, male ,25.0,Kisumu,Kisumu,2025-08-24,P547,Mouse,,BrandA,-10.0,-2.0,15.0,0.0,20.0,10.29,9.71,Card,EMP9,Returning,No,Yes,,,3.0,Not Returned,Damaged,West,,,2025,Average,3.0
T100797,C452,Male,25.0,Nakuru,Nairobi,2026-04-25,P127,Sugar,Groceries,BrandB,-10.0,-2.0,,0.0,20.0,13.73,6.27,,EMP14,New,Yes,,,Pickup,3.0,Not Returned,Changed Mind,East,,,2025,Average,1.0
T100798,C447,Female,18.0,Mombasa,Nakuru,2026-03-20,P206,Keyboard,Electronics,BrandA,-10.0,-2.0,20.0,0.0,20.0,14.19,5.81,Mobile,EMP16,,No,Yes,-10.0,,3.0,Not Returned,Changed Mind,East,,,2025,,4.0
T100799,C251,Female,,Nakuru,Nairobi,2025-07-05,P121,Shoes,,BrandA,457.89,,10.0,0.0,,,,Mobile,EMP2,New, no ,Yes,,,1.0,,, north ,,,2025,Good,5.0
T100800,C19,FEMALE,,Mombasa,Mombasa,2026-03-21,P796,Lamp,,BrandC,209.1,-2.0,20.0,0.0,-418.2,-243.03,-175.17,,EMP30,Returning,YES,,390.0,Pickup,4.0,Not Returned,Damaged,Central,,,2025,Average,5.0
T100801,C165,Male,25.0,Eldoret,Kisumu,2026-05-12,P173,Mouse, Electronics,BrandC,436.34,7.0,,488.7,3054.3799999999997,1923.68,1130.7,cash ,EMP28,New, no ,Yes,,,1.0,,Damaged,West,,,2025,Good,4.0
T100802,C360,,45.0,Nairobi,Mombasa,2025-02-07,P249,Shirt,clothing,BrandC,,9.0,20.0,0.0,,,,cash ,EMP17,New,Yes,Yes,-10.0,Delivery,1.0,,Damaged, north ,,,2025,Bad,5.0
T100803,C89,,34.0,Nakuru,Eldoret,2026-04-05,P700,Keyboard,Electronics,BrandC,,-2.0,15.0,0.0,,,,Cash,EMP20,Returning,No,Yes,348.0,Pickup,4.0,,, north ,,,2025,,5.0
T100804,C386, male ,18.0,Kisumu,Nairobi,2026-05-08,P226,Shirt,Clothing,BrandB,,-2.0,20.0,0.0,,,,Mobile,EMP28,New,YES,Yes,-10.0,,3.0,,Wrong Item,Central,,,2025,,1.0
T100805,C165,,34.0,Nakuru,Eldoret,2026-02-13,P772,Shirt,,BrandA,309.82,8.0,,396.57,2478.56,2181.7,296.86,Cash,EMP12,Returning,No,,,,3.0,Returned,Wrong Item,East,,,2025,Good,5.0
T100806,C283,,150.0,Nairobi,Eldoret,2025-06-20,P776,Laptop,,BrandB,-10.0,1.0,110.0,0.0,-10.0,-8.65,-1.35,Cash,EMP17,New,Yes,,,Pickup,,Returned,Damaged,West,,,2025,,5.0
T100807,C487,Male,45.0,Eldoret,Nakuru,2025-02-03,P494,Table,,BrandA,277.61,1.0,10.0,44.42,277.61,215.69,61.92,,EMP29,New,No,,,,2.0,Returned,Wrong Item,South,,,2025,Good,5.0
T100808,C421,Female,45.0,Nairobi,Eldoret,2025-05-29,P376,Jeans,,BrandB,,-2.0,20.0,0.0,,,,cash ,EMP16,New,No,No,76.0,,1.0,Not Returned,Wrong Item,Central,,,2025,Bad,3.0
T100809,C347,Female,,Eldoret,Nairobi,2025-10-29,P604,Jacket,Clothing,BrandB,,,5.0,0.0,,,,Card,EMP10,Returning,Yes,No,314.0,Pickup,5.0,Returned,Wrong Item,West,,,2025,Good,
T100810,C257,FEMALE,34.0,Nakuru,Eldoret,2026-05-06,P112,Shirt, Clothing,BrandB,20.14,,15.0,0.0,,,,Card,EMP26,, no ,,77.0,Delivery,4.0,Not Returned,Changed Mind,Central,,,2025,,1.0
T100811,C263,,18.0,Nairobi,Eldoret,2025-03-22,P772,Shirt,clothing,BrandC,471.21,9.0,10.0,678.54,4240.889999999999,3179.61,1061.28,Cash,EMP9,,YES,Yes,-10.0,Delivery,4.0,,,Central,,,2025,Average,
T100812,C360,Female,,Kisumu,Kisumu,2026-02-17,P199,Monitor,,BrandA,,9.0,20.0,0.0,,,,cash ,EMP9,Returning,YES,Yes,,Pickup,1.0,,Changed Mind, north ,,,2025,,5.0
T100813,C477,Female,45.0,Nairobi,Mombasa,2025-03-09,P427,Lamp,home,BrandC,,-2.0,10.0,0.0,,,,Mobile,EMP17,Returning, no ,,-10.0,Delivery,1.0,Returned,,Central,,,2025,Good,
T100814,C359,,34.0,Mombasa,Mombasa,2025-11-17,P396,Keyboard, Electronics,BrandB,352.86,-2.0,,0.0,-705.72,-405.33,-300.39,Cash,EMP12,New,YES,Yes,-10.0,Pickup,,,,North,,,2025,,2.0
T100815,C130,FEMALE,-5.0,Mombasa,Mombasa,2026-01-31,P503,Laptop,,BrandC,-10.0,,,0.0,,,,Mobile,EMP12,New,YES,No,-10.0,,4.0,,Damaged,South,,,2025,Good,4.0
T100816,C456,FEMALE,-5.0,Nairobi,Mombasa,2025-04-21,P214,Sugar,Groceries,BrandA,-10.0,-2.0,0.0,0.0,20.0,14.23,5.77,Card,EMP5,New,No,Yes,-10.0,Delivery,3.0,,,South,,,2025,Good,
T100817,C360, male ,45.0,Eldoret,Mombasa,2026-05-19,P107,Rice,groceries,BrandB,9.09,,10.0,0.0,,,,Card,EMP15,,YES,,64.0,Delivery,3.0,,,Central,,,2025,Average,4.0
T100818,C57,Female,,Nairobi,Mombasa,2025-03-01,P406,Chair,,BrandC,-10.0,-2.0,10.0,0.0,20.0,15.12,4.88,Card,EMP19,,YES,Yes,-10.0,Pickup,,Returned,Damaged,East,,,2025,Average,4.0
T100819,C371,,18.0,Eldoret,Nairobi,2026-01-13,P307,Laptop,electronics,BrandB,382.18,3.0,110.0,183.45,1146.54,602.44,544.1,Cash,EMP23,,YES,,,Pickup,3.0,Not Returned,Changed Mind,North,,,2025,Good,3.0
T100820,C369,FEMALE,34.0,Mombasa,Eldoret,2025-09-07,P795,Mouse, Electronics,BrandA,-10.0,1.0,15.0,0.0,-10.0,-7.61,-2.39,Card,EMP7,Returning, no ,,,Pickup,4.0,,Changed Mind,North,,,2025,Good,1.0
T100821,C356,,150.0,Nairobi,Nakuru,2026-01-16,P879,Rice,groceries,BrandB,-10.0,-2.0,10.0,0.0,20.0,14.99,5.01,Cash,EMP3,Returning,YES,Yes,,Pickup,1.0,,Damaged,Central,,,2025,Bad,4.0
T100822,C341,,60.0,Nakuru,Mombasa,2025-11-18,P147,Monitor,Electronics,BrandC,-10.0,,15.0,0.0,,,,Card,EMP16,New, no ,No,,,4.0,Not Returned,,South,,,2025,Average,1.0
T100823,C20,FEMALE,60.0,Nairobi,Mombasa,2025-07-02,P939,Rice,groceries,BrandC,-10.0,8.0,0.0,0.0,-80.0,-71.49,-8.51,,EMP25,,Yes,Yes,-10.0,Delivery,4.0,Returned,Damaged,Central,,,2025,Average,5.0
T100824,C223, male ,18.0,Eldoret,Nairobi,2025-13-40,P875,Jacket, Clothing,BrandB,107.46,-2.0,5.0,0.0,-214.92,-140.48,-74.44,Mobile,EMP18,New, no ,,111.0,Pickup,1.0,,Changed Mind,South,,,2025,Bad,
T100825,C459,Female,,Mombasa,Nairobi,2025-09-14,P772,Jeans,Clothing,BrandA,130.43,-2.0,110.0,0.0,-260.86,-147.03,-113.83,Card,EMP16,New,Yes,,,,1.0,Returned,Wrong Item,West,,,2025,Bad,4.0
T100826,C42,FEMALE,60.0,Nakuru,Nakuru,2025-11-26,P800,Bread,Groceries,BrandC,-10.0,9.0,,0.0,-90.0,-78.67,-11.33,Mobile,EMP15,, no ,Yes,,Pickup,5.0,Returned,Wrong Item,Central,,,2025,Bad,
T100827,C11,,,Mombasa,Kisumu,2026-01-07,P176,Table, Home,BrandC,142.58,-2.0,15.0,0.0,-285.16,-206.93,-78.23,Cash,EMP10,Returning, no ,No,,,5.0,Not Returned,Wrong Item,Central,,,2025,,
T100828,C98,Female,-5.0,Kisumu,Mombasa,2025-09-03,P442,Monitor,,BrandA,-10.0,,20.0,0.0,,,,Card,EMP14,Returning, no ,Yes,104.0,,,Not Returned,Changed Mind,Central,,,2025,Good,3.0
T100829,C193,,18.0,Nairobi,Eldoret,2025-01-01,P639,Bread,groceries,BrandB,148.6,,110.0,0.0,,,,cash ,EMP9,New,Yes,No,16.0,Pickup,1.0,,Changed Mind,Central,,,2025,Average,
T100830,C472,Female,34.0,Kisumu,Nakuru,2026-04-20,P217,Sugar,,BrandB,494.18,5.0,110.0,395.34,2470.9,1360.91,1109.99,Mobile,EMP4,Returning,No,No,,Delivery,2.0,Not Returned,Wrong Item,South,,,2025,Bad,5.0
T100831,C327,FEMALE,-5.0,Eldoret,Eldoret,2026-06-09,P951,Chair,home,BrandA,,,,0.0,,,,cash ,EMP13,, no ,Yes,152.0,Delivery,2.0,Returned,Damaged,North,,,2025,Bad,4.0
T100832,C232,Female,45.0,Eldoret,Nairobi,2025-04-17,P920,Rice, Groceries,BrandC,419.42,9.0,10.0,603.96,3774.78,2565.73,1209.05,Cash,EMP1,New,YES,Yes,-10.0,Delivery,4.0,Not Returned,Changed Mind,West,,,2025,,
T100833,C348,Female,,Mombasa,Mombasa,2025-02-28,P271,Chair,Home,BrandA,,,15.0,0.0,,,,Card,EMP2,New,Yes,,,,4.0,,Wrong Item,Central,,,2025,,
T100834,C396,FEMALE,45.0,Nakuru,Nairobi,2026-04-03,P466,Cooker,,BrandC,,-2.0,5.0,0.0,,,,Mobile,EMP27,,YES,,,,5.0,Returned,Changed Mind,South,,,2025,Good,3.0
T100835,C404,Male,25.0,Nakuru,Mombasa,2025-08-18,P980,Monitor,electronics,BrandA,-10.0,1.0,15.0,0.0,-10.0,-5.07,-4.93,cash ,EMP1,, no ,,,,4.0,Returned,,South,,,2025,Good,2.0
T100836,C326,Male,,Kisumu,Mombasa,2025-01-08,P848,Shoes, Clothing,BrandA,-10.0,7.0,10.0,0.0,-70.0,-53.84,-16.16,Cash,EMP14,Returning,No,,,Delivery,2.0,Returned,Damaged,East,,,2025,,5.0
T100837,C92,,,Nairobi,Nakuru,2026-06-12,P394,Milk, Groceries,BrandA,-10.0,,110.0,0.0,,,,Cash,EMP21,,Yes,Yes,,Delivery,,Not Returned,Wrong Item,East,,,2025,Bad,2.0
T100838,C197,,18.0,Eldoret,Kisumu,2025-11-13,P751,Keyboard, Electronics,BrandB,,10.0,5.0,0.0,,,,Mobile,EMP15,New,YES,No,260.0,Pickup,,,Wrong Item,West,,,2025,,5.0
T100839,C335,Female,-5.0,Nakuru,Nairobi,2025-08-03,P375,Cooker,home,BrandA,,-2.0,110.0,0.0,,,,,EMP20,Returning,No,Yes,424.0,Delivery,5.0,,,Central,,,2025,Bad,5.0
T100840,C273,Female,60.0,Kisumu,Nakuru,2025-01-02,P547,Monitor,Electronics,BrandA,-10.0,-2.0,20.0,0.0,20.0,12.02,7.98,,EMP18,Returning,Yes,,112.0,Delivery,1.0,Returned,,Central,,,2025,Bad,4.0
T100841,C266,,45.0,Kisumu,Nairobi,2025-09-10,P375,Sugar,Groceries,BrandB,-10.0,,15.0,0.0,,,,Cash,EMP13,, no ,No,-10.0,,2.0,Not Returned,Wrong Item,Central,,,2025,Average,1.0
T100842,C65,,150.0,Eldoret,Nairobi,2025-07-27,P754,Laptop, Electronics,BrandB,165.78,-2.0,20.0,0.0,-331.56,-227.46,-104.1,cash ,EMP24,Returning,Yes,,,,1.0,,Changed Mind,North,,,2025,,4.0
T100843,C171, male ,60.0,Eldoret,Eldoret,2026-01-03,P870,Shoes, Clothing,BrandA,-10.0,-2.0,0.0,0.0,20.0,15.83,4.17,Cash,EMP15,Returning,YES,,19.0,Delivery,5.0,Returned,, north ,,,2025,,2.0
T100844,C404,,34.0,Mombasa,Nairobi,2026-03-01,P922,Laptop,,BrandA,-10.0,-2.0,110.0,0.0,20.0,11.94,8.06,Mobile,EMP3,Returning,Yes,No,,,5.0,,Changed Mind,North,,,2025,Average,3.0
T100845,C405, male ,45.0,Mombasa,Nairobi,2025-11-08,P146,Jeans,Clothing,BrandC,432.68,-2.0,,0.0,-865.36,-713.8,-151.56,Card,EMP23,New, no ,No,-10.0,Delivery,1.0,Returned,Changed Mind,West,,,2025,Bad,3.0
T100846,C251,Female,-5.0,Eldoret,Nairobi,2025-03-08,P472,Bread,groceries,BrandC,-10.0,,5.0,0.0,,,,Cash,EMP12,Returning,Yes,No,-10.0,Delivery,2.0,,Damaged,West,,,2025,,3.0
T100847,C348,,25.0,Nakuru,Kisumu,2025-08-11,P472,Lamp,,BrandC,,-2.0,15.0,0.0,,,,Cash,EMP27,Returning,No,No,-10.0,Pickup,2.0,Returned,Damaged,North,,,2025,,2.0
T100848,C464,FEMALE,150.0,Nairobi,Kisumu,2025-11-27,P166,Shirt,clothing,BrandB,44.69,4.0,10.0,28.6,178.76,133.27,45.49,Mobile,EMP19,New,Yes,No,17.0,Pickup,5.0,Returned,Damaged,Central,,,2025,Average,1.0
T100849,C36,Male,,Nakuru,Mombasa,2025-01-02,P764,Shirt,,BrandA,,,0.0,0.0,,,,,EMP6,Returning,YES,,,,1.0,,,West,,,2025,Average,4.0
T100850,C314,FEMALE,18.0,Nairobi,Eldoret,2025-09-25,P442,Jeans, Clothing,BrandA,291.23,-2.0,10.0,0.0,-582.46,-396.83,-185.63,Mobile,EMP21,Returning,Yes,,,Delivery,1.0,,,East,,,2025,Good,2.0
T100851,C79,Male,34.0,Nairobi,Nairobi,2025-02-24,P802,Cooker,Home,BrandC,153.03,,15.0,0.0,,,,,EMP9,New,Yes,Yes,-10.0,,3.0,,,North,,,2025,Bad,2.0
T100852,C307, male ,150.0,Mombasa,Nakuru,2025-10-12,P649,Jacket,clothing,BrandC,398.49,,10.0,0.0,,,,Mobile,EMP16,,No,No,475.0,,4.0,Not Returned,Damaged,Central,,,2025,,
T100853,C155,Male,34.0,Mombasa,Nairobi,2026-06-21,P819,Keyboard, Electronics,BrandA,-10.0,,0.0,0.0,,,,cash ,EMP26,,Yes,Yes,214.0,,1.0,,Damaged,South,,,2025,Average,2.0
T100854,C50, male ,,Eldoret,Nakuru,2026-05-03,P502,Rice,Groceries,BrandC,,7.0,110.0,0.0,,,,Card,EMP16,New, no ,,308.0,Pickup,4.0,,Wrong Item,East,,,2025,Average,1.0
T100855,C381,,45.0,Mombasa,Nairobi,2025-12-11,P169,Table, Home,BrandC,-10.0,-2.0,15.0,0.0,20.0,16.64,3.36,Card,EMP4,,Yes,,-10.0,Delivery,1.0,,,North,,,2025,,
T100856,C199,Male,34.0,Eldoret,Nairobi,2025-06-14,P855,Keyboard,Electronics,BrandC,,,15.0,0.0,,,,Mobile,EMP14,Returning, no ,No,-10.0,Delivery,1.0,Returned,Wrong Item,Central,,,2025,Bad,3.0
T100857,C144,FEMALE,60.0,Nairobi,Mombasa,2025-09-25,P167,Shoes,,BrandA,-10.0,,0.0,0.0,,,,cash ,EMP11,New,Yes,No,212.0,Delivery,1.0,Not Returned,Wrong Item, north ,,,2025,Bad,1.0
T100858,C237,,25.0,Mombasa,Nairobi,2025-11-07,P923,Rice,,BrandB,-10.0,6.0,0.0,0.0,-60.0,-32.72,-27.28,,EMP10,Returning,Yes,No,,,3.0,,Changed Mind,Central,,,2025,Average,2.0
T100859,C477, male ,25.0,Kisumu,Nairobi,2025-05-18,P376,Rice,Groceries,BrandA,,-2.0,,0.0,,,,Mobile,EMP7,Returning, no ,Yes,55.0,Pickup,5.0,Not Returned,Changed Mind,West,,,2025,Average,4.0
T100860,C374, male ,34.0,Nakuru,Nairobi,2025-09-30,P487,Shoes, Clothing,BrandB,,8.0,15.0,0.0,,,,Mobile,EMP10,, no ,No,,Delivery,2.0,Not Returned,,West,,,2025,Average,4.0
T100861,C84,Male,45.0,Mombasa,Mombasa,2026-06-03,P278,Shoes, Clothing,BrandC,,4.0,5.0,0.0,,,,,EMP7,,Yes,No,62.0,,3.0,Not Returned,Wrong Item,North,,,2025,Bad,2.0
T100862,C251, male ,34.0,Nairobi,Nakuru,2025-13-40,P527,Sugar,Groceries,BrandB,135.29,3.0,15.0,64.94,405.87,321.32,84.55,Mobile,EMP28,Returning,Yes,Yes,-10.0,Delivery,3.0,Returned,Damaged,South,,,2025,,1.0
T100863,C379,Male,60.0,Nakuru,Nairobi,2025-01-21,P261,Lamp,home,BrandC,-10.0,-2.0,10.0,0.0,20.0,13.74,6.26,Mobile,EMP7,Returning, no ,Yes,,Pickup,3.0,,Changed Mind,East,,,2025,Good,2.0
T100864,C484,,,Mombasa,Nakuru,2026-05-15,P618,Lamp,,BrandB,105.64,8.0,10.0,135.22,845.12,746.73,98.39,,EMP17,New, no ,Yes,307.0,,1.0,,Changed Mind,East,,,2025,Good,3.0
T100865,C482, male ,-5.0,Mombasa,Kisumu,2025-07-28,P254,Bread,,BrandA,,-2.0,,0.0,,,,Card,EMP23,Returning,No,Yes,,Pickup,1.0,Returned,Changed Mind,Central,,,2025,,4.0
T100866,C429,FEMALE,25.0,Eldoret,Mombasa,2025-03-31,P376,Mouse,Electronics,BrandA,-10.0,,110.0,0.0,,,,Cash,EMP24,Returning, no ,,,Delivery,4.0,,Wrong Item,West,,,2025,Average,3.0
T100867,C342, male ,25.0,Nakuru,Nairobi,2026-04-22,P646,Jacket, Clothing,BrandB,77.44,,110.0,0.0,,,,Mobile,EMP30,,Yes,No,370.0,Delivery,2.0,Not Returned,Damaged,North,,,2025,Average,4.0
T100868,C141,Male,150.0,Nakuru,Nakuru,2025-08-26,P970,Bread,,BrandA,,3.0,110.0,0.0,,,,cash ,EMP2,, no ,No,,,,,Changed Mind,South,,,2025,Bad,1.0
T100869,C212, male ,-5.0,Eldoret,Eldoret,2025-12-07,P976,Chair,,BrandC,,-2.0,10.0,0.0,,,,,EMP8,New,No,No,322.0,,3.0,Returned,,Central,,,2025,Good,4.0
T100870,C59, male ,150.0,Nakuru,Kisumu,2025-01-18,P129,Shirt,,BrandA,,5.0,20.0,0.0,,,,,EMP30,Returning, no ,Yes,-10.0,Delivery,1.0,Returned,,South,,,2025,,2.0
T100871,C191,,45.0,Mombasa,Kisumu,2025-01-26,P379,Monitor,electronics,BrandC,,,15.0,0.0,,,,,EMP30,New,No,No,,Pickup,3.0,Returned,Damaged,East,,,2025,Average,1.0
T100872,C425,,,Nakuru,Kisumu,2026-01-27,P951,Jeans,,BrandB,-10.0,9.0,10.0,0.0,-90.0,-58.95,-31.05,Cash,EMP12,,Yes,,-10.0,Delivery,,Not Returned,Damaged,South,,,2025,Average,2.0
T100873,C249, male ,34.0,Kisumu,Nakuru,2026-03-14,P431,Jeans,Clothing,BrandC,,-2.0,20.0,0.0,,,,Cash,EMP15,New, no ,,293.0,,,Not Returned,Changed Mind,East,,,2025,Average,4.0
T100874,C391,Female,18.0,Mombasa,Nakuru,2025-09-03,P525,Milk,groceries,BrandC,,9.0,20.0,0.0,,,,Cash,EMP30,,YES,Yes,140.0,Pickup,1.0,Returned,Damaged,West,,,2025,Average,2.0
T100875,C289,,34.0,Eldoret,Kisumu,2025-08-08,P577,Jacket,Clothing,BrandA,,7.0,110.0,0.0,,,,cash ,EMP21,New, no ,No,-10.0,Delivery,2.0,,,South,,,2025,Bad,1.0
T100876,C440,,25.0,Eldoret,Eldoret,2025-07-18,P855,Rice,,BrandC,268.78,-2.0,5.0,0.0,-537.56,-285.93,-251.63,Mobile,EMP11,,No,Yes,-10.0,Delivery,2.0,Not Returned,,South,,,2025,,1.0
T100877,C354, male ,34.0,Nakuru,Mombasa,2026-06-21,P582,Bread,,BrandB,-10.0,,110.0,0.0,,,,Card,EMP29,Returning,No,No,,,,,Wrong Item,Central,,,2025,Average,1.0
T100878,C177,Female,,Kisumu,Mombasa,2026-03-02,P785,Shoes,Clothing,BrandC,,-2.0,20.0,0.0,,,,,EMP13,Returning,No,Yes,323.0,Pickup,2.0,,Damaged,East,,,2025,,5.0
T100879,C377,FEMALE,150.0,Mombasa,Kisumu,2026-02-23,P744,Shirt, Clothing,BrandC,-10.0,6.0,5.0,0.0,-60.0,-30.97,-29.03,Cash,EMP15,New, no ,No,-10.0,Pickup,2.0,Not Returned,Damaged,Central,,,2025,Good,1.0
T100880,C500,Female,18.0,Mombasa,Eldoret,2025-08-10,P899,Shirt,Clothing,BrandB,,,110.0,0.0,,,,Mobile,EMP9,,No,No,,,2.0,Returned,Wrong Item, north ,,,2025,Average,3.0
T100881,C339,Male,34.0,Nakuru,Nakuru,2025-10-20,P334,Table, Home,BrandC,-10.0,7.0,0.0,0.0,-70.0,-40.73,-29.27,Card,EMP21,Returning,Yes,No,,Delivery,2.0,Returned,,East,,,2025,Bad,1.0
T100882,C111,Female,25.0,Nakuru,Nakuru,2025-01-08,P259,Mouse, Electronics,BrandA,,,,0.0,,,,cash ,EMP29,New,YES,Yes,,Pickup,5.0,Not Returned,Damaged,West,,,2025,Average,4.0
T100883,C143,,34.0,Kisumu,Nakuru,2026-02-02,P832,Jeans,clothing,BrandA,-10.0,,110.0,0.0,,,,Cash,EMP24,Returning,No,No,431.0,,3.0,Returned,,South,,,2025,Bad,
T100884,C369,,-5.0,Nakuru,Nakuru,2026-04-12,P506,Monitor, Electronics,BrandB,,-2.0,0.0,0.0,,,,Mobile,EMP17,New,No,No,382.0,Delivery,1.0,Returned,Damaged,East,,,2025,Average,
T100885,C459,,18.0,Kisumu,Nakuru,2026-02-08,P545,Shoes, Clothing,BrandA,-10.0,-2.0,110.0,0.0,20.0,13.71,6.29,cash ,EMP21,, no ,,,Delivery,2.0,,Wrong Item, north ,,,2025,Average,1.0
T100886,C265,Female,60.0,Kisumu,Mombasa,2025-09-27,P759,Jacket,,BrandA,,-2.0,0.0,0.0,,,,Cash,EMP2,Returning,Yes,Yes,232.0,Pickup,3.0,,Changed Mind,North,,,2025,Average,
T100887,C324,Female,,Eldoret,Mombasa,2025-12-17,P744,Jacket,Clothing,BrandC,322.53,-2.0,10.0,0.0,-645.06,-507.55,-137.51,Mobile,EMP22,New,YES,No,,Delivery,4.0,Not Returned,Damaged,Central,,,2025,Good,
T100888,C396,Male,60.0,Nairobi,Eldoret,2026-01-23,P484,Chair, Home,BrandC,-10.0,5.0,15.0,0.0,-50.0,-34.4,-15.6,Card,EMP19,,No,,-10.0,Pickup,2.0,Returned,,Central,,,2025,Bad,1.0
T100889,C256, male ,-5.0,Nakuru,Kisumu,2025-09-16,P209,Shirt,,BrandB,,-2.0,0.0,0.0,,,,Mobile,EMP8,New, no ,Yes,60.0,Pickup,5.0,Not Returned,Wrong Item,West,,,2025,Bad,4.0
T100890,C491, male ,-5.0,Nairobi,Nairobi,2025-09-20,P611,Laptop,Electronics,BrandC,40.93,-2.0,110.0,0.0,-81.86,-51.95,-29.91,Mobile,EMP6,,Yes,Yes,-10.0,Delivery,,,Changed Mind,Central,,,2025,,1.0
T100891,C132, male ,34.0,Eldoret,Eldoret,2025-08-06,P633,Monitor,,BrandB,221.26,,0.0,0.0,,,,cash ,EMP27,Returning,YES,Yes,-10.0,Delivery,3.0,Not Returned,Damaged, north ,,,2025,Average,3.0
T100892,C92,Male,18.0,Nairobi,Nairobi,2025-09-09,P592,Bread,,BrandC,,5.0,15.0,0.0,,,,,EMP8,,YES,,,Pickup,2.0,,Changed Mind,East,,,2025,,3.0
T100893,C31,Female,60.0,Mombasa,Nairobi,2025-06-27,P976,Table,Home,BrandA,,-2.0,110.0,0.0,,,,Cash,EMP16,New,Yes,,-10.0,Pickup,2.0,Not Returned,,South,,,2025,Average,
T100894,C178,FEMALE,18.0,Eldoret,Kisumu,2025-12-01,P280,Table,,BrandB,,-2.0,5.0,0.0,,,,Card,EMP9,,YES,Yes,360.0,Pickup,,,Wrong Item,East,,,2025,Good,1.0
T100895,C63,FEMALE,150.0,Mombasa,Eldoret,2026-03-11,P724,Table,,BrandA,-10.0,,10.0,0.0,,,,Mobile,EMP3,Returning,No,No,92.0,,3.0,Not Returned,Changed Mind,Central,,,2025,Bad,3.0
T100896,C48,Female,45.0,Nairobi,Eldoret,2026-02-22,P195,Shoes,Clothing,BrandA,163.47,-2.0,10.0,0.0,-326.94,-228.13,-98.81,Cash,EMP28,Returning,No,Yes,293.0,Delivery,1.0,Returned,Damaged,Central,,,2025,Bad,5.0
T100897,C182,Male,25.0,Kisumu,Nakuru,2025-01-28,P934,Lamp,home,BrandB,,9.0,0.0,0.0,,,,,EMP28,New, no ,Yes,418.0,Delivery,3.0,Not Returned,Damaged,Central,,,2025,Good,
T100898,C363, male ,60.0,Nakuru,Mombasa,2025-11-20,P211,Shoes,,BrandA,322.63,,110.0,0.0,,,,,EMP23,Returning,No,,-10.0,,5.0,,Changed Mind,South,,,2025,,3.0
T100899,C459,,-5.0,Eldoret,Mombasa,2025-09-21,P821,Keyboard,Electronics,BrandB,86.66,,110.0,0.0,,,,Cash,EMP18,, no ,No,301.0,Delivery,2.0,,Wrong Item,South,,,2025,Average,5.0
T100900,C332,FEMALE,-5.0,Mombasa,Nakuru,2025-05-26,P754,Table,home,BrandB,,5.0,15.0,0.0,,,,cash ,EMP29,Returning, no ,,,,1.0,Not Returned,,Central,,,2025,Average,
T100901,C199, male ,-5.0,Eldoret,Nakuru,2025-03-15,P751,Rice,groceries,BrandC,,,110.0,0.0,,,,Mobile,EMP14,Returning,YES,Yes,,Pickup,,Returned,,West,,,2025,Bad,2.0
T100902,C354,Male,,Mombasa,Nakuru,2025-10-12,P415,Chair,Home,BrandB,13.47,,20.0,0.0,,,,cash ,EMP18,New,No,Yes,-10.0,Pickup,3.0,Returned,Wrong Item, north ,,,2025,Good,2.0
T100903,C357,Female,,Eldoret,Nairobi,2025-11-13,P368,Table,home,BrandA,,,0.0,0.0,,,,,EMP12,New,No,,,Delivery,4.0,Not Returned,Changed Mind,East,,,2025,,3.0
T100904,C295,,-5.0,Nairobi,Nakuru,2025-12-08,P257,Monitor, Electronics,BrandA,-10.0,,,0.0,,,,,EMP12,Returning,YES,No,-10.0,Pickup,2.0,,Wrong Item,North,,,2025,Average,4.0
T100905,C485,Male,45.0,Nairobi,Nairobi,2025-13-40,P798,Keyboard,,BrandA,-10.0,9.0,0.0,0.0,-90.0,-71.86,-18.14,cash ,EMP27,Returning,YES,No,32.0,Pickup,4.0,,Damaged, north ,,,2025,Average,2.0
T100906,C28,Male,45.0,Nakuru,Eldoret,2025-12-13,P712,Lamp,,BrandC,-10.0,,,0.0,,,,Cash,EMP7,,Yes,Yes,-10.0,Delivery,3.0,Not Returned,Damaged,South,,,2025,,
T100907,C462,Female,18.0,Mombasa,Nairobi,2025-01-02,P295,Keyboard,electronics,BrandC,,,15.0,0.0,,,,cash ,EMP24,New,Yes,Yes,-10.0,,5.0,,,Central,,,2025,Average,3.0
T100908,C374,Female,25.0,Nairobi,Nairobi,2025-12-03,P146,Table, Home,BrandB,112.22,3.0,110.0,53.87,336.65999999999997,169.75,166.91,Cash,EMP16,Returning,YES,No,332.0,,4.0,,,South,,,2025,,5.0
T100909,C26,,18.0,Eldoret,Nairobi,2026-05-24,P152,Jacket,clothing,BrandC,362.93,,15.0,0.0,,,,,EMP14,,No,Yes,,Pickup,3.0,Not Returned,Wrong Item,Central,,,2025,Good,3.0
T100910,C405,,150.0,Mombasa,Mombasa,2026-03-13,P161,Lamp,Home,BrandB,,,110.0,0.0,,,,cash ,EMP5,New,No,,472.0,,2.0,,,East,,,2025,Bad,4.0
T100911,C79,Male,34.0,Mombasa,Eldoret,2025-01-26,P679,Sugar,Groceries,BrandA,-10.0,-2.0,20.0,0.0,20.0,14.51,5.49,cash ,EMP17,,Yes,Yes,-10.0,,4.0,Returned,Damaged, north ,,,2025,Bad,4.0
T100912,C256,Female,,Kisumu,Eldoret,2025-10-10,P404,Shoes,clothing,BrandA,,-2.0,15.0,0.0,,,,Cash,EMP15,,No,Yes,-10.0,Pickup,2.0,Not Returned,Wrong Item,West,,,2025,Bad,4.0
T100913,C43,Male,-5.0,Eldoret,Kisumu,2025-01-07,P369,Bread,Groceries,BrandB,-10.0,10.0,20.0,0.0,-100.0,-59.55,-40.45,Cash,EMP22,Returning,Yes,No,-10.0,,,Returned,Damaged,Central,,,2025,Good,3.0
T100914,C26,,60.0,Mombasa,Nakuru,2025-11-30,P273,Shirt,,BrandB,387.67,-2.0,10.0,0.0,-775.34,-634.25,-141.09,Cash,EMP25,Returning,Yes,Yes,-10.0,Pickup,4.0,Returned,Damaged,North,,,2025,Good,5.0
T100915,C191,,-5.0,Nairobi,Nakuru,2025-04-28,P891,Sugar, Groceries,BrandB,-10.0,,15.0,0.0,,,,cash ,EMP3,Returning,No,Yes,,,2.0,Not Returned,Changed Mind, north ,,,2025,Average,4.0
T100916,C105,Male,25.0,Kisumu,Kisumu,2025-04-30,P677,Bread,Groceries,BrandB,,-2.0,20.0,0.0,,,,Cash,EMP16,, no ,,,Delivery,3.0,Returned,Wrong Item,East,,,2025,,4.0
T100917,C178,FEMALE,60.0,Eldoret,Kisumu,2025-10-07,P428,Jeans,,BrandC,282.7,1.0,15.0,45.23,282.7,207.5,75.2,Cash,EMP13,New, no ,Yes,,Pickup,3.0,Returned,Wrong Item,South,,,2025,Bad,3.0
T100918,C385,FEMALE,34.0,Eldoret,Kisumu,2025-11-14,P142,Sugar, Groceries,BrandA,,1.0,0.0,0.0,,,,Card,EMP13,Returning,Yes,,247.0,Pickup,5.0,Returned,Damaged, north ,,,2025,Average,4.0
T100919,C447,Female,25.0,Nakuru,Nakuru,2025-02-10,P432,Jacket,Clothing,BrandA,-10.0,-2.0,15.0,0.0,20.0,11.93,8.07,cash ,EMP20,New, no ,No,,,5.0,Not Returned,Damaged,East,,,2025,Average,1.0
T100920,C61, male ,25.0,Mombasa,Eldoret,2025-11-07,P698,Mouse,,BrandC,,,110.0,0.0,,,,,EMP13,New, no ,No,406.0,,1.0,,Changed Mind,West,,,2025,Average,3.0
T100921,C312,Male,45.0,Eldoret,Kisumu,2025-09-26,P919,Monitor,electronics,BrandB,,,5.0,0.0,,,,Card,EMP2,Returning,No,No,-10.0,Pickup,,Not Returned,Damaged,West,,,2025,Average,2.0
T100922,C424,,25.0,Nakuru,Mombasa,2025-06-06,P513,Sugar, Groceries,BrandA,-10.0,,,0.0,,,,cash ,EMP28,Returning,YES,Yes,,,4.0,Returned,Damaged,South,,,2025,Average,2.0
T100923,C130,Male,-5.0,Nairobi,Eldoret,2025-04-16,P391,Mouse,Electronics,BrandB,-10.0,,5.0,0.0,,,,Cash,EMP26,Returning,No,,481.0,Pickup,,,Damaged,North,,,2025,Good,1.0
T100924,C89,Male,34.0,Nairobi,Nairobi,2026-02-19,P888,Jacket, Clothing,BrandB,148.77,9.0,5.0,214.23,1338.93,1030.5,308.43,Card,EMP16,,No,Yes,-10.0,Delivery,,Not Returned,Damaged,East,,,2025,,3.0
T100925,C424,,150.0,Kisumu,Nakuru,2025-02-18,P285,Sugar,,BrandB,397.82,1.0,110.0,63.65,397.82,228.32,169.5,,EMP11,, no ,,-10.0,Pickup,1.0,Not Returned,Wrong Item,South,,,2025,Average,5.0
T100926,C280,Female,25.0,Mombasa,Kisumu,2025-03-12,P951,Table,home,BrandA,-10.0,-2.0,15.0,0.0,20.0,10.48,9.52,Mobile,EMP4,,Yes,No,,,3.0,Returned,Wrong Item,North,,,2025,Average,4.0
T100927,C44,FEMALE,25.0,Eldoret,Kisumu,2025-12-02,P584,Bread,Groceries,BrandA,284.55,4.0,20.0,182.11,1138.2,909.18,229.02,Mobile,EMP3,Returning,No,No,,Delivery,2.0,Not Returned,Wrong Item,South,,,2025,Average,5.0
T100928,C356,FEMALE,18.0,Eldoret,Kisumu,2026-03-31,P210,Chair,Home,BrandA,420.99,,15.0,0.0,,,,Card,EMP11,New, no ,,,Delivery,2.0,Not Returned,Wrong Item,West,,,2025,Bad,5.0
T100929,C243,Male,60.0,Mombasa,Mombasa,2025-10-07,P390,Chair,Home,BrandC,-10.0,,20.0,0.0,,,,Mobile,EMP22,,No,No,487.0,Delivery,,Returned,Wrong Item,North,,,2025,Bad,3.0
T100930,C222,Male,-5.0,Kisumu,Nakuru,2025-04-19,P572,Laptop,,BrandA,,,110.0,0.0,,,,Mobile,EMP24,New,No,No,-10.0,,4.0,,Changed Mind,South,,,2025,Good,5.0
T100931,C107,FEMALE,45.0,Nakuru,Eldoret,2026-06-24,P514,Rice,groceries,BrandB,,,110.0,0.0,,,,,EMP19,,YES,Yes,,,4.0,Not Returned,,East,,,2025,,3.0
T100932,C87,FEMALE,60.0,Kisumu,Mombasa,2025-13-40,P564,Sugar,,BrandB,-10.0,,5.0,0.0,,,,,EMP11,New,Yes,,,Delivery,5.0,,Wrong Item,North,,,2025,,2.0
T100933,C192,Male,34.0,Mombasa,Eldoret,2026-02-23,P216,Table, Home,BrandA,,,110.0,0.0,,,,cash ,EMP26,Returning,Yes,Yes,234.0,Pickup,3.0,,Changed Mind,West,,,2025,Good,4.0
T100934,C179,,-5.0,Eldoret,Mombasa,2025-03-24,P929,Milk,groceries,BrandB,-10.0,-2.0,10.0,0.0,20.0,16.42,3.58,Mobile,EMP9,New,No,No,,Pickup,,Not Returned,Damaged,South,,,2025,Good,5.0
T100935,C381, male ,34.0,Kisumu,Eldoret,2025-08-30,P543,Shirt,Clothing,BrandB,255.55,2.0,15.0,81.78,511.1,314.7,196.4,Cash,EMP15,Returning, no ,Yes,,Pickup,4.0,,Changed Mind,Central,,,2025,Bad,
T100936,C107,Female,34.0,Mombasa,Nakuru,2025-02-09,P164,Chair, Home,BrandB,,-2.0,110.0,0.0,,,,Cash,EMP18,,No,No,282.0,Delivery,,Not Returned,Changed Mind,Central,,,2025,Average,3.0
T100937,C368,Female,150.0,Kisumu,Nakuru,2025-07-02,P689,Bread,,BrandB,,,0.0,0.0,,,,Card,EMP18,, no ,,-10.0,,,Returned,Damaged,West,,,2025,,
T100938,C384,FEMALE,-5.0,Nairobi,Nairobi,2025-07-31,P142,Rice,Groceries,BrandC,,,110.0,0.0,,,,,EMP17,New, no ,,422.0,Pickup,1.0,,Wrong Item,West,,,2025,,1.0
T100939,C180,Male,45.0,Mombasa,Nakuru,2025-11-11,P166,Mouse,Electronics,BrandC,,4.0,,0.0,,,,cash ,EMP13,New, no ,Yes,332.0,Delivery,3.0,Not Returned,,West,,,2025,Bad,3.0
T100940,C115, male ,150.0,Nakuru,Kisumu,2025-09-27,P717,Monitor,Electronics,BrandB,407.32,-2.0,0.0,0.0,-814.64,-596.46,-218.18,Mobile,EMP24,Returning,No,Yes,177.0,Delivery,5.0,,Changed Mind,West,,,2025,,1.0
T100941,C366,,,Nairobi,Kisumu,2025-12-27,P247,Shirt,,BrandA,-10.0,,15.0,0.0,,,,Mobile,EMP30,, no ,Yes,,Delivery,2.0,Not Returned,Wrong Item,North,,,2025,Average,4.0
T100942,C252, male ,45.0,Nairobi,Mombasa,2025-09-30,P533,Shoes,clothing,BrandA,,-2.0,15.0,0.0,,,,Cash,EMP19,,YES,,,Pickup,3.0,Returned,Damaged,West,,,2025,Good,
T100943,C429,,60.0,Nakuru,Nairobi,2025-05-19,P133,Milk,,BrandB,-10.0,3.0,10.0,0.0,-30.0,-21.25,-8.75,Card,EMP19,Returning,Yes,No,362.0,Delivery,1.0,,Changed Mind,Central,,,2025,Bad,5.0
T100944,C347, male ,-5.0,Nairobi,Kisumu,2026-03-21,P501,Shirt,,BrandA,-10.0,-2.0,20.0,0.0,20.0,16.03,3.97,,EMP2,Returning, no ,Yes,,,1.0,Not Returned,Damaged,East,,,2025,,3.0
T100945,C36,Male,45.0,Nakuru,Kisumu,2026-01-13,P347,Milk,groceries,BrandC,,,15.0,0.0,,,,cash ,EMP2,,No,Yes,,Delivery,3.0,Not Returned,Damaged,South,,,2025,,3.0
T100946,C115,Male,34.0,Mombasa,Kisumu,2025-01-11,P939,Mouse, Electronics,BrandC,449.48,,5.0,0.0,,,,cash ,EMP20,Returning,Yes,Yes,,Delivery,1.0,Not Returned,,North,,,2025,,3.0
T100947,C172,FEMALE,150.0,Nakuru,Eldoret,2026-04-08,P436,Shoes,clothing,BrandA,,-2.0,,0.0,,,,Cash,EMP15,Returning,No,Yes,2.0,,2.0,Not Returned,,Central,,,2025,,3.0
T100948,C391,Female,45.0,Kisumu,Nakuru,2025-10-03,P289,Laptop, Electronics,BrandC,-10.0,3.0,110.0,0.0,-30.0,-15.37,-14.63,Card,EMP22,Returning,No,No,-10.0,,1.0,Returned,,West,,,2025,Average,4.0
T100949,C46,Male,60.0,Nairobi,Mombasa,2026-03-28,P640,Sugar,,BrandC,305.35,,20.0,0.0,,,,,EMP9,New,No,Yes,-10.0,Pickup,4.0,Not Returned,Changed Mind, north ,,,2025,Average,
T100950,C5, male ,60.0,Nairobi,Nakuru,2025-05-12,P621,Rice,Groceries,BrandC,145.4,,15.0,0.0,,,,Mobile,EMP26,Returning,Yes,Yes,235.0,Delivery,,Returned,Changed Mind,East,,,2025,Bad,5.0
T100951,C324, male ,150.0,Eldoret,Nakuru,2025-13-40,P289,Shoes,clothing,BrandC,-10.0,,15.0,0.0,,,,,EMP15,New,No,,,Delivery,4.0,Returned,Changed Mind,West,,,2025,Bad,5.0
T100952,C217, male ,60.0,Eldoret,Eldoret,2025-02-16,P808,Milk,Groceries,BrandC,,-2.0,,0.0,,,,Cash,EMP15,New,YES,No,489.0,,5.0,,, north ,,,2025,,1.0
T100953,C199,FEMALE,-5.0,Kisumu,Eldoret,2026-02-25,P980,Bread,Groceries,BrandC,-10.0,10.0,15.0,0.0,-100.0,-65.88,-34.12,,EMP24,,Yes,,-10.0,Pickup,3.0,Returned,Wrong Item,East,,,2025,Good,5.0
T100954,C225,Female,25.0,Eldoret,Nakuru,2025-08-19,P127,Chair,home,BrandC,242.16,,5.0,0.0,,,,,EMP26,New,YES,,,Pickup,4.0,,Changed Mind,South,,,2025,Good,1.0
T100955,C143,Male,150.0,Kisumu,Kisumu,2026-04-29,P494,Jacket,,BrandC,-10.0,-2.0,5.0,0.0,20.0,16.11,3.89,Cash,EMP4,Returning, no ,,-10.0,Delivery,,Returned,Wrong Item,North,,,2025,Good,3.0
T100956,C429,FEMALE,,Eldoret,Nairobi,2025-05-20,P359,Laptop,Electronics,BrandA,-10.0,-2.0,110.0,0.0,20.0,16.98,3.02,,EMP16,New,No,Yes,,Pickup,,,Damaged,North,,,2025,Bad,1.0
T100957,C140, male ,150.0,Nakuru,Nakuru,2025-12-15,P102,Rice,Groceries,BrandB,444.6,,0.0,0.0,,,,Card,EMP24,New, no ,,78.0,Pickup,1.0,,Damaged, north ,,,2025,Bad,5.0
T100958,C392,FEMALE,-5.0,Mombasa,Kisumu,2026-04-02,P697,Lamp, Home,BrandB,-10.0,-2.0,0.0,0.0,20.0,17.78,2.22,cash ,EMP12,New,Yes,,-10.0,Pickup,,Not Returned,,East,,,2025,,1.0
T100959,C356,FEMALE,18.0,Eldoret,Kisumu,2025-04-05,P919,Shirt,Clothing,BrandB,,10.0,10.0,0.0,,,,Cash,EMP18,, no ,No,,Delivery,,Not Returned,Changed Mind, north ,,,2025,,4.0
T100960,C359,,60.0,Mombasa,Kisumu,2025-01-07,P836,Table, Home,BrandA,,6.0,0.0,0.0,,,,cash ,EMP7,Returning,YES,No,,Delivery,1.0,,Wrong Item,North,,,2025,Bad,3.0
T100961,C55, male ,25.0,Mombasa,Kisumu,2025-10-12,P833,Chair, Home,BrandA,,-2.0,,0.0,,,,Mobile,EMP28,Returning,Yes,No,326.0,Delivery,3.0,,Changed Mind,West,,,2025,Good,3.0
T100962,C436,,25.0,Nakuru,Mombasa,2026-03-24,P513,Table,,BrandC,-10.0,5.0,110.0,0.0,-50.0,-28.89,-21.11,Cash,EMP19,New,YES,Yes,,Delivery,,Not Returned,Damaged,South,,,2025,Good,2.0
T100963,C478,Male,,Nairobi,Mombasa,2025-03-21,P966,Keyboard,electronics,BrandC,,-2.0,15.0,0.0,,,,Mobile,EMP28,Returning,No,No,-10.0,Pickup,4.0,Not Returned,Wrong Item,East,,,2025,Average,5.0
T100964,C440,Male,18.0,Nakuru,Mombasa,2025-01-25,P333,Laptop,electronics,BrandC,,-2.0,10.0,0.0,,,,,EMP16,, no ,Yes,-10.0,,5.0,Returned,Changed Mind,South,,,2025,,1.0
T100965,C277,Female,-5.0,Nairobi,Eldoret,2025-03-27,P462,Cooker,Home,BrandA,,7.0,110.0,0.0,,,,Cash,EMP3,Returning, no ,,-10.0,,3.0,Not Returned,Damaged,West,,,2025,Average,5.0
T100966,C386,Female,-5.0,Kisumu,Mombasa,2026-04-25,P831,Chair,Home,BrandC,,5.0,15.0,0.0,,,,Cash,EMP5,New,Yes,,370.0,Delivery,1.0,Returned,Damaged,Central,,,2025,Bad,1.0
T100967,C14,Male,-5.0,Nairobi,Nairobi,2025-07-26,P152,Mouse,,BrandA,,2.0,10.0,0.0,,,,Card,EMP29,,YES,,-10.0,Pickup,3.0,Returned,Damaged,South,,,2025,Good,
T100968,C396, male ,45.0,Eldoret,Nairobi,2026-06-08,P131,Lamp,Home,BrandC,,-2.0,,0.0,,,,Cash,EMP23,New,No,No,,,1.0,,Damaged,South,,,2025,Average,3.0
T100969,C370,Female,18.0,Eldoret,Eldoret,2025-10-24,P262,Shoes,Clothing,BrandC,,,5.0,0.0,,,,Card,EMP26,,No,No,,,2.0,,Changed Mind,West,,,2025,Bad,
T100970,C334, male ,45.0,Eldoret,Nakuru,2025-05-10,P519,Milk, Groceries,BrandB,,,5.0,0.0,,,,Mobile,EMP27,, no ,,,Delivery,3.0,,Wrong Item,Central,,,2025,Average,2.0
T100971,C377,FEMALE,150.0,Eldoret,Mombasa,2025-01-26,P556,Shirt,clothing,BrandA,,,5.0,0.0,,,,Card,EMP23,New, no ,No,,,2.0,Returned,Damaged,North,,,2025,Good,3.0
T100972,C212,Female,-5.0,Kisumu,Kisumu,2025-10-11,P300,Table,,BrandA,-10.0,-2.0,110.0,0.0,20.0,11.44,8.56,Cash,EMP18,Returning, no ,Yes,-10.0,Pickup,2.0,Returned,Changed Mind, north ,,,2025,Bad,5.0
T100973,C310,Female,18.0,Eldoret,Eldoret,2026-06-25,P887,Milk, Groceries,BrandB,-10.0,8.0,0.0,0.0,-80.0,-65.57,-14.43,Mobile,EMP9,New, no ,No,310.0,Pickup,5.0,Not Returned,Changed Mind,North,,,2025,,5.0
T100974,C96,Male,150.0,Nairobi,Nairobi,2025-05-21,P632,Table,Home,BrandB,194.77,,110.0,0.0,,,,Mobile,EMP21,, no ,,-10.0,,1.0,Returned,Damaged,North,,,2025,Bad,4.0
T100975,C201,FEMALE,18.0,Kisumu,Nairobi,2026-03-22,P901,Table, Home,BrandB,-10.0,-2.0,110.0,0.0,20.0,16.35,3.65,Mobile,EMP28,Returning,YES,No,365.0,Pickup,5.0,,Wrong Item,North,,,2025,Bad,5.0
T100976,C333, male ,45.0,Nairobi,Eldoret,2026-05-22,P193,Jeans,,BrandC,,,0.0,0.0,,,,Cash,EMP10,,No,Yes,,Delivery,,Returned,Damaged,South,,,2025,Bad,2.0
T100977,C38,,,Nakuru,Nairobi,2026-05-31,P503,Jeans,Clothing,BrandB,375.52,-2.0,5.0,0.0,-751.04,-448.5,-302.54,cash ,EMP16,New,Yes,,431.0,,5.0,Not Returned,Damaged,East,,,2025,Bad,1.0
T100978,C421,FEMALE,-5.0,Nakuru,Nakuru,2025-12-25,P308,Sugar, Groceries,BrandC,191.22,6.0,0.0,183.57,1147.32,602.33,544.99,,EMP12,,YES,Yes,-10.0,Delivery,4.0,,Changed Mind,North,,,2025,Good,5.0
T100979,C328,Female,-5.0,Nakuru,Mombasa,2025-12-01,P313,Keyboard,electronics,BrandC,318.81,2.0,110.0,102.02,637.62,405.18,232.44,Cash,EMP8,Returning,Yes,Yes,133.0,,4.0,,Damaged,Central,,,2025,Bad,1.0
T100980,C369, male ,18.0,Eldoret,Nakuru,2026-01-01,P217,Monitor, Electronics,BrandC,330.41,,10.0,0.0,,,,Card,EMP14,, no ,,488.0,,1.0,,Wrong Item,North,,,2025,Average,5.0
T100981,C233,Male,,Kisumu,Mombasa,2026-03-18,P773,Chair,Home,BrandC,,4.0,20.0,0.0,,,,Card,EMP18,Returning,Yes,Yes,,Delivery,,,Damaged,East,,,2025,Good,2.0
T100982,C64,,,Kisumu,Mombasa,2026-06-21,P900,Monitor,,BrandA,-10.0,-2.0,20.0,0.0,20.0,13.58,6.42,Card,EMP28,New,YES,,217.0,Pickup,,Not Returned,Wrong Item,East,,,2025,,2.0
T100983,C476,Male,45.0,Eldoret,Mombasa,2026-05-17,P822,Chair,,BrandC,,8.0,20.0,0.0,,,,cash ,EMP6,Returning, no ,Yes,-10.0,,1.0,Not Returned,Changed Mind,Central,,,2025,Good,4.0
T100984,C105,,,Mombasa,Mombasa,2025-10-14,P681,Monitor,Electronics,BrandC,430.24,-2.0,0.0,0.0,-860.48,-771.53,-88.95,cash ,EMP15,New,Yes,No,-10.0,,4.0,,Damaged,North,,,2025,Bad,2.0
T100985,C255,Male,25.0,Mombasa,Nairobi,2026-06-25,P866,Monitor,Electronics,BrandB,11.99,,0.0,0.0,,,,Mobile,EMP13,New, no ,No,,,2.0,,,East,,,2025,Average,4.0
T100986,C59, male ,-5.0,Nakuru,Kisumu,2026-02-15,P323,Bread, Groceries,BrandA,-10.0,,,0.0,,,,Card,EMP20,New,Yes,Yes,149.0,Delivery,4.0,Not Returned,Damaged, north ,,,2025,,1.0
T100987,C444,Female,45.0,Nairobi,Eldoret,2025-04-15,P127,Keyboard,Electronics,BrandC,-10.0,10.0,10.0,0.0,-100.0,-85.86,-14.14,Cash,EMP29,Returning,No,No,75.0,,3.0,Not Returned,Changed Mind, north ,,,2025,Average,4.0
T100988,C499,Male,,Nakuru,Mombasa,2025-05-23,P559,Shoes,clothing,BrandA,303.3,,10.0,0.0,,,,cash ,EMP1,New, no ,Yes,-10.0,,3.0,Returned,,South,,,2025,Good,4.0
T100989,C183,Male,150.0,Eldoret,Nakuru,2025-09-20,P671,Table,home,BrandB,241.72,-2.0,0.0,0.0,-483.44,-433.64,-49.8,Cash,EMP4,, no ,No,-10.0,Pickup,,,Changed Mind, north ,,,2025,Bad,2.0
T100990,C479,Male,,Mombasa,Nakuru,2026-02-27,P317,Mouse,Electronics,BrandC,123.74,2.0,110.0,39.6,247.48,137.56,109.92,,EMP12,,No,,,Pickup,1.0,Returned,Changed Mind,North,,,2025,Good,3.0
T100991,C448, male ,25.0,Kisumu,Nakuru,2026-01-16,P138,Bread, Groceries,BrandC,,,,0.0,,,,Mobile,EMP11,Returning,No,No,,Pickup,5.0,Returned,Wrong Item,South,,,2025,,5.0
T100992,C403, male ,-5.0,Eldoret,Eldoret,2026-05-08,P844,Shoes, Clothing,BrandC,40.21,-2.0,15.0,0.0,-80.42,-62.31,-18.11,Card,EMP12,Returning,No,Yes,-10.0,Pickup,,,, north ,,,2025,Bad,5.0
T100993,C296,Female,150.0,Nakuru,Nairobi,2026-01-16,P572,Lamp, Home,BrandA,483.77,,20.0,0.0,,,,Cash,EMP1,,No,No,,,4.0,Not Returned,Wrong Item,Central,,,2025,Good,5.0
T100994,C387,,-5.0,Eldoret,Eldoret,2026-06-05,P111,Jacket,Clothing,BrandA,27.9,-2.0,5.0,0.0,-55.8,-30.44,-25.36,,EMP4,New,No,No,,,3.0,,Damaged,Central,,,2025,Good,
T100995,C107,FEMALE,25.0,Kisumu,Kisumu,2025-05-19,P837,Milk, Groceries,BrandB,,-2.0,0.0,0.0,,,,cash ,EMP30,,Yes,Yes,,,4.0,Not Returned,Wrong Item, north ,,,2025,,3.0
T100996,C331,Male,45.0,Nakuru,Mombasa,2025-11-08,P562,Laptop,,BrandA,-10.0,,10.0,0.0,,,,cash ,EMP9,New,Yes,,49.0,Pickup,5.0,Returned,Changed Mind,East,,,2025,,1.0
T100997,C394,,45.0,Nakuru,Eldoret,2025-01-08,P609,Milk,groceries,BrandA,,-2.0,10.0,0.0,,,,cash ,EMP17,,No,Yes,173.0,,5.0,Returned,Damaged,North,,,2025,,3.0
T100998,C333,Male,,Nakuru,Mombasa,2026-02-07,P739,Keyboard,Electronics,BrandA,,,20.0,0.0,,,,Cash,EMP3,Returning,YES,Yes,276.0,Pickup,3.0,,Damaged,East,,,2025,Good,
T100999,C483, male ,25.0,Eldoret,Mombasa,2025-08-11,P780,Sugar,,BrandB,21.3,,20.0,0.0,,,,,EMP3,New, no ,Yes,-10.0,Pickup,1.0,,Damaged,West,,,2025,Bad,3.0
T101000,C87,Male,18.0,Nairobi,Eldoret,2025-07-16,P405,Shoes,clothing,BrandA,,-2.0,,0.0,,,,Mobile,EMP20,,YES,,61.0,Delivery,,Not Returned,Changed Mind,East,,,2025,,
T101001,C57,FEMALE,-5.0,Nakuru,Nairobi,2026-04-01,P991,Monitor,Electronics,BrandB,322.07,-2.0,0.0,0.0,-644.14,-422.62,-221.52,Mobile,EMP23,Returning,Yes,Yes,,Delivery,,,Changed Mind,East,,,2025,Average,3.0
T101002,C348,,18.0,Eldoret,Kisumu,2025-12-16,P967,Bread, Groceries,BrandC,-10.0,,110.0,0.0,,,,Cash,EMP10,, no ,,-10.0,Pickup,5.0,Returned,,North,,,2025,Good,5.0
T101003,C291,Male,60.0,Nakuru,Mombasa,2025-07-01,P890,Cooker,home,BrandC,325.97,-2.0,15.0,0.0,-651.94,-383.79,-268.15,,EMP3,New,Yes,Yes,-10.0,,,,,Central,,,2025,Good,1.0
T101004,C328, male ,150.0,Kisumu,Eldoret,2026-05-01,P232,Sugar,Groceries,BrandA,,,110.0,0.0,,,,Cash,EMP4,Returning, no ,No,471.0,,2.0,Not Returned,Changed Mind,East,,,2025,Bad,5.0
T101005,C94,Male,,Eldoret,Kisumu,2025-05-10,P209,Chair,home,BrandA,-10.0,-2.0,110.0,0.0,20.0,11.95,8.05,cash ,EMP22,,No,No,16.0,Delivery,4.0,Returned,Changed Mind,East,,,2025,Good,3.0
T101006,C405,,,Kisumu,Eldoret,2026-06-03,P553,Bread,Groceries,BrandA,,4.0,0.0,0.0,,,,cash ,EMP2,,Yes,,180.0,,,Not Returned,, north ,,,2025,Bad,3.0
T101007,C129,FEMALE,150.0,Eldoret,Mombasa,2025-01-23,P973,Table,home,BrandC,-10.0,,110.0,0.0,,,,cash ,EMP22,Returning,YES,,-10.0,Delivery,2.0,Returned,Damaged,East,,,2025,Bad,3.0
T101008,C264,FEMALE,,Mombasa,Kisumu,2026-06-04,P202,Table,,BrandC,-10.0,,10.0,0.0,,,,,EMP13,,Yes,,,Pickup,2.0,Returned,Damaged,North,,,2025,Good,5.0
T101009,C313,Male,-5.0,Mombasa,Nakuru,2025-01-04,P500,Chair, Home,BrandB,254.84,,0.0,0.0,,,,Cash,EMP20,Returning, no ,,,Delivery,1.0,Not Returned,Wrong Item,West,,,2025,Average,4.0
T101010,C167,,-5.0,Nairobi,Nakuru,2025-07-24,P570,Milk, Groceries,BrandA,105.92,8.0,110.0,135.58,847.36,718.14,129.22,cash ,EMP3,Returning,No,Yes,,,3.0,,, north ,,,2025,,3.0
T101011,C424,,25.0,Nakuru,Nakuru,2025-07-29,P582,Milk, Groceries,BrandA,281.29,-2.0,20.0,0.0,-562.58,-392.25,-170.33,Cash,EMP3,,YES,Yes,-10.0,Pickup,3.0,Returned,,West,,,2025,Bad,
T101012,C428,Female,45.0,Nairobi,Nairobi,2025-13-40,P211,Table,home,BrandC,449.45,,5.0,0.0,,,,,EMP23,New,No,Yes,37.0,Delivery,4.0,,Wrong Item,East,,,2025,Bad,3.0
T101013,C401,FEMALE,45.0,Nakuru,Nakuru,2025-01-29,P755,Laptop,electronics,BrandC,,-2.0,10.0,0.0,,,,Cash,EMP26,New,Yes,Yes,,Delivery,4.0,Returned,Damaged,South,,,2025,Good,2.0
T101014,C364,FEMALE,45.0,Nairobi,Nakuru,2025-09-24,P705,Bread,groceries,BrandB,409.03,,10.0,0.0,,,,Cash,EMP12,New,YES,No,-10.0,Pickup,4.0,,Damaged, north ,,,2025,Average,4.0
T101015,C359,FEMALE,60.0,Eldoret,Mombasa,2026-05-19,P288,Rice,groceries,BrandC,,-2.0,5.0,0.0,,,,Cash,EMP13,Returning,No,Yes,249.0,,2.0,Returned,Wrong Item,South,,,2025,Bad,2.0
T101016,C268,Male,25.0,Kisumu,Nakuru,2025-04-21,P162,Shirt, Clothing,BrandC,,,0.0,0.0,,,,Mobile,EMP13,Returning,No,No,-10.0,Delivery,1.0,,Damaged,West,,,2025,,
T101017,C121,Female,25.0,Eldoret,Eldoret,2025-04-27,P706,Monitor,electronics,BrandB,213.65,,15.0,0.0,,,,Card,EMP2,, no ,,179.0,Delivery,2.0,,Damaged,Central,,,2025,,4.0
T101018,C269, male ,18.0,Nakuru,Kisumu,2026-06-17,P294,Monitor,Electronics,BrandA,,-2.0,5.0,0.0,,,,Cash,EMP16,Returning,No,Yes,-10.0,Pickup,4.0,Not Returned,,Central,,,2025,,4.0
T101019,C253, male ,,Mombasa,Nakuru,2025-07-06,P818,Sugar,Groceries,BrandA,215.48,-2.0,,0.0,-430.96,-233.92,-197.04,cash ,EMP17,, no ,No,33.0,Pickup,4.0,,Damaged,Central,,,2025,,
T101020,C116, male ,34.0,Mombasa,Nairobi,2025-10-25,P112,Table,home,BrandA,-10.0,-2.0,110.0,0.0,20.0,16.67,3.33,Cash,EMP10,,YES,Yes,141.0,Delivery,1.0,Not Returned,Wrong Item,East,,,2025,Good,
T101021,C88,,150.0,Eldoret,Eldoret,2025-07-08,P250,Keyboard, Electronics,BrandC,,-2.0,15.0,0.0,,,,Card,EMP3,New,YES,,222.0,,,,,East,,,2025,Average,4.0
T101022,C62,Female,,Kisumu,Nakuru,2025-12-01,P123,Shirt,Clothing,BrandC,-10.0,,10.0,0.0,,,,,EMP8,,No,,259.0,,1.0,Returned,Wrong Item,North,,,2025,,1.0
T101023,C91,Female,45.0,Nairobi,Eldoret,2026-03-29,P732,Jeans,clothing,BrandC,,,20.0,0.0,,,,Mobile,EMP1,,No,Yes,72.0,,,Returned,Changed Mind,West,,,2025,,5.0
T101024,C55,FEMALE,150.0,Eldoret,Kisumu,2025-04-30,P101,Lamp, Home,BrandC,,-2.0,110.0,0.0,,,,Cash,EMP3,New,YES,Yes,482.0,Delivery,5.0,Not Returned,, north ,,,2025,,3.0
T101025,C195, male ,60.0,Mombasa,Kisumu,2026-05-19,P638,Rice,groceries,BrandB,,5.0,15.0,0.0,,,,Card,EMP2,, no ,,,Pickup,1.0,,Wrong Item,South,,,2025,Bad,2.0
T101026,C85, male ,,Nakuru,Mombasa,2025-08-05,P327,Monitor,Electronics,BrandA,-10.0,-2.0,5.0,0.0,20.0,12.91,7.09,Cash,EMP6,Returning, no ,Yes,75.0,Pickup,,,Changed Mind,North,,,2025,,3.0
T101027,C355,Female,25.0,Nairobi,Nairobi,2025-02-18,P331,Jacket,Clothing,BrandA,323.99,10.0,15.0,518.38,3239.9,2247.68,992.22,,EMP1,,YES,No,,,2.0,Not Returned,Changed Mind,South,,,2025,,3.0
T101028,C73,,45.0,Nairobi,Mombasa,2026-06-22,P353,Mouse,Electronics,BrandA,,,5.0,0.0,,,,,EMP29,, no ,Yes,,,,Not Returned,Damaged,West,,,2025,Bad,
T101029,C33, male ,-5.0,Eldoret,Kisumu,2026-04-14,P659,Table, Home,BrandC,,5.0,5.0,0.0,,,,Mobile,EMP6,, no ,,-10.0,Delivery,3.0,Not Returned,Changed Mind,Central,,,2025,Average,4.0
T101030,C188,,18.0,Mombasa,Eldoret,2026-04-02,P551,Laptop,Electronics,BrandC,477.3,7.0,110.0,534.58,3341.1,2270.55,1070.55,Mobile,EMP16,,No,Yes,-10.0,Pickup,1.0,Returned,Wrong Item,Central,,,2025,Good,3.0
T101031,C249,,25.0,Eldoret,Nakuru,2025-02-11,P581,Lamp,,BrandA,-10.0,3.0,,0.0,-30.0,-21.65,-8.35,,EMP14,Returning,YES,Yes,496.0,Pickup,4.0,Not Returned,Wrong Item,Central,,,2025,Average,
T101032,C436,Female,150.0,Eldoret,Nakuru,2026-03-18,P329,Shoes,clothing,BrandA,193.28,5.0,110.0,154.62,966.4,869.69,96.71,Cash,EMP24,,YES,No,260.0,Delivery,4.0,Returned,Damaged,West,,,2025,Bad,4.0
T101033,C386,Male,45.0,Eldoret,Eldoret,2025-07-19,P467,Lamp, Home,BrandA,-10.0,,5.0,0.0,,,,cash ,EMP1,New,Yes,,,,3.0,Returned,,South,,,2025,,2.0
T101034,C359,,,Nakuru,Mombasa,2025-02-11,P912,Jacket,,BrandC,154.76,7.0,,173.33,1083.32,917.37,165.95,Mobile,EMP12,,YES,,187.0,Pickup,4.0,,Wrong Item,East,,,2025,Good,4.0
T101035,C159,FEMALE,60.0,Eldoret,Mombasa,2025-12-06,P792,Milk,,BrandC,-10.0,5.0,0.0,0.0,-50.0,-37.57,-12.43,Mobile,EMP26,New,YES,Yes,57.0,Pickup,2.0,Not Returned,Wrong Item,North,,,2025,Good,3.0
T101036,C70,Male,25.0,Nakuru,Mombasa,2025-08-31,P753,Keyboard,electronics,BrandC,-10.0,,10.0,0.0,,,,,EMP2,,YES,Yes,,Pickup,2.0,Returned,Changed Mind,South,,,2025,Bad,5.0
T101037,C470,FEMALE,25.0,Kisumu,Mombasa,2025-10-04,P563,Lamp,home,BrandB,-10.0,2.0,0.0,0.0,-20.0,-14.18,-5.82,,EMP3,, no ,,115.0,Delivery,5.0,,Wrong Item,West,,,2025,Bad,1.0
T101038,C282,FEMALE,18.0,Kisumu,Eldoret,2025-01-09,P641,Monitor,Electronics,BrandC,368.09,-2.0,10.0,0.0,-736.18,-491.27,-244.91,Cash,EMP3,Returning,Yes,Yes,353.0,,3.0,,Damaged, north ,,,2025,Good,
T101039,C61, male ,18.0,Kisumu,Nairobi,2026-03-04,P277,Jeans,Clothing,BrandC,483.96,,5.0,0.0,,,,Card,EMP2,,YES,No,,,5.0,,,Central,,,2025,Average,3.0
T101040,C193, male ,150.0,Kisumu,Eldoret,2025-10-23,P361,Milk, Groceries,BrandC,,,5.0,0.0,,,,,EMP16,Returning,YES,Yes,-10.0,Delivery,5.0,Not Returned,Damaged, north ,,,2025,,
T101041,C445,Female,60.0,Nairobi,Mombasa,2025-08-24,P122,Mouse,,BrandA,,-2.0,5.0,0.0,,,,Mobile,EMP4,New,No,,,Pickup,5.0,Returned,,Central,,,2025,Good,1.0
T101042,C475,,,Mombasa,Kisumu,2025-08-04,P585,Bread,Groceries,BrandC,,-2.0,5.0,0.0,,,,cash ,EMP28,Returning,No,No,-10.0,Delivery,3.0,Returned,Changed Mind,Central,,,2025,Good,3.0
T101043,C405,,,Eldoret,Eldoret,2025-10-09,P171,Jacket,clothing,BrandC,-10.0,-2.0,,0.0,20.0,16.8,3.2,Cash,EMP9,New, no ,Yes,-10.0,Delivery,2.0,Returned,,South,,,2025,,
T101044,C247, male ,,Nairobi,Nakuru,2025-03-22,P450,Mouse,Electronics,BrandB,254.55,-2.0,20.0,0.0,-509.1,-429.52,-79.58,,EMP23,,No,No,245.0,,,,Changed Mind,East,,,2025,Good,2.0
T101045,C200,FEMALE,150.0,Nairobi,Nakuru,2025-01-02,P315,Jeans,Clothing,BrandA,194.71,10.0,,311.54,1947.1000000000001,1573.99,373.11,Cash,EMP1,,Yes,Yes,-10.0,,1.0,,Wrong Item,East,,,2025,,1.0
T101046,C49, male ,-5.0,Eldoret,Kisumu,2025-09-16,P980,Rice,Groceries,BrandC,,3.0,0.0,0.0,,,,Card,EMP20,Returning,No,,-10.0,Pickup,1.0,Not Returned,Damaged,South,,,2025,Good,4.0
T101047,C462,Male,150.0,Kisumu,Eldoret,2026-01-15,P391,Lamp,Home,BrandC,279.16,-2.0,5.0,0.0,-558.32,-330.92,-227.4,Mobile,EMP30,,No,No,-10.0,,3.0,Returned,Damaged,Central,,,2025,,
T101048,C295, male ,-5.0,Eldoret,Mombasa,2026-05-13,P565,Shirt,,BrandC,,-2.0,20.0,0.0,,,,Mobile,EMP27,New, no ,,-10.0,Pickup,,Returned,Wrong Item,South,,,2025,Average,5.0
T101049,C261, male ,-5.0,Nairobi,Mombasa,2025-09-04,P276,Sugar,groceries,BrandA,191.87,-2.0,110.0,0.0,-383.74,-199.96,-183.78,Card,EMP24,Returning,YES,No,-10.0,Pickup,4.0,Returned,Damaged,North,,,2025,Average,
T101050,C28,,-5.0,Kisumu,Mombasa,2025-07-01,P181,Monitor,,BrandC,,3.0,110.0,0.0,,,,Cash,EMP2,,Yes,Yes,,Pickup,5.0,,Changed Mind,North,,,2025,Average,4.0
T101051,C201,Female,34.0,Eldoret,Mombasa,2025-09-23,P990,Mouse,electronics,BrandC,220.51,6.0,,211.69,1323.06,1135.15,187.91,,EMP18,,Yes,Yes,-10.0,Delivery,1.0,,,North,,,2025,Average,
T101052,C200,Female,60.0,Kisumu,Eldoret,2025-10-20,P577,Laptop,electronics,BrandC,,7.0,110.0,0.0,,,,Cash,EMP18,Returning,YES,,-10.0,Pickup,3.0,,Damaged,South,,,2025,,3.0
T101053,C406,FEMALE,18.0,Kisumu,Nakuru,2026-06-02,P846,Shirt,clothing,BrandB,,-2.0,20.0,0.0,,,,,EMP20,New,Yes,Yes,140.0,,1.0,,Changed Mind,South,,,2025,Average,1.0
T101054,C459,,45.0,Mombasa,Kisumu,2025-06-07,P899,Sugar, Groceries,BrandB,324.2,-2.0,5.0,0.0,-648.4,-457.33,-191.07,cash ,EMP18,New,Yes,Yes,286.0,,,,Wrong Item, north ,,,2025,,
T101055,C73,,-5.0,Nakuru,Kisumu,2025-10-23,P915,Table,home,BrandB,-10.0,-2.0,,0.0,20.0,14.87,5.13,Cash,EMP29,New,No,Yes,,,4.0,Returned,Changed Mind,East,,,2025,,4.0
T101056,C419,Male,-5.0,Mombasa,Kisumu,2025-12-15,P176,Lamp, Home,BrandC,,7.0,5.0,0.0,,,,,EMP2,Returning,Yes,No,,Delivery,4.0,Not Returned,Wrong Item,North,,,2025,Good,5.0
T101057,C247,,25.0,Mombasa,Nairobi,2026-06-20,P903,Shoes,Clothing,BrandB,,-2.0,110.0,0.0,,,,Mobile,EMP21,Returning,Yes,No,,Delivery,,,Changed Mind,East,,,2025,Bad,1.0
T101058,C180,Male,34.0,Kisumu,Eldoret,2026-05-22,P509,Shirt,,BrandB,,-2.0,20.0,0.0,,,,Card,EMP10,,Yes,No,-10.0,Delivery,1.0,Not Returned,Wrong Item,South,,,2025,Bad,2.0
T101059,C279, male ,25.0,Nairobi,Mombasa,2026-04-23,P644,Monitor,Electronics,BrandA,-10.0,,10.0,0.0,,,,Card,EMP18,Returning, no ,,-10.0,,,Returned,,East,,,2025,Bad,2.0
T101060,C165, male ,,Nakuru,Nakuru,2025-06-03,P670,Jacket,Clothing,BrandA,202.97,9.0,,292.28,1826.73,1583.08,243.65,Card,EMP21,New,No,No,-10.0,Pickup,4.0,Returned,Changed Mind,North,,,2025,Good,2.0
T101061,C162,Female,25.0,Eldoret,Mombasa,2025-04-22,P811,Jeans,Clothing,BrandB,,-2.0,10.0,0.0,,,,Mobile,EMP3,Returning, no ,Yes,,Delivery,1.0,Returned,Changed Mind,North,,,2025,Average,5.0
T101062,C108, male ,,Mombasa,Nairobi,2026-05-01,P946,Mouse, Electronics,BrandB,,9.0,0.0,0.0,,,,Card,EMP11,New,YES,,315.0,,5.0,Not Returned,,East,,,2025,Bad,4.0
T101063,C76,Female,-5.0,Kisumu,Nakuru,2025-08-27,P590,Jeans, Clothing,BrandC,-10.0,-2.0,110.0,0.0,20.0,11.24,8.76,cash ,EMP30,,YES,Yes,,,4.0,,, north ,,,2025,Average,1.0
T101064,C412,FEMALE,60.0,Nairobi,Mombasa,2026-05-07,P305,Shirt,,BrandA,-10.0,4.0,15.0,0.0,-40.0,-33.1,-6.9,cash ,EMP12,Returning,Yes,No,-10.0,Delivery,1.0,,Damaged, north ,,,2025,,1.0
T101065,C447,,18.0,Nakuru,Nairobi,2025-07-10,P614,Jacket,Clothing,BrandC,37.57,-2.0,0.0,0.0,-75.14,-49.05,-26.09,Card,EMP11,Returning,No,Yes,,Pickup,,,Damaged,South,,,2025,Bad,5.0
T101066,C271,Male,-5.0,Nairobi,Eldoret,2026-02-13,P113,Monitor,electronics,BrandC,-10.0,3.0,10.0,0.0,-30.0,-18.52,-11.48,Mobile,EMP19,New,Yes,,,Pickup,3.0,,,West,,,2025,Bad,2.0
T101067,C392,Male,25.0,Kisumu,Nakuru,2025-01-02,P300,Cooker,Home,BrandB,,-2.0,10.0,0.0,,,,Card,EMP9,Returning,YES,,,Delivery,3.0,Returned,Damaged,South,,,2025,Bad,4.0
T101068,C12,FEMALE,150.0,Nakuru,Kisumu,2025-10-31,P103,Sugar,groceries,BrandA,117.45,,10.0,0.0,,,,Card,EMP3,Returning, no ,Yes,-10.0,Delivery,1.0,Not Returned,Wrong Item, north ,,,2025,Bad,1.0
T101069,C324,Female,25.0,Kisumu,Nakuru,2025-01-27,P608,Sugar, Groceries,BrandC,253.87,,10.0,0.0,,,,cash ,EMP14,,YES,No,-10.0,Pickup,,Returned,Wrong Item,South,,,2025,Average,1.0
T101070,C320,,45.0,Nakuru,Eldoret,2025-09-04,P162,Sugar,,BrandA,71.08,-2.0,10.0,0.0,-142.16,-81.12,-61.04,cash ,EMP18,New,YES,Yes,,Pickup,4.0,,Damaged, north ,,,2025,Good,2.0
T101071,C241, male ,45.0,Nairobi,Kisumu,2025-10-01,P465,Chair,home,BrandB,324.85,,20.0,0.0,,,,,EMP14,,No,Yes,394.0,Pickup,,,Damaged,South,,,2025,Good,
T101072,C222,Male,34.0,Nakuru,Kisumu,2025-05-15,P321,Mouse,Electronics,BrandA,113.86,-2.0,5.0,0.0,-227.72,-145.01,-82.71,Mobile,EMP22,,YES,Yes,-10.0,Pickup,5.0,Not Returned,Wrong Item,Central,,,2025,Bad,1.0
T101073,C203, male ,45.0,Eldoret,Mombasa,2026-02-11,P865,Sugar, Groceries,BrandA,,,20.0,0.0,,,,Cash,EMP1,, no ,Yes,-10.0,Delivery,5.0,Returned,Wrong Item,South,,,2025,,3.0
T101074,C370,,45.0,Nairobi,Nairobi,2026-03-23,P249,Cooker,Home,BrandC,,4.0,20.0,0.0,,,,,EMP16,New,YES,No,,,3.0,,Damaged, north ,,,2025,Average,5.0
T101075,C145, male ,150.0,Mombasa,Eldoret,2026-01-20,P164,Chair,,BrandA,46.92,-2.0,5.0,0.0,-93.84,-60.55,-33.29,Mobile,EMP16,New, no ,Yes,394.0,Delivery,2.0,Not Returned,Wrong Item,East,,,2025,Bad,3.0
T101076,C198, male ,60.0,Mombasa,Nakuru,2026-04-15,P587,Lamp, Home,BrandA,375.41,,10.0,0.0,,,,,EMP8,New,YES,,291.0,Delivery,2.0,,,South,,,2025,Good,3.0
T101077,C267,,,Nairobi,Nakuru,2025-09-30,P462,Shoes, Clothing,BrandC,-10.0,-2.0,10.0,0.0,20.0,11.99,8.01,Card,EMP27,Returning,Yes,,470.0,Delivery,,Returned,,South,,,2025,,3.0
T101078,C497, male ,-5.0,Eldoret,Nakuru,2026-05-10,P135,Chair, Home,BrandA,-10.0,9.0,20.0,0.0,-90.0,-75.76,-14.24,Card,EMP19,Returning,Yes,Yes,149.0,Delivery,4.0,,Wrong Item,East,,,2025,Good,
T101079,C436,Male,60.0,Nairobi,Kisumu,2025-03-07,P283,Mouse,,BrandB,,-2.0,15.0,0.0,,,,cash ,EMP20,, no ,No,-10.0,Pickup,,Returned,,West,,,2025,,
T101080,C59,,18.0,Eldoret,Nairobi,2025-11-24,P209,Bread,Groceries,BrandB,195.45,10.0,110.0,312.72,1954.5,1537.1,417.4,Cash,EMP29,Returning, no ,No,-10.0,Delivery,5.0,Returned,Wrong Item,West,,,2025,Average,3.0
T101081,C193,Female,150.0,Nakuru,Nairobi,2025-13-40,P155,Jeans,clothing,BrandC,,-2.0,10.0,0.0,,,,Mobile,EMP29,New, no ,,,Pickup,5.0,,Damaged,Central,,,2025,,3.0
T101082,C392,Female,18.0,Nakuru,Mombasa,2025-06-23,P276,Shirt,clothing,BrandA,,,,0.0,,,,Mobile,EMP23,, no ,,-10.0,,4.0,Not Returned,Wrong Item,North,,,2025,,4.0
T101083,C101,,25.0,Eldoret,Nakuru,2025-03-27,P789,Jacket,clothing,BrandC,-10.0,-2.0,10.0,0.0,20.0,16.25,3.75,Card,EMP22,, no ,,121.0,Delivery,4.0,Returned,Damaged,South,,,2025,,
T101084,C390,,18.0,Nakuru,Mombasa,2025-09-02,P582,Monitor,,BrandA,238.68,,10.0,0.0,,,,Cash,EMP23,Returning,No,Yes,,Pickup,4.0,Returned,Wrong Item,East,,,2025,,4.0
T101085,C415,,-5.0,Nakuru,Nakuru,2025-12-06,P758,Jeans, Clothing,BrandC,59.77,5.0,0.0,47.82,298.85,165.07,133.78,Card,EMP15,New,No,No,-10.0,Delivery,2.0,,Changed Mind,East,,,2025,Bad,2.0
T101086,C393,Female,25.0,Eldoret,Nairobi,2025-09-15,P727,Chair,home,BrandA,-10.0,6.0,,0.0,-60.0,-43.58,-16.42,Cash,EMP24,,Yes,,-10.0,Pickup,3.0,Returned,Damaged,West,,,2025,Bad,2.0
T101087,C359,FEMALE,45.0,Nakuru,Kisumu,2025-06-08,P995,Mouse,,BrandC,-10.0,-2.0,110.0,0.0,20.0,11.42,8.58,,EMP18,,No,Yes,,Delivery,3.0,Returned,Wrong Item,East,,,2025,Good,5.0
T101088,C383,,60.0,Nairobi,Kisumu,2025-05-23,P984,Mouse,electronics,BrandA,-10.0,,0.0,0.0,,,,Mobile,EMP20,New,YES,Yes,,Pickup,5.0,,,East,,,2025,Good,
T101089,C238,FEMALE,45.0,Kisumu,Eldoret,2025-10-26,P579,Lamp,Home,BrandA,472.26,,110.0,0.0,,,,Card,EMP17,Returning,No,,,,2.0,Not Returned,,East,,,2025,Bad,2.0
T101090,C276,FEMALE,150.0,Kisumu,Nakuru,2025-03-13,P515,Jacket,Clothing,BrandB,408.59,7.0,10.0,457.62,2860.1299999999997,1633.2,1226.93,Mobile,EMP18,Returning, no ,Yes,347.0,Pickup,5.0,Not Returned,Changed Mind,Central,,,2025,Bad,1.0
T101091,C63,Male,25.0,Nakuru,Eldoret,2025-12-27,P718,Shoes,clothing,BrandB,,-2.0,0.0,0.0,,,,,EMP21,New, no ,Yes,345.0,Delivery,3.0,,Wrong Item,West,,,2025,Bad,5.0
T101092,C185,FEMALE,25.0,Eldoret,Nakuru,2026-01-19,P398,Lamp,,BrandA,-10.0,1.0,20.0,0.0,-10.0,-7.11,-2.89,Card,EMP21,New,YES,No,-10.0,Delivery,3.0,Returned,,East,,,2025,Bad,4.0
T101093,C41,,45.0,Nakuru,Nairobi,2025-12-14,P986,Rice,groceries,BrandC,-10.0,-2.0,10.0,0.0,20.0,14.68,5.32,Cash,EMP15,New,No,,114.0,Pickup,1.0,Returned,Wrong Item,East,,,2025,Good,4.0
T101094,C21,Female,60.0,Mombasa,Eldoret,2026-05-28,P964,Rice,groceries,BrandC,96.92,-2.0,5.0,0.0,-193.84,-152.9,-40.94,Cash,EMP29,Returning,Yes,Yes,329.0,,5.0,Not Returned,Changed Mind,East,,,2025,Good,3.0
T101095,C179,Male,25.0,Mombasa,Nairobi,2026-05-24,P499,Chair,home,BrandC,-10.0,10.0,20.0,0.0,-100.0,-61.84,-38.16,Mobile,EMP12,,YES,,-10.0,Delivery,3.0,Returned,Damaged,West,,,2025,,1.0
T101096,C92, male ,34.0,Nakuru,Mombasa,2025-04-19,P744,Shirt,,BrandB,401.93,-2.0,110.0,0.0,-803.86,-405.33,-398.53,Mobile,EMP6,New,No,,297.0,,4.0,Returned,Changed Mind, north ,,,2025,Bad,
T101097,C197,FEMALE,,Eldoret,Nakuru,2025-03-28,P768,Chair,home,BrandC,,-2.0,10.0,0.0,,,,cash ,EMP28,,YES,No,-10.0,Pickup,,Not Returned,Wrong Item,North,,,2025,Good,5.0
T101098,C111,,34.0,Eldoret,Kisumu,2025-07-06,P577,Keyboard, Electronics,BrandB,258.71,-2.0,5.0,0.0,-517.42,-259.55,-257.87,cash ,EMP25,,YES,Yes,,,3.0,Not Returned,Damaged,North,,,2025,,5.0
T101099,C239,,-5.0,Nakuru,Mombasa,2026-02-17,P996,Table,,BrandA,,,20.0,0.0,,,,,EMP7,,Yes,Yes,423.0,,,Returned,Damaged,Central,,,2025,Average,
T101100,C170,FEMALE,34.0,Kisumu,Nairobi,2026-02-07,P263,Rice,,BrandB,,,20.0,0.0,,,,Cash,EMP27,Returning,Yes,Yes,20.0,Delivery,,,Wrong Item, north ,,,2025,Good,1.0
T101101,C324,Female,18.0,Eldoret,Eldoret,2025-13-40,P885,Milk,groceries,BrandA,479.42,6.0,0.0,460.24,2876.52,2345.84,530.68,,EMP1,, no ,Yes,-10.0,Delivery,2.0,Returned,Changed Mind,Central,,,2025,Good,1.0
T101102,C430,Male,34.0,Eldoret,Nakuru,2025-06-26,P599,Cooker,,BrandC,270.52,-2.0,110.0,0.0,-541.04,-276.46,-264.58,cash ,EMP1,Returning,Yes,Yes,488.0,Pickup,,Returned,Wrong Item,North,,,2025,,4.0
T101103,C224,,18.0,Eldoret,Eldoret,2025-02-26,P681,Keyboard,Electronics,BrandC,-10.0,,110.0,0.0,,,,Card,EMP7,,No,Yes,-10.0,Delivery,3.0,,,North,,,2025,,4.0
T101104,C228, male ,45.0,Kisumu,Nairobi,2026-04-04,P499,Chair,home,BrandC,,1.0,5.0,0.0,,,,,EMP24,New,No,,,Pickup,1.0,Returned,,East,,,2025,Average,5.0
T101105,C119,,,Mombasa,Kisumu,2026-06-05,P807,Chair,,BrandA,,,5.0,0.0,,,,Card,EMP23,New,No,Yes,-10.0,Delivery,,,Damaged, north ,,,2025,Average,2.0
T101106,C289,FEMALE,18.0,Mombasa,Kisumu,2025-05-23,P882,Cooker, Home,BrandB,145.94,,20.0,0.0,,,,cash ,EMP22,New, no ,,,Pickup,2.0,Returned,Wrong Item,North,,,2025,Bad,3.0
T101107,C201, male ,25.0,Nakuru,Nairobi,2026-02-19,P131,Chair,,BrandB,398.55,,20.0,0.0,,,,Card,EMP2,New, no ,,326.0,Delivery,1.0,Returned,Changed Mind,West,,,2025,Bad,1.0
T101108,C80,,-5.0,Kisumu,Nairobi,2025-09-19,P193,Shirt,Clothing,BrandC,388.5,-2.0,20.0,0.0,-777.0,-570.63,-206.37,Card,EMP16,,Yes,Yes,-10.0,,,Not Returned,, north ,,,2025,Bad,2.0
T101109,C494, male ,60.0,Nakuru,Nakuru,2026-01-19,P826,Bread,Groceries,BrandB,400.2,,5.0,0.0,,,,cash ,EMP25,Returning,YES,Yes,,Delivery,5.0,,Wrong Item,East,,,2025,,3.0
T101110,C169,FEMALE,60.0,Mombasa,Eldoret,2026-04-12,P613,Sugar,Groceries,BrandB,202.36,-2.0,10.0,0.0,-404.72,-309.19,-95.53,Cash,EMP13,New,Yes,No,169.0,,4.0,Returned,,South,,,2025,,3.0
T101111,C187,Male,25.0,Mombasa,Nakuru,2026-01-22,P356,Cooker,home,BrandC,162.12,-2.0,10.0,0.0,-324.24,-191.15,-133.09,,EMP30,, no ,,,,3.0,Not Returned,,Central,,,2025,Good,1.0
T101112,C125,,45.0,Kisumu,Eldoret,2026-03-03,P150,Shoes,,BrandC,-10.0,3.0,10.0,0.0,-30.0,-25.21,-4.79,Mobile,EMP21,Returning,YES,Yes,,Pickup,4.0,,Damaged,North,,,2025,,3.0
T101113,C449,Male,25.0,Nairobi,Kisumu,2025-11-02,P435,Milk,,BrandA,-10.0,5.0,5.0,0.0,-50.0,-25.39,-24.61,Mobile,EMP5,Returning, no ,No,248.0,,4.0,,Damaged,North,,,2025,Average,3.0
T101114,C107,FEMALE,60.0,Mombasa,Nairobi,2025-10-06,P655,Chair, Home,BrandB,-10.0,2.0,,0.0,-20.0,-15.9,-4.1,Mobile,EMP1,New,Yes,,-10.0,Delivery,,,Wrong Item,North,,,2025,Bad,5.0
T101115,C406,FEMALE,25.0,Eldoret,Mombasa,2026-02-16,P671,Table,,BrandA,261.47,3.0,110.0,125.51,784.4100000000001,392.5,391.91,Cash,EMP11,Returning,YES,,393.0,,2.0,Returned,,East,,,2025,Good,5.0
T101116,C368,Male,25.0,Mombasa,Kisumu,2025-08-26,P641,Shoes,Clothing,BrandA,-10.0,,,0.0,,,,Cash,EMP11,,No,No,,Pickup,4.0,Not Returned,Damaged,East,,,2025,,1.0
T101117,C59,FEMALE,34.0,Mombasa,Eldoret,2025-01-16,P314,Cooker,Home,BrandA,410.58,-2.0,0.0,0.0,-821.16,-554.09,-267.07,,EMP11,New, no ,Yes,85.0,Delivery,2.0,Returned,Changed Mind,East,,,2025,Good,3.0
T101118,C324,Male,,Nakuru,Mombasa,2025-01-08,P821,Shirt, Clothing,BrandB,-10.0,-2.0,5.0,0.0,20.0,10.63,9.37,Cash,EMP12,New,Yes,No,197.0,,5.0,Not Returned,Damaged,North,,,2025,Bad,
T101119,C176,,34.0,Kisumu,Mombasa,2025-05-12,P147,Milk,Groceries,BrandC,,8.0,10.0,0.0,,,,Card,EMP14,New,Yes,No,-10.0,,2.0,Returned,Damaged,West,,,2025,Bad,5.0
T101120,C358,,18.0,Nakuru,Mombasa,2025-03-12,P810,Chair, Home,BrandA,-10.0,-2.0,20.0,0.0,20.0,14.37,5.63,Mobile,EMP12,Returning,Yes,,78.0,,2.0,Returned,,East,,,2025,,1.0
T101121,C308,Male,25.0,Nakuru,Nakuru,2026-02-28,P917,Bread,Groceries,BrandA,,-2.0,110.0,0.0,,,,cash ,EMP18,Returning,Yes,No,,Delivery,1.0,,Damaged,South,,,2025,Bad,3.0
T101122,C301,FEMALE,45.0,Nakuru,Kisumu,2026-04-22,P585,Cooker,home,BrandB,-10.0,,5.0,0.0,,,,Mobile,EMP21,Returning,Yes,No,,Delivery,4.0,Not Returned,,Central,,,2025,Good,3.0
T101123,C152,FEMALE,34.0,Nairobi,Nakuru,2025-04-14,P922,Jeans,Clothing,BrandB,-10.0,,20.0,0.0,,,,Card,EMP26,Returning,YES,Yes,-10.0,Delivery,5.0,Returned,,East,,,2025,Good,5.0
T101124,C311,Female,-5.0,Kisumu,Nairobi,2025-07-06,P732,Keyboard,Electronics,BrandA,212.14,,10.0,0.0,,,,Mobile,EMP3,Returning,YES,,-10.0,,2.0,,Changed Mind,West,,,2025,Bad,1.0
T101125,C161,,-5.0,Mombasa,Mombasa,2026-02-22,P343,Shoes,Clothing,BrandA,329.87,-2.0,5.0,0.0,-659.74,-459.53,-200.21,Card,EMP22,Returning,No,,,Delivery,1.0,,Damaged,West,,,2025,Bad,
T101126,C299,Male,25.0,Eldoret,Nakuru,2025-13-40,P186,Milk,,BrandB,-10.0,,,0.0,,,,Card,EMP21,Returning,YES,Yes,161.0,Pickup,2.0,Returned,,Central,,,2025,Bad,2.0
T101127,C475,FEMALE,45.0,Nairobi,Kisumu,2026-05-16,P891,Laptop,Electronics,BrandC,415.45,2.0,,132.94,830.9,678.28,152.62,Mobile,EMP25,Returning,No,No,421.0,Delivery,4.0,Not Returned,,South,,,2025,,5.0
T101128,C274,Male,-5.0,Nairobi,Eldoret,2025-13-40,P564,Lamp,home,BrandC,311.35,-2.0,20.0,0.0,-622.7,-438.6,-184.1,cash ,EMP29,New,Yes,,,Delivery,2.0,Returned,Changed Mind,East,,,2025,Good,3.0
T101129,C494,Female,60.0,Nakuru,Mombasa,2025-03-26,P624,Jacket,Clothing,BrandC,-10.0,-2.0,15.0,0.0,20.0,10.89,9.11,Cash,EMP6,,Yes,,324.0,Delivery,5.0,Not Returned,Wrong Item, north ,,,2025,Average,3.0
T101130,C132,Male,25.0,Nairobi,Mombasa,2025-07-28,P162,Laptop,Electronics,BrandC,,-2.0,5.0,0.0,,,,Card,EMP30,New,YES,No,,,,Not Returned,Wrong Item,Central,,,2025,Average,2.0
T101131,C186,FEMALE,18.0,Mombasa,Kisumu,2025-08-11,P795,Milk,,BrandB,306.75,,,0.0,,,,,EMP22,Returning,Yes,,-10.0,Delivery,5.0,Not Returned,Wrong Item, north ,,,2025,Good,3.0
T101132,C16,Female,25.0,Eldoret,Nairobi,2025-09-22,P392,Bread,,BrandA,403.67,4.0,5.0,258.35,1614.68,1293.57,321.11,,EMP6,, no ,Yes,,,5.0,Not Returned,Wrong Item, north ,,,2025,,5.0
T101133,C371,Female,34.0,Nakuru,Eldoret,2025-03-01,P158,Jacket, Clothing,BrandC,,1.0,0.0,0.0,,,,Cash,EMP15,New,YES,No,122.0,,1.0,,Wrong Item,North,,,2025,Average,4.0
T101134,C371, male ,,Kisumu,Nakuru,2025-06-05,P582,Jeans,clothing,BrandB,-10.0,,110.0,0.0,,,,,EMP5,Returning, no ,Yes,,Delivery,1.0,Not Returned,Changed Mind,West,,,2025,Good,1.0
T101135,C270, male ,18.0,Nairobi,Eldoret,2025-10-24,P937,Laptop, Electronics,BrandA,-10.0,3.0,110.0,0.0,-30.0,-23.73,-6.27,Mobile,EMP27,New,Yes,Yes,,Pickup,4.0,,,South,,,2025,,5.0
T101136,C263,,18.0,Nairobi,Nairobi,2025-07-08,P555,Bread, Groceries,BrandA,222.07,6.0,,213.19,1332.42,1037.03,295.39,cash ,EMP22,Returning,No,,-10.0,,5.0,Returned,, north ,,,2025,Bad,4.0
T101137,C474,Male,45.0,Eldoret,Mombasa,2025-12-25,P701,Cooker,Home,BrandB,283.67,9.0,,408.48,2553.03,2270.36,282.67,Mobile,EMP10,,YES,Yes,,Delivery,4.0,Not Returned,Wrong Item,South,,,2025,Good,1.0
T101138,C254,Female,-5.0,Eldoret,Nakuru,2025-06-19,P786,Cooker,,BrandC,,,20.0,0.0,,,,,EMP24,New,YES,No,,Pickup,2.0,Not Returned,Damaged,East,,,2025,Average,
T101139,C144,FEMALE,45.0,Nairobi,Nakuru,2025-03-30,P336,Laptop,Electronics,BrandC,-10.0,5.0,0.0,0.0,-50.0,-41.75,-8.25,Card,EMP13,Returning, no ,No,,,3.0,Returned,Damaged,North,,,2025,,
T101140,C309,Female,60.0,Nakuru,Kisumu,2025-13-40,P613,Sugar, Groceries,BrandB,-10.0,,0.0,0.0,,,,,EMP28,Returning,YES,,187.0,,2.0,,Damaged,East,,,2025,Good,3.0
T101141,C151,Male,150.0,Eldoret,Mombasa,2025-12-03,P486,Shirt,,BrandB,-10.0,2.0,110.0,0.0,-20.0,-11.3,-8.7,cash ,EMP24,New, no ,,208.0,Pickup,5.0,Returned,Wrong Item, north ,,,2025,Bad,2.0
T101142,C428, male ,18.0,Kisumu,Mombasa,2026-04-25,P518,Cooker,home,BrandA,,,20.0,0.0,,,,Cash,EMP15,New,Yes,,22.0,,1.0,,Wrong Item,Central,,,2025,Bad,1.0
T101143,C119, male ,60.0,Nairobi,Kisumu,2025-08-14,P201,Mouse, Electronics,BrandB,-10.0,-2.0,110.0,0.0,20.0,17.34,2.66,Cash,EMP8,Returning,YES,Yes,,Pickup,2.0,Not Returned,Changed Mind,West,,,2025,,3.0
T101144,C484,,150.0,Nakuru,Eldoret,2026-03-31,P546,Shoes, Clothing,BrandC,,9.0,,0.0,,,,cash ,EMP15,Returning,YES,,-10.0,Pickup,5.0,Not Returned,Changed Mind,South,,,2025,Average,4.0
T101145,C3, male ,-5.0,Nairobi,Eldoret,2025-09-07,P441,Lamp,home,BrandC,384.81,,0.0,0.0,,,,Mobile,EMP23,Returning,No,Yes,-10.0,Delivery,1.0,,Damaged, north ,,,2025,Average,1.0
T101146,C219,,45.0,Mombasa,Kisumu,2025-11-30,P564,Sugar, Groceries,BrandA,,3.0,15.0,0.0,,,,Card,EMP16,, no ,,,Delivery,,Returned,Changed Mind, north ,,,2025,,4.0
T101147,C416,Female,45.0,Nairobi,Kisumu,2026-04-22,P336,Shirt,,BrandA,-10.0,10.0,15.0,0.0,-100.0,-67.74,-32.26,Cash,EMP30,New,Yes,No,-10.0,Delivery,2.0,Returned,Wrong Item,East,,,2025,Good,2.0
T101148,C34,FEMALE,-5.0,Nakuru,Nairobi,2026-06-10,P971,Milk,groceries,BrandC,,7.0,0.0,0.0,,,,cash ,EMP26,,No,Yes,-10.0,Delivery,3.0,,,Central,,,2025,,2.0
T101149,C213,Female,150.0,Kisumu,Eldoret,2025-05-03,P642,Sugar,Groceries,BrandA,-10.0,,15.0,0.0,,,,Cash,EMP18,New,No,No,253.0,Pickup,,Returned,Wrong Item,West,,,2025,Average,
T101150,C472,Male,34.0,Mombasa,Nairobi,2025-01-29,P588,Cooker, Home,BrandB,188.36,-2.0,10.0,0.0,-376.72,-225.02,-151.7,Mobile,EMP13,,Yes,No,12.0,Delivery,1.0,Returned,,West,,,2025,Good,
T101151,C338, male ,18.0,Eldoret,Nairobi,2026-06-12,P688,Shirt, Clothing,BrandC,410.5,,5.0,0.0,,,,Mobile,EMP23,New,No,Yes,,,2.0,Returned,, north ,,,2025,Good,3.0
T101152,C207, male ,150.0,Mombasa,Eldoret,2025-03-25,P879,Shoes,,BrandC,,5.0,110.0,0.0,,,,cash ,EMP24,New,No,Yes,,,4.0,Not Returned,Wrong Item,South,,,2025,,5.0
T101153,C495,,34.0,Mombasa,Eldoret,2025-08-03,P407,Mouse,,BrandB,378.8,-2.0,110.0,0.0,-757.6,-649.14,-108.46,Mobile,EMP28,Returning,No,No,-10.0,Pickup,1.0,,, north ,,,2025,Bad,2.0
T101154,C49,FEMALE,34.0,Eldoret,Nakuru,2025-09-21,P130,Jacket,,BrandA,-10.0,4.0,15.0,0.0,-40.0,-23.63,-16.37,Cash,EMP7,Returning, no ,,323.0,Pickup,,Returned,,North,,,2025,Bad,
T101155,C410, male ,45.0,Eldoret,Nakuru,2026-01-16,P880,Rice,Groceries,BrandA,84.36,,15.0,0.0,,,,Mobile,EMP5,Returning,Yes,Yes,295.0,,4.0,Not Returned,Changed Mind,North,,,2025,Average,2.0
T101156,C84,Female,18.0,Kisumu,Nairobi,2026-05-07,P543,Keyboard,Electronics,BrandC,,,10.0,0.0,,,,cash ,EMP8,Returning, no ,,180.0,,,Returned,Wrong Item,Central,,,2025,Bad,5.0
T101157,C323,,25.0,Mombasa,Eldoret,2025-12-16,P599,Laptop,electronics,BrandC,-10.0,,0.0,0.0,,,,cash ,EMP11,New,Yes,No,,Pickup,2.0,Returned,Wrong Item, north ,,,2025,Good,3.0
T101158,C261,Male,60.0,Mombasa,Kisumu,2026-03-09,P167,Sugar,Groceries,BrandA,,,20.0,0.0,,,,Mobile,EMP6,Returning,No,No,189.0,,1.0,Returned,Damaged,West,,,2025,Good,3.0
T101159,C458,Female,-5.0,Nairobi,Nakuru,2026-01-07,P169,Cooker, Home,BrandA,175.26,3.0,0.0,84.12,525.78,395.08,130.7,,EMP4,New,YES,Yes,,,4.0,,Wrong Item,Central,,,2025,Bad,3.0
T101160,C302,,,Eldoret,Kisumu,2025-11-06,P992,Keyboard,Electronics,BrandA,-10.0,,,0.0,,,,cash ,EMP14,,YES,Yes,-10.0,Pickup,,Not Returned,,North,,,2025,Bad,
T101161,C46,Female,60.0,Eldoret,Nairobi,2025-09-07,P638,Lamp,Home,BrandA,-10.0,-2.0,20.0,0.0,20.0,12.67,7.33,,EMP4,,Yes,Yes,-10.0,,1.0,,Changed Mind,South,,,2025,Good,2.0
T101162,C427, male ,-5.0,Eldoret,Mombasa,2025-09-11,P329,Rice,Groceries,BrandB,-10.0,5.0,0.0,0.0,-50.0,-25.56,-24.44,cash ,EMP19,Returning,Yes,Yes,-10.0,Delivery,2.0,Returned,Damaged,West,,,2025,Bad,4.0
T101163,C250, male ,-5.0,Kisumu,Nairobi,2025-12-08,P906,Bread,groceries,BrandA,,,5.0,0.0,,,,Mobile,EMP18,, no ,Yes,78.0,,4.0,,Damaged,West,,,2025,,5.0
T101164,C352, male ,,Mombasa,Kisumu,2026-06-03,P380,Keyboard,Electronics,BrandA,,-2.0,110.0,0.0,,,,cash ,EMP9,,Yes,No,-10.0,Delivery,4.0,Not Returned,Changed Mind,North,,,2025,,
T101165,C183,Female,34.0,Nairobi,Mombasa,2025-12-08,P115,Sugar, Groceries,BrandC,-10.0,4.0,20.0,0.0,-40.0,-24.87,-15.13,Cash,EMP10,New, no ,,63.0,Pickup,2.0,,,South,,,2025,Average,3.0
T101166,C120,Male,150.0,Nakuru,Nakuru,2025-07-01,P611,Rice,groceries,BrandC,,-2.0,0.0,0.0,,,,Cash,EMP8,New,YES,No,6.0,,2.0,Not Returned,Changed Mind,Central,,,2025,Average,3.0
T101167,C137,Female,150.0,Eldoret,Kisumu,2025-03-23,P945,Cooker,home,BrandA,-10.0,,5.0,0.0,,,,Cash,EMP7,,YES,Yes,160.0,Delivery,1.0,Returned,Wrong Item,East,,,2025,Bad,4.0
T101168,C20,Female,150.0,Nakuru,Nairobi,2026-03-16,P736,Jacket, Clothing,BrandC,195.94,-2.0,15.0,0.0,-391.88,-323.91,-67.97,Mobile,EMP5,Returning, no ,,94.0,,3.0,Not Returned,Changed Mind,North,,,2025,,5.0
T101169,C418, male ,-5.0,Nairobi,Kisumu,2026-03-18,P290,Chair, Home,BrandB,-10.0,10.0,5.0,0.0,-100.0,-54.84,-45.16,Mobile,EMP9,Returning,YES,Yes,79.0,Delivery,1.0,Not Returned,Damaged, north ,,,2025,Good,
T101170,C276,Male,150.0,Eldoret,Eldoret,2025-02-25,P878,Rice,groceries,BrandB,369.86,,10.0,0.0,,,,cash ,EMP6,Returning,No,No,-10.0,Pickup,3.0,Returned,Changed Mind,East,,,2025,Average,5.0
T101171,C473, male ,150.0,Nairobi,Mombasa,2025-13-40,P102,Sugar,Groceries,BrandC,,7.0,5.0,0.0,,,,Cash,EMP7,New,YES,No,,,,Not Returned,,West,,,2025,Bad,2.0
T101172,C223,,45.0,Nakuru,Mombasa,2025-04-13,P233,Rice,Groceries,BrandC,479.44,,,0.0,,,,Cash,EMP10,New,Yes,,-10.0,Delivery,1.0,Returned,Wrong Item, north ,,,2025,,4.0
T101173,C195,Female,,Kisumu,Eldoret,2025-05-22,P369,Chair, Home,BrandB,484.54,9.0,110.0,697.74,4360.860000000001,3338.78,1022.08,cash ,EMP5,New,Yes,,,Pickup,5.0,,,Central,,,2025,Average,3.0
T101174,C474,Male,34.0,Nakuru,Mombasa,2026-04-12,P963,Shoes, Clothing,BrandC,312.06,-2.0,110.0,0.0,-624.12,-519.57,-104.55,Mobile,EMP30,Returning,Yes,,381.0,Delivery,,Not Returned,Wrong Item,Central,,,2025,Good,
T101175,C252, male ,,Nairobi,Mombasa,2025-02-20,P864,Lamp,Home,BrandA,-10.0,,15.0,0.0,,,,,EMP12,,Yes,,,Pickup,3.0,Not Returned,Wrong Item,South,,,2025,Bad,3.0
T101176,C467,,25.0,Nakuru,Eldoret,2025-12-03,P885,Jacket,,BrandB,35.37,,110.0,0.0,,,,Card,EMP7,New,No,No,-10.0,Delivery,,Not Returned,Changed Mind,East,,,2025,Good,3.0
T101177,C373, male ,-5.0,Mombasa,Mombasa,2025-02-16,P235,Jeans,clothing,BrandC,-10.0,3.0,20.0,0.0,-30.0,-21.36,-8.64,Mobile,EMP28,New,YES,No,,Pickup,4.0,,Changed Mind,North,,,2025,Good,4.0
T101178,C40,FEMALE,45.0,Eldoret,Nairobi,2025-07-17,P653,Lamp,Home,BrandA,,2.0,5.0,0.0,,,,,EMP24,New,No,,436.0,Delivery,3.0,,Changed Mind,East,,,2025,Bad,4.0
T101179,C248,FEMALE,60.0,Nakuru,Mombasa,2025-07-10,P535,Bread,Groceries,BrandB,-10.0,-2.0,,0.0,20.0,15.65,4.35,Cash,EMP10,Returning,YES,No,,Delivery,2.0,Not Returned,Changed Mind,South,,,2025,,3.0
T101180,C126,FEMALE,60.0,Kisumu,Nakuru,2025-03-09,P317,Sugar, Groceries,BrandA,,6.0,110.0,0.0,,,,Card,EMP25,Returning, no ,Yes,,Delivery,1.0,,Damaged,Central,,,2025,,3.0
T101181,C484,FEMALE,,Nairobi,Nairobi,2026-04-11,P869,Keyboard,electronics,BrandB,-10.0,2.0,10.0,0.0,-20.0,-15.91,-4.09,Mobile,EMP12,New, no ,Yes,-10.0,Pickup,,Returned,Wrong Item,South,,,2025,,3.0
T101182,C347,Female,25.0,Nairobi,Nakuru,2025-13-40,P491,Cooker,home,BrandA,180.47,4.0,20.0,115.5,721.88,478.06,243.82,Cash,EMP20,,No,,484.0,,1.0,,Damaged,East,,,2025,Average,5.0
T101183,C121,FEMALE,25.0,Nakuru,Kisumu,2026-04-27,P655,Mouse,Electronics,BrandA,-10.0,4.0,5.0,0.0,-40.0,-30.76,-9.24,,EMP24,Returning,YES,,244.0,,1.0,Returned,Damaged,East,,,2025,,3.0
T101184,C261,FEMALE,60.0,Kisumu,Nairobi,2025-03-13,P732,Jacket,clothing,BrandA,-10.0,3.0,15.0,0.0,-30.0,-25.64,-4.36,Card,EMP25,Returning,Yes,No,,,5.0,Not Returned,, north ,,,2025,Good,
T101185,C311,,60.0,Nairobi,Eldoret,2026-05-10,P572,Shoes,clothing,BrandC,292.39,8.0,20.0,374.26,2339.12,1331.69,1007.43,Card,EMP9,New, no ,Yes,,Pickup,,Returned,Damaged,East,,,2025,,2.0
T101186,C215,,-5.0,Eldoret,Eldoret,2025-07-27,P980,Monitor,,BrandA,,,20.0,0.0,,,,,EMP15,Returning,YES,Yes,-10.0,,5.0,Not Returned,Damaged,East,,,2025,Good,4.0
T101187,C114,FEMALE,34.0,Eldoret,Eldoret,2026-04-04,P364,Laptop,,BrandC,416.17,9.0,0.0,599.28,3745.53,3173.83,571.7,cash ,EMP29,,No,No,,Pickup,1.0,Returned,,North,,,2025,Good,2.0
T101188,C140,Male,60.0,Eldoret,Mombasa,2025-01-22,P367,Shoes,clothing,BrandA,-10.0,4.0,5.0,0.0,-40.0,-33.98,-6.02,,EMP12,, no ,,-10.0,Delivery,3.0,,,North,,,2025,,4.0
T101189,C257,FEMALE,60.0,Nakuru,Nakuru,2025-10-01,P371,Rice,,BrandB,11.68,-2.0,,0.0,-23.36,-14.44,-8.92,Mobile,EMP12,,YES,No,413.0,Pickup,,Not Returned,,North,,,2025,Average,3.0
T101190,C463,FEMALE,18.0,Nakuru,Nairobi,2025-08-27,P287,Lamp,home,BrandA,150.07,2.0,0.0,48.02,300.14,222.16,77.98,Mobile,EMP24,Returning,Yes,Yes,,Pickup,,Not Returned,Damaged, north ,,,2025,,4.0
T101191,C99,,34.0,Nairobi,Nakuru,2025-01-30,P457,Shirt,,BrandB,322.63,,0.0,0.0,,,,Cash,EMP20,,No,,-10.0,,2.0,Returned,Damaged, north ,,,2025,Average,5.0
T101192,C69,Female,150.0,Eldoret,Kisumu,2025-11-10,P690,Monitor,,BrandA,364.25,-2.0,15.0,0.0,-728.5,-421.16,-307.34,,EMP7,,Yes,,-10.0,Pickup,5.0,,Changed Mind,North,,,2025,Bad,3.0
T101193,C353,Male,,Mombasa,Mombasa,2025-12-17,P608,Monitor,,BrandC,,,110.0,0.0,,,,Mobile,EMP19,Returning,Yes,Yes,,Pickup,4.0,Not Returned,Damaged,Central,,,2025,Good,1.0
T101194,C135,,18.0,Nakuru,Mombasa,2026-04-25,P512,Monitor,electronics,BrandB,382.87,,0.0,0.0,,,,Mobile,EMP25,, no ,,224.0,Delivery,,Returned,Wrong Item,South,,,2025,Good,2.0
T101195,C433,FEMALE,18.0,Nairobi,Kisumu,2026-05-23,P911,Jacket,,BrandB,158.84,,10.0,0.0,,,,Card,EMP13,Returning, no ,Yes,,,4.0,Not Returned,Changed Mind,East,,,2025,Bad,2.0
T101196,C297, male ,-5.0,Kisumu,Nairobi,2025-04-25,P673,Shirt,Clothing,BrandC,,5.0,15.0,0.0,,,,Mobile,EMP1,New,Yes,No,,,2.0,Not Returned,Changed Mind,East,,,2025,Bad,2.0
T101197,C170,,-5.0,Nakuru,Mombasa,2025-06-06,P588,Lamp,,BrandA,-10.0,1.0,15.0,0.0,-10.0,-6.35,-3.65,,EMP18,Returning, no ,,-10.0,Pickup,5.0,Not Returned,,South,,,2025,Average,5.0
T101198,C491,Male,25.0,Kisumu,Nairobi,2025-10-30,P946,Milk, Groceries,BrandA,-10.0,,5.0,0.0,,,,cash ,EMP26,Returning,Yes,Yes,483.0,,,Returned,Wrong Item,Central,,,2025,Bad,
T101199,C408,FEMALE,,Nakuru,Nairobi,2025-03-30,P252,Jeans, Clothing,BrandB,155.86,,5.0,0.0,,,,Mobile,EMP19,New, no ,,-10.0,,2.0,Returned,Wrong Item,West,,,2025,Bad,3.0
T101200,C91,FEMALE,,Kisumu,Kisumu,2025-06-19,P829,Shoes,clothing,BrandC,-10.0,5.0,0.0,0.0,-50.0,-35.75,-14.25,Cash,EMP16,New, no ,,221.0,Delivery,5.0,,Damaged,Central,,,2025,Bad,3.0
T101201,C297,FEMALE,60.0,Nairobi,Kisumu,2026-04-11,P287,Cooker,Home,BrandB,-10.0,7.0,15.0,0.0,-70.0,-53.65,-16.35,Card,EMP2,Returning,No,No,-10.0,Pickup,1.0,Not Returned,,Central,,,2025,,1.0
T101202,C330,Male,150.0,Eldoret,Nakuru,2025-01-04,P844,Lamp,Home,BrandC,,-2.0,0.0,0.0,,,,Card,EMP12,Returning,YES,No,,,3.0,,,North,,,2025,Good,2.0
T101203,C279,,,Mombasa,Nakuru,2025-05-04,P776,Jeans,Clothing,BrandB,56.84,,5.0,0.0,,,,Cash,EMP18,New,Yes,Yes,358.0,Delivery,5.0,,Damaged,West,,,2025,,3.0
T101204,C41, male ,18.0,Kisumu,Mombasa,2026-02-05,P650,Bread,groceries,BrandB,-10.0,,,0.0,,,,Mobile,EMP21,Returning,YES,No,-10.0,Pickup,1.0,Returned,Wrong Item,Central,,,2025,Bad,4.0
T101205,C94, male ,150.0,Nakuru,Kisumu,2025-08-26,P678,Keyboard, Electronics,BrandC,,8.0,15.0,0.0,,,,cash ,EMP20,Returning, no ,,,Pickup,,Returned,,West,,,2025,,1.0
T101206,C159,Female,150.0,Kisumu,Nakuru,2026-03-26,P301,Shirt,clothing,BrandA,,3.0,20.0,0.0,,,,,EMP10,New,No,Yes,,,5.0,,Wrong Item,South,,,2025,Average,4.0
T101207,C118, male ,150.0,Eldoret,Nairobi,2025-02-14,P237,Cooker,home,BrandB,484.48,,15.0,0.0,,,,Mobile,EMP14,New,YES,Yes,,Pickup,,Returned,Wrong Item,West,,,2025,Good,
T101208,C176,,-5.0,Eldoret,Kisumu,2026-05-03,P193,Chair,home,BrandA,,-2.0,5.0,0.0,,,,Cash,EMP28,,No,Yes,-10.0,,,,Changed Mind,West,,,2025,Bad,5.0
T101209,C309,FEMALE,25.0,Eldoret,Nairobi,2025-06-20,P732,Shirt,Clothing,BrandC,-10.0,-2.0,15.0,0.0,20.0,12.79,7.21,Cash,EMP22,Returning, no ,No,,,5.0,Not Returned,Wrong Item,West,,,2025,Good,5.0
T101210,C83,,45.0,Nakuru,Kisumu,2025-13-40,P616,Chair,Home,BrandC,180.83,-2.0,0.0,0.0,-361.66,-297.2,-64.46,Mobile,EMP25,,YES,No,-10.0,Delivery,3.0,Returned,Wrong Item,South,,,2025,Bad,2.0
T101211,C99, male ,150.0,Nakuru,Eldoret,2026-03-16,P835,Laptop,,BrandB,,-2.0,5.0,0.0,,,,,EMP23,,No,No,265.0,,2.0,,, north ,,,2025,Average,
T101212,C19,Female,25.0,Nakuru,Nakuru,2025-01-22,P991,Laptop,,BrandA,,-2.0,110.0,0.0,,,,Card,EMP29,New,No,No,,,1.0,Not Returned,, north ,,,2025,Bad,2.0
T101213,C20,Male,,Nakuru,Nakuru,2025-09-06,P426,Milk,Groceries,BrandA,,,15.0,0.0,,,,Card,EMP1,Returning,No,No,,,2.0,,Damaged,West,,,2025,Average,5.0
T101214,C207,Male,25.0,Nakuru,Nairobi,2025-01-26,P668,Jeans, Clothing,BrandA,,-2.0,20.0,0.0,,,,,EMP14,Returning, no ,,-10.0,,1.0,Returned,Damaged,South,,,2025,Average,5.0
T101215,C386,Male,25.0,Nakuru,Nakuru,2025-12-29,P830,Rice,Groceries,BrandC,427.66,,,0.0,,,,Mobile,EMP2,Returning,Yes,Yes,,Delivery,5.0,,Wrong Item, north ,,,2025,Bad,5.0
T101216,C341,,18.0,Nakuru,Nakuru,2025-05-14,P490,Bread,Groceries,BrandA,-10.0,-2.0,20.0,0.0,20.0,11.08,8.92,Cash,EMP10,New,No,Yes,57.0,Pickup,,,Changed Mind,South,,,2025,,1.0
T101217,C95,Female,34.0,Eldoret,Nairobi,2025-05-20,P781,Rice, Groceries,BrandA,-10.0,,10.0,0.0,,,,,EMP15,, no ,,203.0,Delivery,3.0,,Damaged,East,,,2025,Bad,1.0
T101218,C55,Female,18.0,Mombasa,Nairobi,2025-12-05,P827,Chair,home,BrandC,-10.0,-2.0,,0.0,20.0,10.04,9.96,Card,EMP27,New,No,,103.0,Delivery,2.0,,Wrong Item,South,,,2025,Bad,4.0
T101219,C67,FEMALE,150.0,Nairobi,Mombasa,2025-08-18,P380,Monitor,electronics,BrandB,,2.0,15.0,0.0,,,,Mobile,EMP30,, no ,Yes,-10.0,Pickup,,Returned,Damaged,Central,,,2025,Good,5.0
T101220,C355,Male,-5.0,Kisumu,Nairobi,2026-01-22,P470,Lamp,,BrandC,-10.0,5.0,5.0,0.0,-50.0,-31.16,-18.84,,EMP19,New,No,Yes,,Delivery,5.0,,Damaged,South,,,2025,Good,1.0
T101221,C441,Male,25.0,Nakuru,Kisumu,2026-06-13,P269,Table,,BrandA,-10.0,8.0,15.0,0.0,-80.0,-53.18,-26.82,Cash,EMP4,New,No,Yes,421.0,Pickup,4.0,Returned,,North,,,2025,Bad,1.0
T101222,C51,Male,-5.0,Nairobi,Nairobi,2025-13-40,P481,Jeans, Clothing,BrandB,-10.0,,110.0,0.0,,,,Card,EMP18,New, no ,No,,Pickup,2.0,,Changed Mind,North,,,2025,,4.0
T101223,C105,Male,45.0,Eldoret,Nakuru,2026-02-03,P957,Shoes,,BrandB,-10.0,-2.0,5.0,0.0,20.0,15.53,4.47,Mobile,EMP24,New,Yes,Yes,329.0,,5.0,Not Returned,Wrong Item,South,,,2025,Average,1.0
T101224,C307,FEMALE,,Eldoret,Nairobi,2025-07-18,P974,Monitor,electronics,BrandA,175.93,,110.0,0.0,,,,cash ,EMP3,,No,,106.0,,4.0,Returned,Changed Mind,Central,,,2025,,3.0
T101225,C400,FEMALE,150.0,Nakuru,Nakuru,2025-01-17,P480,Keyboard,electronics,BrandA,197.86,1.0,5.0,31.66,197.86,132.01,65.85,Card,EMP1,Returning, no ,No,-10.0,Delivery,5.0,Not Returned,Changed Mind,West,,,2025,Average,
T101226,C489,Female,25.0,Eldoret,Nairobi,2025-02-17,P932,Sugar,,BrandC,,4.0,,0.0,,,,Card,EMP10,New,No,,394.0,Delivery,1.0,Not Returned,Damaged,East,,,2025,,3.0
T101227,C54,Female,18.0,Nairobi,Mombasa,2025-10-12,P945,Cooker,Home,BrandA,,9.0,110.0,0.0,,,,,EMP13,, no ,,161.0,Delivery,1.0,,Damaged, north ,,,2025,Bad,
T101228,C204,FEMALE,34.0,Kisumu,Nairobi,2025-05-29,P162,Cooker,home,BrandC,,1.0,20.0,0.0,,,,Mobile,EMP25,Returning,YES,No,122.0,,5.0,,Damaged, north ,,,2025,Average,2.0
T101229,C342,Female,34.0,Eldoret,Kisumu,2025-05-29,P438,Jeans, Clothing,BrandB,,9.0,110.0,0.0,,,,Card,EMP11,,YES,,275.0,Delivery,2.0,Not Returned,Damaged,South,,,2025,Good,5.0
T101230,C87,Female,18.0,Eldoret,Mombasa,2026-03-15,P963,Monitor, Electronics,BrandA,-10.0,6.0,0.0,0.0,-60.0,-49.44,-10.56,cash ,EMP17,New,Yes,Yes,-10.0,Pickup,5.0,Returned,Changed Mind,East,,,2025,Bad,4.0
T101231,C182,Male,45.0,Eldoret,Kisumu,2025-09-22,P936,Rice, Groceries,BrandA,295.25,-2.0,10.0,0.0,-590.5,-376.03,-214.47,Card,EMP2,Returning,YES,Yes,-10.0,,1.0,Returned,,North,,,2025,Good,5.0
T101232,C5,Male,25.0,Nakuru,Nairobi,2025-11-18,P702,Bread,Groceries,BrandA,,,15.0,0.0,,,,Card,EMP11,New, no ,,,,4.0,Returned,, north ,,,2025,Good,1.0
T101233,C229,,34.0,Mombasa,Nakuru,2025-11-05,P690,Jacket,Clothing,BrandB,,1.0,15.0,0.0,,,,Mobile,EMP27,, no ,No,-10.0,,5.0,Not Returned,Damaged,Central,,,2025,Good,1.0
T101234,C125,Male,-5.0,Nakuru,Nakuru,2025-01-04,P784,Cooker, Home,BrandC,312.42,,5.0,0.0,,,,,EMP29,Returning, no ,No,433.0,,4.0,Not Returned,Changed Mind,Central,,,2025,Good,
T101235,C164,,60.0,Nakuru,Nairobi,2025-01-24,P221,Laptop,Electronics,BrandA,-10.0,,10.0,0.0,,,,Mobile,EMP5,New,YES,Yes,318.0,Pickup,1.0,Not Returned,Wrong Item,West,,,2025,Average,2.0
T101236,C369,,45.0,Mombasa,Nairobi,2025-03-22,P259,Table,home,BrandB,,7.0,15.0,0.0,,,,Mobile,EMP18,Returning, no ,Yes,,Pickup,4.0,Not Returned,Damaged, north ,,,2025,Average,1.0
T101237,C108,FEMALE,,Mombasa,Nakuru,2026-02-18,P934,Shirt,clothing,BrandA,-10.0,10.0,5.0,0.0,-100.0,-64.75,-35.25,Mobile,EMP18,New,No,,-10.0,Pickup,1.0,,Damaged,North,,,2025,Good,5.0
T101238,C193,FEMALE,18.0,Mombasa,Nairobi,2026-06-03,P832,Shoes,Clothing,BrandA,-10.0,3.0,0.0,0.0,-30.0,-25.45,-4.55,,EMP1,New,Yes,,-10.0,Delivery,4.0,Not Returned,Damaged,South,,,2025,Average,4.0
T101239,C392,Female,60.0,Nairobi,Kisumu,2026-05-23,P111,Jacket,clothing,BrandB,,,15.0,0.0,,,,,EMP30,New, no ,,60.0,Pickup,3.0,Not Returned,Changed Mind,South,,,2025,Average,4.0
T101240,C402,FEMALE,45.0,Nakuru,Nakuru,2026-01-30,P654,Rice, Groceries,BrandB,341.24,3.0,110.0,163.8,1023.72,652.5,371.22,Mobile,EMP30,New,YES,,-10.0,Delivery,1.0,,Wrong Item,East,,,2025,,1.0
T101241,C48,,,Nairobi,Nakuru,2025-04-18,P715,Keyboard,electronics,BrandB,,3.0,,0.0,,,,Cash,EMP20,New,YES,,,,1.0,,Wrong Item,East,,,2025,Average,1.0
T101242,C58,FEMALE,18.0,Kisumu,Kisumu,2025-05-08,P419,Jeans,,BrandB,,-2.0,10.0,0.0,,,,,EMP23,New,Yes,Yes,480.0,,5.0,Returned,Damaged,North,,,2025,,4.0
T101243,C286,FEMALE,150.0,Mombasa,Mombasa,2025-06-20,P420,Lamp,Home,BrandB,,3.0,110.0,0.0,,,,Cash,EMP21,Returning,YES,Yes,,,3.0,Returned,Damaged, north ,,,2025,Bad,4.0
T101244,C132,Male,18.0,Nairobi,Kisumu,2026-04-23,P125,Lamp,Home,BrandC,,10.0,0.0,0.0,,,,cash ,EMP25,, no ,,,Pickup,2.0,Returned,Changed Mind,East,,,2025,Good,3.0
T101245,C306, male ,-5.0,Nairobi,Nairobi,2025-12-15,P546,Table,,BrandC,63.97,-2.0,,0.0,-127.94,-98.02,-29.92,Card,EMP26,, no ,No,,Pickup,5.0,,Damaged,East,,,2025,Average,3.0
T101246,C276,Female,150.0,Eldoret,Nairobi,2025-07-05,P288,Lamp,Home,BrandB,345.83,5.0,0.0,276.66,1729.1499999999999,870.75,858.4,Card,EMP21,Returning,No,No,,Delivery,4.0,,Wrong Item,West,,,2025,Average,1.0
T101247,C161,,45.0,Nairobi,Mombasa,2026-03-08,P938,Shoes, Clothing,BrandC,,10.0,0.0,0.0,,,,Cash,EMP16,Returning,Yes,No,,Pickup,5.0,Returned,Wrong Item,West,,,2025,Average,5.0
T101248,C317,Male,150.0,Kisumu,Nakuru,2025-12-13,P104,Lamp,Home,BrandA,,,110.0,0.0,,,,,EMP19,Returning,YES,Yes,390.0,,2.0,Not Returned,Wrong Item,East,,,2025,Average,4.0
T101249,C443,Female,150.0,Mombasa,Nairobi,2025-05-19,P441,Shirt,clothing,BrandA,,,10.0,0.0,,,,Card,EMP15,, no ,Yes,,Delivery,4.0,,,West,,,2025,,5.0
T101250,C159,Female,45.0,Eldoret,Nakuru,2025-11-01,P163,Chair,Home,BrandC,308.96,-2.0,,0.0,-617.92,-371.97,-245.95,,EMP27,New,No,No,-10.0,Pickup,2.0,,Damaged, north ,,,2025,Good,5.0
T101251,C244,Female,45.0,Kisumu,Mombasa,2025-07-22,P911,Table,,BrandC,,,15.0,0.0,,,,Mobile,EMP3,, no ,,-10.0,Pickup,3.0,Not Returned,Damaged,Central,,,2025,Bad,2.0
T101252,C62,FEMALE,,Kisumu,Kisumu,2025-09-14,P315,Chair, Home,BrandB,-10.0,-2.0,20.0,0.0,20.0,10.19,9.81,Mobile,EMP13,,No,Yes,403.0,Pickup,4.0,Returned,,West,,,2025,Bad,
T101253,C247,Male,25.0,Kisumu,Kisumu,2025-05-14,P944,Monitor, Electronics,BrandA,-10.0,-2.0,0.0,0.0,20.0,12.5,7.5,,EMP13,,YES,No,142.0,Pickup,,Returned,Damaged,East,,,2025,Good,2.0
T101254,C134,Male,-5.0,Nakuru,Eldoret,2025-10-16,P433,Table, Home,BrandB,,-2.0,0.0,0.0,,,,,EMP9,New, no ,,-10.0,,5.0,Returned,Damaged,South,,,2025,Good,3.0
T101255,C350,Female,25.0,Nakuru,Mombasa,2025-10-25,P561,Cooker,Home,BrandC,-10.0,-2.0,110.0,0.0,20.0,10.33,9.67,cash ,EMP18,New,Yes,Yes,-10.0,Pickup,3.0,,,Central,,,2025,,3.0
T101256,C470,FEMALE,,Nakuru,Eldoret,2025-06-15,P372,Keyboard,Electronics,BrandC,66.54,2.0,20.0,21.29,133.08,117.61,15.47,Mobile,EMP24,Returning,YES,,-10.0,Pickup,5.0,,,North,,,2025,Good,
T101257,C18,Male,150.0,Eldoret,Eldoret,2026-01-14,P380,Mouse,electronics,BrandB,90.04,-2.0,110.0,0.0,-180.08,-149.04,-31.04,Cash,EMP2,Returning,No,Yes,-10.0,Delivery,2.0,Returned,Wrong Item,West,,,2025,Average,5.0
T101258,C497,Female,60.0,Kisumu,Eldoret,2025-07-25,P589,Jeans,clothing,BrandA,,-2.0,20.0,0.0,,,,Card,EMP4,Returning,Yes,Yes,-10.0,Delivery,,Not Returned,,Central,,,2025,Bad,2.0
T101259,C43,Male,60.0,Eldoret,Nakuru,2025-07-05,P426,Keyboard, Electronics,BrandC,353.39,3.0,20.0,169.63,1060.17,801.65,258.52,,EMP14,Returning,Yes,Yes,,Pickup,5.0,Not Returned,Wrong Item, north ,,,2025,Bad,4.0
T101260,C217,Male,150.0,Nakuru,Nakuru,2025-02-10,P938,Rice,groceries,BrandC,,,110.0,0.0,,,,Cash,EMP3,,YES,Yes,-10.0,,5.0,Returned,Damaged,North,,,2025,Average,3.0
T101261,C309,Female,18.0,Eldoret,Kisumu,2025-05-07,P992,Shoes,clothing,BrandA,-10.0,,20.0,0.0,,,,,EMP25,New,Yes,Yes,-10.0,,1.0,,Changed Mind,West,,,2025,,2.0
T101262,C335,Female,25.0,Mombasa,Nakuru,2025-03-01,P659,Lamp, Home,BrandB,-10.0,4.0,0.0,0.0,-40.0,-32.58,-7.42,,EMP3,Returning,Yes,,13.0,,5.0,,Changed Mind,North,,,2025,Average,3.0
T101263,C77,Female,18.0,Nairobi,Kisumu,2026-02-12,P157,Chair,Home,BrandC,-10.0,-2.0,15.0,0.0,20.0,12.24,7.76,Cash,EMP10,,Yes,Yes,5.0,Pickup,,,Wrong Item,South,,,2025,Average,
T101264,C336,Female,45.0,Nakuru,Mombasa,2025-07-17,P682,Keyboard,Electronics,BrandB,290.81,-2.0,10.0,0.0,-581.62,-331.88,-249.74,,EMP5,Returning,No,Yes,-10.0,Pickup,1.0,,Wrong Item, north ,,,2025,Bad,3.0
T101265,C246,FEMALE,60.0,Nairobi,Mombasa,2026-02-13,P224,Chair,,BrandC,-10.0,-2.0,,0.0,20.0,16.03,3.97,cash ,EMP26,New,YES,No,,,5.0,Returned,Damaged,South,,,2025,Average,3.0
T101266,C354, male ,60.0,Kisumu,Nairobi,2026-01-28,P476,Mouse, Electronics,BrandB,-10.0,4.0,10.0,0.0,-40.0,-35.34,-4.66,,EMP10,Returning, no ,Yes,-10.0,Delivery,4.0,Returned,Changed Mind,South,,,2025,Average,1.0
T101267,C238,Male,34.0,Mombasa,Eldoret,2025-04-01,P577,Rice, Groceries,BrandC,-10.0,-2.0,,0.0,20.0,15.87,4.13,Cash,EMP16,Returning,No,No,-10.0,Pickup,,Returned,Changed Mind,East,,,2025,,
T101268,C307,Female,150.0,Nakuru,Eldoret,2025-02-25,P924,Sugar,groceries,BrandB,,,110.0,0.0,,,,cash ,EMP28,, no ,No,-10.0,Delivery,,,Changed Mind,East,,,2025,Good,
T101269,C210,Male,,Eldoret,Nakuru,2026-04-24,P457,Sugar, Groceries,BrandA,,9.0,5.0,0.0,,,,Card,EMP20,Returning,YES,Yes,42.0,Delivery,5.0,,Damaged,South,,,2025,Good,5.0
T101270,C447, male ,18.0,Mombasa,Eldoret,2025-13-40,P169,Milk, Groceries,BrandB,-10.0,-2.0,,0.0,20.0,13.8,6.2,Mobile,EMP18,Returning,YES,,,Delivery,3.0,,, north ,,,2025,Good,5.0
T101271,C96,Female,-5.0,Kisumu,Kisumu,2025-11-09,P669,Monitor, Electronics,BrandC,-10.0,-2.0,15.0,0.0,20.0,11.41,8.59,,EMP23,Returning,No,Yes,-10.0,Pickup,5.0,Not Returned,Changed Mind,West,,,2025,Bad,
T101272,C75,Female,,Kisumu,Eldoret,2025-10-03,P832,Table, Home,BrandC,,,20.0,0.0,,,,Mobile,EMP24,Returning,Yes,,,Delivery,5.0,,Wrong Item,West,,,2025,Bad,
T101273,C404,Female,,Mombasa,Mombasa,2025-08-16,P100,Mouse, Electronics,BrandB,-10.0,3.0,110.0,0.0,-30.0,-23.99,-6.01,,EMP14,New, no ,Yes,497.0,,3.0,Not Returned,Wrong Item,North,,,2025,,4.0
T101274,C128, male ,18.0,Kisumu,Kisumu,2025-02-12,P989,Table,Home,BrandA,-10.0,-2.0,,0.0,20.0,15.59,4.41,Card,EMP16,, no ,Yes,429.0,,2.0,,Wrong Item,Central,,,2025,,5.0
T101275,C376, male ,18.0,Mombasa,Kisumu,2025-12-03,P261,Sugar, Groceries,BrandC,,,15.0,0.0,,,,Mobile,EMP21,New, no ,Yes,-10.0,Pickup,,Not Returned,Damaged,North,,,2025,Bad,2.0
T101276,C261,FEMALE,60.0,Nakuru,Nakuru,2025-07-10,P165,Milk,,BrandB,414.58,-2.0,5.0,0.0,-829.16,-700.92,-128.24,Cash,EMP5,Returning, no ,No,,Pickup,4.0,Not Returned,Damaged,West,,,2025,Average,4.0
T101277,C7,,45.0,Eldoret,Nakuru,2025-13-40,P973,Lamp,,BrandA,407.93,,15.0,0.0,,,,Cash,EMP23,,YES,Yes,,Pickup,5.0,,,North,,,2025,Bad,4.0
T101278,C336,FEMALE,25.0,Nairobi,Nakuru,2025-06-04,P880,Milk,Groceries,BrandA,,,20.0,0.0,,,,Cash,EMP23,New,YES,Yes,,Pickup,,Returned,Wrong Item,Central,,,2025,Average,2.0
T101279,C305,Female,,Nakuru,Mombasa,2025-02-01,P943,Table,Home,BrandC,-10.0,-2.0,10.0,0.0,20.0,16.82,3.18,Mobile,EMP29,Returning,YES,,450.0,Pickup,3.0,Not Returned,,East,,,2025,,4.0
T101280,C173,,45.0,Nakuru,Eldoret,2025-01-22,P625,Jeans,,BrandA,132.91,8.0,15.0,170.12,1063.28,684.93,378.35,Card,EMP13,, no ,No,,Delivery,5.0,Returned,Damaged, north ,,,2025,Average,5.0
T101281,C450,,18.0,Eldoret,Mombasa,2025-01-30,P456,Laptop,electronics,BrandA,469.97,-2.0,5.0,0.0,-939.94,-572.19,-367.75,Mobile,EMP6,New,YES,Yes,-10.0,Delivery,1.0,Not Returned,Wrong Item,Central,,,2025,,5.0
T101282,C324,Male,150.0,Nakuru,Nairobi,2026-02-20,P827,Rice,Groceries,BrandB,90.55,10.0,110.0,144.88,905.5,470.65,434.85,Cash,EMP11,,Yes,No,379.0,Delivery,5.0,Not Returned,Wrong Item,North,,,2025,Average,3.0
T101283,C128,Male,34.0,Kisumu,Nairobi,2025-02-18,P273,Laptop, Electronics,BrandC,-10.0,3.0,20.0,0.0,-30.0,-24.21,-5.79,cash ,EMP10,New, no ,,90.0,Pickup,5.0,Not Returned,Damaged,Central,,,2025,Good,1.0
T101284,C224, male ,18.0,Kisumu,Nakuru,2026-03-11,P529,Table,Home,BrandC,,,10.0,0.0,,,,Card,EMP23,Returning,YES,,-10.0,Pickup,3.0,Returned,,Central,,,2025,Good,3.0
T101285,C31,,18.0,Mombasa,Nakuru,2025-13-40,P243,Milk,groceries,BrandA,264.61,,10.0,0.0,,,,Card,EMP3,Returning, no ,,,Pickup,,Returned,Changed Mind,West,,,2025,Average,3.0
T101286,C219,Male,18.0,Eldoret,Eldoret,2025-10-23,P328,Mouse,electronics,BrandC,247.53,,0.0,0.0,,,,,EMP29,New,No,No,-10.0,,5.0,Returned,,West,,,2025,Average,5.0
T101287,C260,Male,34.0,Nairobi,Mombasa,2025-10-03,P599,Rice,Groceries,BrandA,-10.0,-2.0,0.0,0.0,20.0,10.7,9.3,cash ,EMP28,New,Yes,Yes,214.0,Pickup,,Returned,,South,,,2025,Bad,4.0
T101288,C415, male ,18.0,Nairobi,Nairobi,2025-08-21,P632,Mouse, Electronics,BrandB,,1.0,15.0,0.0,,,,Card,EMP28,, no ,Yes,,Pickup,2.0,Returned,Wrong Item, north ,,,2025,,2.0
T101289,C50, male ,34.0,Mombasa,Nairobi,2025-07-01,P807,Jeans,clothing,BrandA,-10.0,2.0,15.0,0.0,-20.0,-13.52,-6.48,cash ,EMP3,, no ,No,,Pickup,2.0,Returned,Wrong Item,East,,,2025,Average,2.0
T101290,C325,Male,60.0,Mombasa,Kisumu,2026-04-28,P647,Table,home,BrandB,-10.0,,110.0,0.0,,,,,EMP16,New,No,No,-10.0,Delivery,2.0,,Changed Mind,Central,,,2025,Average,
T101291,C2, male ,18.0,Nairobi,Nakuru,2025-03-15,P625,Cooker,,BrandC,188.78,5.0,5.0,151.02,943.9,819.59,124.31,,EMP8,,No,No,-10.0,,1.0,,Damaged, north ,,,2025,,
T101292,C447, male ,18.0,Mombasa,Kisumu,2025-01-08,P496,Shoes, Clothing,BrandB,,-2.0,15.0,0.0,,,,,EMP29,,No,,-10.0,Pickup,2.0,,, north ,,,2025,Bad,5.0
T101293,C214,Male,18.0,Nairobi,Eldoret,2026-05-17,P940,Jacket, Clothing,BrandA,-10.0,-2.0,5.0,0.0,20.0,14.43,5.57,Card,EMP30,New,YES,No,22.0,Pickup,4.0,Not Returned,Wrong Item,South,,,2025,Good,2.0
T101294,C292,Female,150.0,Eldoret,Nairobi,2025-11-15,P273,Milk,Groceries,BrandA,405.79,,110.0,0.0,,,,Card,EMP28,Returning,No,No,461.0,Delivery,4.0,Returned,Changed Mind,East,,,2025,,5.0
T101295,C274, male ,60.0,Nakuru,Mombasa,2025-08-19,P363,Monitor, Electronics,BrandC,-10.0,-2.0,15.0,0.0,20.0,11.23,8.77,Mobile,EMP11,Returning, no ,,-10.0,Pickup,,,Damaged,North,,,2025,Bad,3.0
T101296,C251,Male,150.0,Eldoret,Eldoret,2025-11-14,P829,Mouse,electronics,BrandA,,,0.0,0.0,,,,Cash,EMP28,,YES,,,Delivery,5.0,Returned,Damaged,North,,,2025,Average,4.0
T101297,C132,,,Eldoret,Eldoret,2025-11-16,P676,Jeans,clothing,BrandC,,,0.0,0.0,,,,Card,EMP19,New,YES,No,260.0,Delivery,5.0,Not Returned,Wrong Item,East,,,2025,Good,5.0
T101298,C117,Male,60.0,Eldoret,Nakuru,2026-04-18,P789,Mouse,electronics,BrandC,96.63,-2.0,110.0,0.0,-193.26,-143.47,-49.79,,EMP15,Returning,YES,No,-10.0,Pickup,1.0,Returned,Changed Mind, north ,,,2025,Average,3.0
T101299,C82,,25.0,Nakuru,Mombasa,2026-03-11,P478,Shoes,clothing,BrandB,214.7,3.0,15.0,103.06,644.0999999999999,402.17,241.93,cash ,EMP17,Returning, no ,No,387.0,Pickup,3.0,Not Returned,,South,,,2025,Bad,
T101300,C259,,18.0,Mombasa,Kisumu,2026-03-07,P425,Sugar,,BrandA,-10.0,,5.0,0.0,,,,Card,EMP10,, no ,Yes,,Pickup,2.0,,Wrong Item, north ,,,2025,Average,4.0
T101301,C89,Male,60.0,Nairobi,Eldoret,2025-12-18,P299,Monitor,Electronics,BrandC,166.42,,15.0,0.0,,,,Card,EMP6,New,Yes,No,,Pickup,5.0,Returned,Changed Mind,East,,,2025,Good,5.0
T101302,C328,Female,34.0,Eldoret,Eldoret,2026-03-10,P459,Milk,Groceries,BrandC,,-2.0,10.0,0.0,,,,Cash,EMP7,Returning,Yes,,,Delivery,4.0,Not Returned,,West,,,2025,,3.0
T101303,C394,FEMALE,34.0,Nakuru,Mombasa,2026-04-19,P814,Jacket,Clothing,BrandC,,-2.0,110.0,0.0,,,,,EMP19,,YES,Yes,,Pickup,3.0,,Changed Mind,South,,,2025,Bad,3.0
T101304,C101,,18.0,Kisumu,Kisumu,2026-03-17,P704,Monitor, Electronics,BrandA,-10.0,,10.0,0.0,,,,Mobile,EMP2,,YES,,191.0,,1.0,Not Returned,Changed Mind,North,,,2025,Average,3.0
T101305,C382,Male,-5.0,Eldoret,Mombasa,2025-04-06,P654,Lamp, Home,BrandC,430.39,-2.0,,0.0,-860.78,-494.57,-366.21,,EMP21,Returning, no ,,,Pickup,2.0,Returned,Changed Mind,Central,,,2025,Bad,5.0
T101306,C94,FEMALE,34.0,Nairobi,Nakuru,2025-12-21,P427,Rice,groceries,BrandC,161.82,,5.0,0.0,,,,Cash,EMP24,New,No,,-10.0,,1.0,Returned,, north ,,,2025,Average,4.0
T101307,C109,Male,150.0,Mombasa,Nairobi,2025-02-02,P837,Keyboard,Electronics,BrandC,323.68,,20.0,0.0,,,,cash ,EMP30,New,No,,,,2.0,Returned,Changed Mind,South,,,2025,,1.0
T101308,C424,Male,34.0,Mombasa,Nakuru,2025-10-16,P528,Table, Home,BrandB,117.04,10.0,10.0,187.26,1170.4,650.38,520.02,Cash,EMP17,New,No,No,,,2.0,Not Returned,Wrong Item,Central,,,2025,Bad,5.0
T101309,C56, male ,60.0,Eldoret,Nakuru,2025-06-16,P857,Bread,Groceries,BrandC,131.66,-2.0,110.0,0.0,-263.32,-231.45,-31.87,Mobile,EMP4,New, no ,No,,Pickup,4.0,Returned,Changed Mind,Central,,,2025,,2.0
T101310,C46, male ,,Mombasa,Mombasa,2025-01-12,P353,Cooker,home,BrandB,154.9,6.0,0.0,148.7,929.4000000000001,807.99,121.41,cash ,EMP7,New, no ,Yes,338.0,Pickup,4.0,Not Returned,Changed Mind,East,,,2025,Bad,3.0
T101311,C137, male ,150.0,Eldoret,Nakuru,2026-05-08,P393,Chair,,BrandB,-10.0,,110.0,0.0,,,,Mobile,EMP25,New,No,Yes,-10.0,Delivery,1.0,Not Returned,Changed Mind,West,,,2025,Good,
T101312,C312,Male,45.0,Mombasa,Nairobi,2025-10-17,P817,Jeans,,BrandB,,,15.0,0.0,,,,Card,EMP1,,YES,,,Pickup,,Returned,Damaged,North,,,2025,Good,1.0
T101313,C126,Male,25.0,Mombasa,Nairobi,2025-10-25,P326,Sugar, Groceries,BrandA,168.24,,110.0,0.0,,,,Card,EMP16,,YES,Yes,457.0,,2.0,Returned,Wrong Item,East,,,2025,Average,4.0
T101314,C295, male ,,Nakuru,Kisumu,2025-01-22,P194,Shirt,Clothing,BrandC,,-2.0,0.0,0.0,,,,Card,EMP1,New,Yes,Yes,-10.0,Delivery,3.0,Returned,Changed Mind,West,,,2025,Average,4.0
T101315,C336,Female,,Kisumu,Nakuru,2026-03-04,P766,Sugar,groceries,BrandC,-10.0,4.0,0.0,0.0,-40.0,-28.34,-11.66,Card,EMP5,Returning,No,No,72.0,,1.0,Not Returned,Changed Mind,East,,,2025,Good,3.0
T101316,C261,Female,45.0,Mombasa,Nakuru,2025-07-19,P527,Mouse,electronics,BrandC,257.51,-2.0,5.0,0.0,-515.02,-433.95,-81.07,Card,EMP27,New, no ,,-10.0,Delivery,2.0,,Wrong Item,Central,,,2025,,2.0
T101317,C170, male ,45.0,Eldoret,Nairobi,2025-05-30,P687,Chair,,BrandB,-10.0,9.0,0.0,0.0,-90.0,-80.04,-9.96,Card,EMP1,New, no ,,455.0,Pickup,1.0,,Wrong Item,East,,,2025,Good,
T101318,C133,Male,45.0,Nairobi,Eldoret,2025-09-23,P899,Jacket,Clothing,BrandC,317.32,-2.0,0.0,0.0,-634.64,-561.74,-72.9,Mobile,EMP6,,Yes,,,,2.0,Not Returned,,Central,,,2025,,2.0
T101319,C64, male ,150.0,Kisumu,Nairobi,2025-12-31,P200,Cooker,home,BrandB,68.22,-2.0,,0.0,-136.44,-92.71,-43.73,cash ,EMP21,Returning,No,Yes,485.0,Delivery,1.0,Not Returned,Damaged,West,,,2025,Bad,
T101320,C112,Female,18.0,Kisumu,Eldoret,2026-04-25,P796,Shirt,,BrandB,444.3,,15.0,0.0,,,,Cash,EMP9,New,Yes,Yes,200.0,Pickup,4.0,,,East,,,2025,Good,3.0
T101321,C143,FEMALE,-5.0,Kisumu,Mombasa,2025-01-21,P320,Milk,,BrandC,447.74,,110.0,0.0,,,,Cash,EMP26,Returning, no ,No,,Pickup,3.0,Returned,,Central,,,2025,Bad,4.0
T101322,C199,,34.0,Nakuru,Nakuru,2025-05-13,P750,Jeans,,BrandB,-10.0,-2.0,20.0,0.0,20.0,11.86,8.14,Cash,EMP15,, no ,No,,Pickup,,Not Returned,Damaged,North,,,2025,Bad,5.0
T101323,C47, male ,25.0,Nairobi,Nairobi,2025-03-08,P861,Jeans,,BrandA,-10.0,,20.0,0.0,,,,Mobile,EMP3,Returning,No,Yes,483.0,Delivery,2.0,Not Returned,,East,,,2025,Bad,4.0
T101324,C195, male ,18.0,Mombasa,Mombasa,2025-10-12,P527,Shirt,,BrandC,-10.0,-2.0,,0.0,20.0,17.81,2.19,Card,EMP18,,No,No,-10.0,,4.0,Not Returned,, north ,,,2025,Average,3.0
T101325,C32,,60.0,Kisumu,Nairobi,2026-06-17,P805,Jeans,Clothing,BrandC,,,10.0,0.0,,,,cash ,EMP11,New,YES,No,,Delivery,4.0,,,South,,,2025,,4.0
T101326,C191, male ,,Eldoret,Nakuru,2026-02-01,P128,Table,home,BrandA,174.28,-2.0,20.0,0.0,-348.56,-269.94,-78.62,,EMP21,,Yes,No,-10.0,Delivery,2.0,Not Returned,Damaged,West,,,2025,Good,5.0
T101327,C153,Female,150.0,Kisumu,Mombasa,2025-10-29,P257,Laptop,,BrandB,-10.0,3.0,10.0,0.0,-30.0,-18.32,-11.68,cash ,EMP20,, no ,No,-10.0,,4.0,,Wrong Item, north ,,,2025,Average,1.0
T101328,C191,Female,25.0,Kisumu,Eldoret,2025-13-40,P968,Mouse,electronics,BrandC,,-2.0,110.0,0.0,,,,Card,EMP28,,Yes,Yes,498.0,,3.0,Returned,Damaged,South,,,2025,,
T101329,C229,Female,34.0,Nairobi,Mombasa,2025-02-06,P602,Milk,groceries,BrandA,-10.0,-2.0,10.0,0.0,20.0,11.18,8.82,Card,EMP28,New, no ,Yes,,,,,Wrong Item,West,,,2025,,2.0
T101330,C16, male ,150.0,Nakuru,Mombasa,2025-04-03,P188,Rice,Groceries,BrandA,-10.0,,110.0,0.0,,,,Mobile,EMP20,Returning,Yes,Yes,,Delivery,1.0,Returned,Changed Mind,South,,,2025,Average,4.0
T101331,C409,Male,18.0,Kisumu,Mombasa,2025-10-02,P385,Milk,Groceries,BrandA,-10.0,2.0,,0.0,-20.0,-10.84,-9.16,cash ,EMP5,New,Yes,No,69.0,Delivery,1.0,Returned,Changed Mind,Central,,,2025,,
T101332,C371,Female,45.0,Nairobi,Mombasa,2025-10-02,P346,Keyboard,,BrandB,77.13,1.0,0.0,12.34,77.13,61.05,16.08,cash ,EMP3,Returning,No,Yes,263.0,Delivery,1.0,,Damaged,Central,,,2025,Average,5.0
T101333,C357,Female,,Kisumu,Nairobi,2025-02-03,P145,Chair,Home,BrandA,498.08,,0.0,0.0,,,,cash ,EMP17,New,Yes,Yes,-10.0,,,Not Returned,Changed Mind,Central,,,2025,Average,2.0
T101334,C67,FEMALE,18.0,Nairobi,Nakuru,2026-04-01,P529,Lamp, Home,BrandC,147.67,,10.0,0.0,,,,cash ,EMP22,,YES,,-10.0,Pickup,3.0,,Changed Mind,North,,,2025,Good,5.0
T101335,C375,FEMALE,18.0,Nakuru,Eldoret,2025-02-13,P679,Bread, Groceries,BrandC,-10.0,4.0,10.0,0.0,-40.0,-33.79,-6.21,cash ,EMP13,Returning,YES,Yes,118.0,,5.0,,Wrong Item,North,,,2025,Average,5.0
T101336,C467,Female,-5.0,Mombasa,Nakuru,2025-11-21,P835,Shirt,clothing,BrandA,334.19,2.0,,106.94,668.38,591.78,76.6,Card,EMP8,New,No,Yes,323.0,Delivery,3.0,,Wrong Item,West,,,2025,Good,5.0
T101337,C318, male ,45.0,Mombasa,Eldoret,2025-09-19,P618,Lamp,Home,BrandC,,,15.0,0.0,,,,Cash,EMP20,New,YES,Yes,,Pickup,2.0,,Damaged,West,,,2025,Bad,5.0
T101338,C462,,45.0,Mombasa,Eldoret,2026-02-19,P716,Sugar,groceries,BrandB,-10.0,,110.0,0.0,,,,,EMP15,Returning,Yes,No,,Delivery,3.0,Returned,Wrong Item,North,,,2025,Bad,
T101339,C350,FEMALE,150.0,Nairobi,Nairobi,2026-02-15,P578,Chair,,BrandC,-10.0,,20.0,0.0,,,,Mobile,EMP14,Returning, no ,,167.0,Delivery,,Not Returned,,West,,,2025,Bad,2.0
T101340,C446,,25.0,Nairobi,Mombasa,2026-03-30,P298,Rice,groceries,BrandB,411.71,,10.0,0.0,,,,cash ,EMP23,,No,,,,4.0,,Changed Mind,South,,,2025,Good,4.0
T101341,C447,Male,60.0,Eldoret,Nakuru,2026-03-05,P523,Mouse,electronics,BrandA,-10.0,,,0.0,,,,Mobile,EMP23,Returning, no ,,71.0,Pickup,2.0,,Changed Mind,Central,,,2025,Average,3.0
T101342,C21,Female,45.0,Kisumu,Nairobi,2025-09-18,P676,Monitor,Electronics,BrandA,,,0.0,0.0,,,,Mobile,EMP9,Returning,YES,No,256.0,Pickup,4.0,Returned,Changed Mind,West,,,2025,,3.0
T101343,C102, male ,150.0,Nairobi,Kisumu,2025-10-27,P688,Lamp,,BrandB,-10.0,,5.0,0.0,,,,Mobile,EMP3,, no ,,405.0,,2.0,Returned,Changed Mind,East,,,2025,Good,4.0
T101344,C150, male ,18.0,Nakuru,Nakuru,2025-09-18,P177,Jeans,clothing,BrandB,-10.0,10.0,20.0,0.0,-100.0,-55.97,-44.03,Mobile,EMP7,,No,No,-10.0,Pickup,,Returned,Damaged, north ,,,2025,Good,5.0
T101345,C102,Male,18.0,Kisumu,Eldoret,2026-02-26,P632,Table,Home,BrandB,-10.0,-2.0,5.0,0.0,20.0,13.93,6.07,cash ,EMP15,New,No,Yes,,,2.0,,Changed Mind,West,,,2025,Good,
T101346,C243, male ,-5.0,Mombasa,Mombasa,2025-08-16,P688,Monitor,Electronics,BrandA,326.6,-2.0,10.0,0.0,-653.2,-538.26,-114.94,Cash,EMP5,, no ,No,-10.0,Pickup,,Not Returned,, north ,,,2025,Average,3.0
T101347,C3,Male,-5.0,Nairobi,Kisumu,2025-02-26,P191,Shirt,clothing,BrandB,,7.0,15.0,0.0,,,,Mobile,EMP10,Returning, no ,,-10.0,,4.0,Not Returned,,East,,,2025,Bad,3.0
T101348,C469,FEMALE,150.0,Kisumu,Kisumu,2025-10-01,P668,Shirt,Clothing,BrandC,,-2.0,15.0,0.0,,,,cash ,EMP8,Returning,Yes,Yes,-10.0,Pickup,2.0,Not Returned,Wrong Item,East,,,2025,Bad,1.0
T101349,C428,Male,18.0,Kisumu,Kisumu,2025-04-06,P715,Jeans,clothing,BrandB,,5.0,,0.0,,,,,EMP12,New,YES,,-10.0,,3.0,Returned,Changed Mind,East,,,2025,Good,
T101350,C343,Male,45.0,Nakuru,Eldoret,2026-05-16,P360,Jacket, Clothing,BrandC,456.76,,0.0,0.0,,,,Cash,EMP22,New,YES,,-10.0,Pickup,,Returned,, north ,,,2025,Good,3.0
T101351,C422,FEMALE,34.0,Eldoret,Kisumu,2026-05-11,P947,Shirt,Clothing,BrandB,-10.0,,110.0,0.0,,,,Card,EMP5,New,Yes,No,-10.0,Pickup,5.0,,Damaged,South,,,2025,,3.0
T101352,C250,,45.0,Nairobi,Kisumu,2026-01-25,P315,Rice,groceries,BrandC,372.75,2.0,15.0,119.28,745.5,399.55,345.95,,EMP22,Returning,YES,,-10.0,Pickup,5.0,,Changed Mind, north ,,,2025,Average,5.0
T101353,C130, male ,-5.0,Eldoret,Mombasa,2025-11-24,P444,Shirt, Clothing,BrandB,,-2.0,5.0,0.0,,,,,EMP27,New,No,Yes,,Pickup,1.0,Not Returned,Damaged,Central,,,2025,Average,2.0
T101354,C478,FEMALE,34.0,Nairobi,Kisumu,2026-06-23,P711,Monitor,Electronics,BrandA,236.99,,20.0,0.0,,,,,EMP30,Returning,No,,403.0,Pickup,3.0,Returned,Damaged,East,,,2025,,2.0
T101355,C214,,60.0,Eldoret,Nakuru,2025-06-02,P932,Cooker, Home,BrandA,-10.0,,20.0,0.0,,,,Card,EMP21,Returning,No,,,,4.0,,, north ,,,2025,Good,5.0
T101356,C308,,-5.0,Nakuru,Eldoret,2026-06-08,P276,Jeans,clothing,BrandB,39.15,,110.0,0.0,,,,Mobile,EMP17,Returning,No,,-10.0,Delivery,4.0,Not Returned,Changed Mind, north ,,,2025,,4.0
T101357,C115,,34.0,Nakuru,Nairobi,2025-12-18,P856,Jacket, Clothing,BrandC,,-2.0,,0.0,,,,,EMP15,New,Yes,Yes,314.0,,5.0,Returned,Damaged,North,,,2025,,5.0
T101358,C178, male ,18.0,Kisumu,Mombasa,2025-01-16,P517,Chair, Home,BrandA,,-2.0,0.0,0.0,,,,Cash,EMP22,Returning, no ,No,198.0,,,Returned,,East,,,2025,,5.0
T101359,C284,Female,150.0,Nakuru,Nakuru,2025-04-23,P558,Cooker,,BrandC,,,110.0,0.0,,,,Mobile,EMP2,New, no ,No,342.0,Delivery,,Returned,Changed Mind, north ,,,2025,Average,
T101360,C182,,45.0,Kisumu,Mombasa,2026-04-02,P180,Monitor, Electronics,BrandA,,8.0,5.0,0.0,,,,cash ,EMP6,, no ,,-10.0,Pickup,4.0,Returned,Damaged, north ,,,2025,Average,4.0
T101361,C280,FEMALE,34.0,Nairobi,Kisumu,2025-01-08,P260,Laptop, Electronics,BrandA,371.93,-2.0,,0.0,-743.86,-514.64,-229.22,,EMP3,Returning, no ,Yes,352.0,Delivery,3.0,Returned,Changed Mind,West,,,2025,,1.0
T101362,C212,Female,150.0,Eldoret,Nakuru,2026-05-25,P254,Jacket,clothing,BrandC,,4.0,5.0,0.0,,,,Cash,EMP7,Returning,No,No,372.0,Pickup,4.0,,Damaged,South,,,2025,,4.0
T101363,C233,Female,18.0,Nairobi,Eldoret,2025-01-01,P195,Jeans,,BrandB,-10.0,-2.0,15.0,0.0,20.0,13.81,6.19,Mobile,EMP30,,YES,,482.0,,1.0,,Changed Mind,South,,,2025,Bad,2.0
T101364,C337,Female,,Kisumu,Eldoret,2026-04-22,P649,Lamp,home,BrandB,119.98,-2.0,10.0,0.0,-239.96,-139.71,-100.25,cash ,EMP23,Returning, no ,,,,2.0,Not Returned,Changed Mind,South,,,2025,Good,4.0
T101365,C4,Male,45.0,Kisumu,Kisumu,2025-12-20,P545,Jeans,clothing,BrandA,-10.0,-2.0,110.0,0.0,20.0,11.91,8.09,Cash,EMP28,,No,No,-10.0,Delivery,5.0,,Damaged,Central,,,2025,Average,
T101366,C206,FEMALE,45.0,Nairobi,Mombasa,2025-04-03,P908,Bread, Groceries,BrandC,,,5.0,0.0,,,,cash ,EMP7,Returning,No,Yes,,,3.0,Returned,Changed Mind, north ,,,2025,,4.0
T101367,C247,,60.0,Eldoret,Nairobi,2025-01-19,P563,Milk, Groceries,BrandB,255.23,,110.0,0.0,,,,,EMP16,,No,No,-10.0,Pickup,2.0,Not Returned,Changed Mind,West,,,2025,Good,1.0
T101368,C266, male ,150.0,Kisumu,Mombasa,2026-03-19,P390,Table,Home,BrandC,-10.0,,0.0,0.0,,,,,EMP4,Returning, no ,No,207.0,Delivery,4.0,,Changed Mind,East,,,2025,Average,4.0
T101369,C468, male ,,Kisumu,Kisumu,2026-06-10,P184,Mouse,,BrandB,-10.0,,0.0,0.0,,,,Card,EMP11,New,Yes,No,-10.0,,4.0,,Wrong Item,West,,,2025,Average,2.0
T101370,C433,,45.0,Kisumu,Mombasa,2025-08-14,P941,Chair, Home,BrandB,-10.0,-2.0,0.0,0.0,20.0,16.23,3.77,,EMP25,Returning,No,Yes,191.0,Delivery,4.0,Returned,Damaged, north ,,,2025,Average,2.0
T101371,C276, male ,34.0,Nakuru,Kisumu,2026-04-04,P833,Bread, Groceries,BrandC,28.47,-2.0,,0.0,-56.94,-29.56,-27.38,cash ,EMP15,New,No,,,Pickup,5.0,,,East,,,2025,Average,5.0
T101372,C495,Female,18.0,Mombasa,Nairobi,2026-05-25,P901,Keyboard,electronics,BrandC,-10.0,2.0,0.0,0.0,-20.0,-15.22,-4.78,cash ,EMP1,Returning, no ,,65.0,Pickup,3.0,Returned,Changed Mind,West,,,2025,,4.0
T101373,C271,Male,45.0,Eldoret,Mombasa,2026-04-15,P280,Lamp,Home,BrandC,-10.0,-2.0,5.0,0.0,20.0,15.07,4.93,Cash,EMP17,, no ,No,,Delivery,,Not Returned,Wrong Item, north ,,,2025,,5.0
T101374,C287,Male,34.0,Eldoret,Eldoret,2025-05-04,P787,Mouse, Electronics,BrandA,478.55,,10.0,0.0,,,,cash ,EMP28,Returning, no ,,-10.0,Delivery,,Not Returned,Changed Mind,North,,,2025,Good,5.0
T101375,C448,FEMALE,-5.0,Eldoret,Eldoret,2025-02-08,P237,Lamp, Home,BrandA,233.9,-2.0,15.0,0.0,-467.8,-300.4,-167.4,,EMP10,,YES,,-10.0,,2.0,Not Returned,Changed Mind,West,,,2025,Average,5.0
T101376,C486,FEMALE,18.0,Nakuru,Nakuru,2025-01-31,P967,Milk, Groceries,BrandB,58.78,-2.0,15.0,0.0,-117.56,-95.72,-21.84,,EMP23,,Yes,Yes,,,1.0,Not Returned,Damaged,Central,,,2025,Average,5.0
T101377,C396,,-5.0,Eldoret,Nairobi,2025-06-07,P831,Milk, Groceries,BrandC,-10.0,-2.0,5.0,0.0,20.0,17.29,2.71,Mobile,EMP27,,Yes,Yes,-10.0,Delivery,1.0,Returned,, north ,,,2025,,
T101378,C95,Female,25.0,Nairobi,Mombasa,2025-04-11,P459,Jeans,,BrandC,,6.0,20.0,0.0,,,,,EMP7,Returning,No,Yes,194.0,Delivery,1.0,Not Returned,Changed Mind,North,,,2025,Average,4.0
T101379,C326, male ,150.0,Eldoret,Nakuru,2026-02-16,P312,Lamp,Home,BrandB,251.64,-2.0,15.0,0.0,-503.28,-431.24,-72.04,Card,EMP25,Returning, no ,No,,Delivery,,,Wrong Item,East,,,2025,Good,3.0
T101380,C88,Female,60.0,Eldoret,Mombasa,2025-05-15,P371,Jacket,,BrandA,-10.0,,15.0,0.0,,,,Card,EMP18,Returning,No,,,Delivery,,Not Returned,Damaged,North,,,2025,Bad,
T101381,C474, male ,-5.0,Nakuru,Kisumu,2026-06-05,P384,Table,,BrandA,,5.0,110.0,0.0,,,,Card,EMP1,,Yes,No,-10.0,,3.0,Returned,Changed Mind,Central,,,2025,Bad,2.0
T101382,C498,FEMALE,45.0,Kisumu,Eldoret,2026-04-11,P655,Jeans,clothing,BrandC,299.43,,,0.0,,,,Cash,EMP2,Returning,Yes,Yes,-10.0,,5.0,,,West,,,2025,,
T101383,C163,FEMALE,25.0,Mombasa,Nakuru,2025-02-13,P947,Lamp,Home,BrandB,-10.0,,15.0,0.0,,,,,EMP28,Returning, no ,No,333.0,Pickup,3.0,Returned,,West,,,2025,,5.0
T101384,C272, male ,,Nakuru,Eldoret,2025-08-21,P702,Laptop,electronics,BrandB,,10.0,,0.0,,,,Card,EMP19,Returning,YES,,448.0,Pickup,,Not Returned,Changed Mind,West,,,2025,,3.0
T101385,C456,Female,60.0,Mombasa,Nairobi,2025-05-20,P242,Shoes,,BrandC,-10.0,,15.0,0.0,,,,Card,EMP21,, no ,Yes,,Pickup,5.0,,,North,,,2025,Good,1.0
T101386,C429,Male,-5.0,Nairobi,Mombasa,2025-06-03,P333,Mouse,electronics,BrandA,442.09,9.0,,636.61,3978.81,3299.47,679.34,Cash,EMP14,,No,No,-10.0,,5.0,,Wrong Item,North,,,2025,,4.0
T101387,C164, male ,,Mombasa,Nakuru,2025-10-01,P689,Shirt,Clothing,BrandA,,-2.0,,0.0,,,,,EMP10,Returning,Yes,Yes,-10.0,Delivery,2.0,Returned,Damaged,East,,,2025,,
T101388,C299,Male,150.0,Eldoret,Eldoret,2026-06-02,P462,Shoes,,BrandB,-10.0,-2.0,10.0,0.0,20.0,12.32,7.68,,EMP23,,YES,,-10.0,Pickup,,Returned,Changed Mind,South,,,2025,Good,2.0
T101389,C390,Female,150.0,Kisumu,Mombasa,2026-06-19,P410,Shoes, Clothing,BrandA,-10.0,8.0,,0.0,-80.0,-64.59,-15.41,Mobile,EMP12,,YES,Yes,,Delivery,1.0,Not Returned,,East,,,2025,Good,
T101390,C495, male ,,Eldoret,Nakuru,2026-04-17,P119,Sugar,,BrandC,,,0.0,0.0,,,,cash ,EMP18,, no ,,128.0,Pickup,,,Wrong Item, north ,,,2025,,1.0
T101391,C324, male ,34.0,Eldoret,Eldoret,2025-09-13,P307,Shoes,,BrandB,-10.0,-2.0,10.0,0.0,20.0,17.83,2.17,Card,EMP2,New, no ,Yes,-10.0,Delivery,1.0,,,North,,,2025,Bad,4.0
T101392,C170,Male,45.0,Eldoret,Mombasa,2025-11-15,P130,Laptop, Electronics,BrandB,199.96,3.0,,95.98,599.88,453.65,146.23,Mobile,EMP14,,Yes,,,,2.0,Returned,Damaged, north ,,,2025,Bad,3.0
T101393,C274,Female,45.0,Mombasa,Eldoret,2025-07-21,P794,Milk,,BrandB,246.23,1.0,20.0,39.4,246.23,155.36,90.87,Card,EMP26,New, no ,Yes,-10.0,Pickup,,,Wrong Item,East,,,2025,Good,5.0
T101394,C2,Male,-5.0,Kisumu,Nairobi,2025-05-10,P968,Shoes,clothing,BrandA,-10.0,6.0,110.0,0.0,-60.0,-53.62,-6.38,,EMP10,Returning,Yes,,43.0,Pickup,4.0,,,Central,,,2025,,2.0
T101395,C427,,25.0,Nairobi,Kisumu,2025-01-09,P121,Bread,Groceries,BrandA,,,0.0,0.0,,,,Mobile,EMP28,New,No,,-10.0,Pickup,1.0,Returned,Damaged,Central,,,2025,Average,5.0
T101396,C253,Male,45.0,Mombasa,Nakuru,2025-10-13,P458,Bread, Groceries,BrandC,-10.0,4.0,110.0,0.0,-40.0,-30.05,-9.95,,EMP8,,Yes,No,-10.0,Delivery,5.0,,Damaged,South,,,2025,Average,1.0
T101397,C79,FEMALE,150.0,Nakuru,Nakuru,2025-05-19,P996,Shirt,,BrandA,205.6,,15.0,0.0,,,,,EMP20,,Yes,Yes,,Pickup,,,Changed Mind, north ,,,2025,Average,
T101398,C117,,,Eldoret,Nakuru,2025-01-12,P174,Monitor, Electronics,BrandB,,,20.0,0.0,,,,cash ,EMP17,,YES,Yes,-10.0,Pickup,1.0,Not Returned,Changed Mind,Central,,,2025,Bad,5.0
T101399,C406,Male,60.0,Mombasa,Nairobi,2025-06-05,P424,Cooker,home,BrandB,,7.0,110.0,0.0,,,,,EMP8,New,Yes,No,,Delivery,,Returned,,South,,,2025,Bad,2.0
T101400,C189, male ,25.0,Kisumu,Mombasa,2026-02-10,P507,Sugar,,BrandA,,7.0,0.0,0.0,,,,cash ,EMP12,,YES,Yes,,Delivery,,Returned,Damaged,East,,,2025,Good,5.0
T101401,C300,,60.0,Nairobi,Nairobi,2025-03-18,P698,Rice,,BrandA,,,15.0,0.0,,,,,EMP14,Returning,No,No,344.0,Delivery,1.0,Returned,Damaged,East,,,2025,Average,5.0
T101402,C341,FEMALE,18.0,Eldoret,Eldoret,2025-11-24,P208,Table,home,BrandC,,-2.0,,0.0,,,,,EMP23,New,Yes,No,,,5.0,Returned,Changed Mind,North,,,2025,Good,
T101403,C148,,150.0,Kisumu,Nakuru,2025-09-07,P230,Shirt, Clothing,BrandC,,-2.0,5.0,0.0,,,,Mobile,EMP2,Returning,Yes,,,,1.0,Returned,Damaged,North,,,2025,Good,2.0
T101404,C114,FEMALE,150.0,Eldoret,Kisumu,2026-03-06,P342,Bread,groceries,BrandA,,,,0.0,,,,,EMP9,New,No,Yes,,,5.0,Not Returned,Damaged, north ,,,2025,Bad,2.0
T101405,C246,Male,18.0,Nairobi,Mombasa,2025-11-15,P997,Jacket, Clothing,BrandC,-10.0,10.0,5.0,0.0,-100.0,-67.28,-32.72,Cash,EMP1,New,No,No,-10.0,Pickup,2.0,,,South,,,2025,Good,2.0
T101406,C168,FEMALE,25.0,Eldoret,Mombasa,2026-04-02,P446,Bread,groceries,BrandC,-10.0,-2.0,20.0,0.0,20.0,16.76,3.24,Cash,EMP5,,Yes,,,Delivery,3.0,,Wrong Item,Central,,,2025,,
T101407,C54,FEMALE,150.0,Kisumu,Nakuru,2025-06-10,P664,Shirt,clothing,BrandA,-10.0,9.0,0.0,0.0,-90.0,-48.78,-41.22,cash ,EMP29,Returning,YES,Yes,,Delivery,1.0,Returned,Damaged,East,,,2025,Bad,4.0
T101408,C64,Female,25.0,Kisumu,Nairobi,2025-07-18,P870,Shirt,Clothing,BrandC,129.79,-2.0,0.0,0.0,-259.58,-150.56,-109.02,Cash,EMP10,,No,Yes,4.0,Delivery,,Returned,Wrong Item,North,,,2025,Average,2.0
T101409,C348,Female,45.0,Kisumu,Mombasa,2026-04-18,P546,Bread,,BrandC,-10.0,8.0,0.0,0.0,-80.0,-67.14,-12.86,cash ,EMP16,New,No,,,,4.0,Not Returned,Changed Mind,East,,,2025,Average,2.0
T101410,C191,Female,25.0,Eldoret,Eldoret,2026-04-15,P648,Shirt,,BrandC,57.62,4.0,110.0,36.88,230.48,128.36,102.12,,EMP28,New,YES,,3.0,,,Not Returned,,North,,,2025,Good,2.0
T101411,C338, male ,60.0,Eldoret,Nakuru,2026-02-01,P593,Chair,,BrandC,-10.0,,,0.0,,,,Cash,EMP13,New,YES,,60.0,,,,Wrong Item,West,,,2025,Average,
T101412,C56,Male,45.0,Kisumu,Kisumu,2025-01-12,P316,Monitor,,BrandC,93.31,10.0,10.0,149.3,933.1,575.99,357.11,cash ,EMP25,New,YES,,,,3.0,,Changed Mind,South,,,2025,Average,
T101413,C212,,,Mombasa,Mombasa,2025-03-22,P469,Bread, Groceries,BrandC,,,,0.0,,,,Card,EMP14,,Yes,No,,Pickup,4.0,Not Returned,Wrong Item,Central,,,2025,Average,2.0
T101414,C200,Female,150.0,Mombasa,Kisumu,2025-03-23,P457,Sugar,groceries,BrandC,366.75,,110.0,0.0,,,,Mobile,EMP13,,Yes,,138.0,Pickup,4.0,,,West,,,2025,Bad,
T101415,C194,FEMALE,60.0,Kisumu,Eldoret,2025-09-29,P148,Monitor,electronics,BrandB,-10.0,,110.0,0.0,,,,Cash,EMP25,, no ,No,-10.0,,4.0,Returned,Changed Mind,Central,,,2025,Good,3.0
T101416,C230, male ,45.0,Eldoret,Nakuru,2026-02-10,P307,Mouse,,BrandB,479.61,4.0,0.0,306.95,1918.44,1116.37,802.07,Mobile,EMP14,New, no ,Yes,164.0,,5.0,Not Returned,Wrong Item,West,,,2025,,4.0
T101417,C123, male ,25.0,Nakuru,Eldoret,2025-13-40,P992,Rice, Groceries,BrandB,-10.0,3.0,15.0,0.0,-30.0,-21.68,-8.32,cash ,EMP14,, no ,Yes,-10.0,,3.0,Returned,,East,,,2025,Average,5.0
T101418,C302,,60.0,Eldoret,Nakuru,2025-12-21,P396,Table,,BrandC,494.69,-2.0,110.0,0.0,-989.38,-687.65,-301.73,Cash,EMP2,Returning,Yes,Yes,,Pickup,4.0,Returned,Wrong Item,West,,,2025,Good,2.0
T101419,C222,,,Nakuru,Kisumu,2025-10-03,P861,Sugar,Groceries,BrandC,,1.0,15.0,0.0,,,,,EMP12,New, no ,,467.0,Delivery,3.0,Returned,,Central,,,2025,Average,5.0
T101420,C174,,60.0,Mombasa,Mombasa,2026-05-17,P438,Shoes,,BrandA,,9.0,15.0,0.0,,,,Cash,EMP21,New,Yes,Yes,-10.0,Delivery,,Not Returned,Changed Mind,South,,,2025,,1.0
T101421,C360,,60.0,Kisumu,Mombasa,2026-02-15,P465,Lamp,Home,BrandA,271.19,-2.0,110.0,0.0,-542.38,-333.08,-209.3,,EMP18,New,YES,No,229.0,Pickup,5.0,,Changed Mind,Central,,,2025,Good,3.0
T101422,C168,Female,45.0,Eldoret,Eldoret,2026-03-04,P175,Cooker,Home,BrandB,115.5,9.0,10.0,166.32,1039.5,637.52,401.98,Mobile,EMP11,, no ,Yes,,Pickup,4.0,,Wrong Item,Central,,,2025,Good,4.0
T101423,C226,FEMALE,45.0,Mombasa,Mombasa,2025-01-08,P114,Table,home,BrandB,-10.0,-2.0,20.0,0.0,20.0,15.37,4.63,,EMP26,New, no ,,-10.0,Pickup,,,, north ,,,2025,Good,
T101424,C315,,18.0,Kisumu,Mombasa,2026-03-12,P193,Bread,groceries,BrandC,,9.0,5.0,0.0,,,,Cash,EMP7,Returning, no ,,,,5.0,Not Returned,, north ,,,2025,Good,2.0
T101425,C103,FEMALE,,Kisumu,Nakuru,2025-12-17,P224,Cooker,Home,BrandB,255.44,,110.0,0.0,,,,,EMP9,Returning,No,Yes,,,,Returned,Damaged, north ,,,2025,Average,3.0
T101426,C478,FEMALE,18.0,Nairobi,Eldoret,2025-05-05,P265,Keyboard, Electronics,BrandB,422.81,,110.0,0.0,,,,cash ,EMP29,, no ,Yes,-10.0,Pickup,4.0,,Wrong Item,Central,,,2025,Good,4.0
T101427,C163, male ,60.0,Nakuru,Mombasa,2025-06-24,P248,Table,,BrandC,,-2.0,5.0,0.0,,,,,EMP30,New,No,Yes,,Delivery,2.0,Not Returned,Changed Mind,South,,,2025,,5.0
T101428,C498,Male,150.0,Nakuru,Eldoret,2026-05-20,P139,Jacket, Clothing,BrandB,419.75,,10.0,0.0,,,,cash ,EMP13,New, no ,,-10.0,,1.0,Not Returned,Damaged,East,,,2025,Bad,1.0
T101429,C3,FEMALE,18.0,Eldoret,Eldoret,2026-01-10,P680,Rice,groceries,BrandC,-10.0,5.0,,0.0,-50.0,-28.28,-21.72,cash ,EMP10,New,YES,No,-10.0,,2.0,Not Returned,,East,,,2025,Bad,4.0
T101430,C106,Male,,Kisumu,Nairobi,2026-04-11,P916,Bread, Groceries,BrandA,414.37,,0.0,0.0,,,,,EMP1,Returning,YES,Yes,470.0,Pickup,4.0,Not Returned,Changed Mind, north ,,,2025,Good,5.0
T101431,C410,Female,34.0,Kisumu,Nairobi,2025-02-08,P254,Sugar,,BrandC,285.45,,20.0,0.0,,,,Mobile,EMP19,Returning,No,No,,Pickup,3.0,,Wrong Item,West,,,2025,Bad,1.0
T101432,C221,FEMALE,-5.0,Kisumu,Nakuru,2025-07-03,P195,Lamp,Home,BrandA,-10.0,-2.0,0.0,0.0,20.0,10.11,9.89,Card,EMP23,,No,No,404.0,Delivery,4.0,,Damaged,East,,,2025,Good,3.0
T101433,C135,Female,25.0,Nairobi,Nairobi,2025-01-02,P459,Jacket,clothing,BrandC,145.32,,20.0,0.0,,,,Card,EMP24,Returning,Yes,,279.0,,,Returned,Wrong Item,North,,,2025,,3.0
T101434,C79, male ,60.0,Nakuru,Mombasa,2025-10-23,P534,Shoes,clothing,BrandB,-10.0,-2.0,,0.0,20.0,16.74,3.26,Cash,EMP26,Returning,Yes,,-10.0,,4.0,,Damaged,Central,,,2025,Bad,3.0
T101435,C357,Male,60.0,Eldoret,Mombasa,2025-09-25,P168,Cooker, Home,BrandB,-10.0,6.0,5.0,0.0,-60.0,-50.68,-9.32,cash ,EMP18,, no ,No,-10.0,,4.0,,Wrong Item, north ,,,2025,Bad,1.0
T101436,C313,FEMALE,-5.0,Eldoret,Eldoret,2025-13-40,P587,Bread,Groceries,BrandC,,-2.0,110.0,0.0,,,,Card,EMP22,Returning,Yes,,325.0,Delivery,5.0,,Wrong Item,East,,,2025,Bad,5.0
T101437,C413,FEMALE,25.0,Mombasa,Kisumu,2025-06-13,P421,Shoes,Clothing,BrandA,-10.0,9.0,110.0,0.0,-90.0,-54.57,-35.43,,EMP24,Returning, no ,Yes,74.0,,,Not Returned,Changed Mind,North,,,2025,,5.0
T101438,C455, male ,45.0,Mombasa,Eldoret,2025-11-23,P984,Rice, Groceries,BrandA,,,0.0,0.0,,,,cash ,EMP19,Returning,Yes,,,,,Not Returned,Wrong Item,East,,,2025,,4.0
T101439,C91,Female,45.0,Mombasa,Eldoret,2025-07-31,P661,Keyboard,Electronics,BrandB,,,0.0,0.0,,,,,EMP6,Returning,Yes,,246.0,Pickup,5.0,Not Returned,,North,,,2025,Average,
T101440,C368,,34.0,Mombasa,Nairobi,2025-04-21,P139,Keyboard,electronics,BrandB,,,0.0,0.0,,,,,EMP9,Returning,YES,,,Pickup,2.0,,Wrong Item,Central,,,2025,Bad,3.0
T101441,C145, male ,150.0,Eldoret,Eldoret,2025-05-13,P391,Keyboard,electronics,BrandC,,,10.0,0.0,,,,Cash,EMP9,New,YES,,,,2.0,Returned,Changed Mind,East,,,2025,Good,5.0
T101442,C20,FEMALE,25.0,Nakuru,Eldoret,2026-02-21,P384,Jacket,Clothing,BrandA,196.87,4.0,5.0,126.0,787.48,655.12,132.36,Card,EMP11,Returning,YES,No,,,,Not Returned,Wrong Item,West,,,2025,Average,
T101443,C351,,34.0,Eldoret,Kisumu,2026-03-09,P347,Mouse,Electronics,BrandB,-10.0,,5.0,0.0,,,,Card,EMP28,,Yes,No,-10.0,Delivery,4.0,Not Returned,,East,,,2025,Bad,5.0
T101444,C374,FEMALE,45.0,Eldoret,Mombasa,2025-08-23,P276,Keyboard, Electronics,BrandC,,,0.0,0.0,,,,cash ,EMP29,Returning,No,Yes,248.0,,2.0,,Wrong Item,South,,,2025,Average,5.0
T101445,C242, male ,45.0,Eldoret,Mombasa,2025-11-11,P846,Jeans,Clothing,BrandC,-10.0,-2.0,0.0,0.0,20.0,13.46,6.54,Card,EMP23,Returning,YES,,298.0,,4.0,Returned,Damaged,South,,,2025,Good,1.0
T101446,C451,,18.0,Nairobi,Nakuru,2025-10-31,P444,Sugar,Groceries,BrandA,,9.0,0.0,0.0,,,,,EMP14,Returning, no ,Yes,,Pickup,5.0,Returned,Changed Mind,West,,,2025,Good,4.0
T101447,C166,FEMALE,150.0,Kisumu,Eldoret,2025-11-05,P717,Shirt,Clothing,BrandA,,,10.0,0.0,,,,,EMP9,,No,No,,Pickup,3.0,Not Returned,Changed Mind,West,,,2025,,5.0
T101448,C162,FEMALE,60.0,Nairobi,Mombasa,2025-01-03,P707,Table,Home,BrandA,,-2.0,0.0,0.0,,,,Cash,EMP14,,YES,,201.0,,5.0,Returned,Wrong Item,West,,,2025,,2.0
T101449,C220,Male,45.0,Nakuru,Nairobi,2026-02-09,P184,Rice,,BrandB,,-2.0,15.0,0.0,,,,Card,EMP14,Returning,YES,,,,2.0,Returned,,North,,,2025,Bad,4.0
T101450,C63,FEMALE,150.0,Nairobi,Nairobi,2025-08-27,P698,Keyboard,,BrandC,,2.0,110.0,0.0,,,,cash ,EMP10,Returning,No,,,,3.0,,,South,,,2025,,
T101451,C237,Male,-5.0,Eldoret,Eldoret,2025-09-13,P378,Mouse, Electronics,BrandA,-10.0,,10.0,0.0,,,,Mobile,EMP18,New,YES,No,-10.0,Delivery,4.0,,Damaged,North,,,2025,Bad,5.0
T101452,C442,FEMALE,-5.0,Mombasa,Nairobi,2026-04-15,P765,Cooker,,BrandA,294.15,-2.0,20.0,0.0,-588.3,-427.33,-160.97,,EMP28,New,No,No,-10.0,Pickup,5.0,Not Returned,Changed Mind,North,,,2025,,1.0
T101453,C77,Female,25.0,Mombasa,Eldoret,2026-03-11,P653,Table, Home,BrandC,,,0.0,0.0,,,,Card,EMP21,Returning,Yes,,67.0,,4.0,Not Returned,Wrong Item,West,,,2025,Good,1.0
T101454,C270,Male,,Mombasa,Kisumu,2025-12-31,P750,Table, Home,BrandC,-10.0,-2.0,10.0,0.0,20.0,11.06,8.94,Mobile,EMP17,,Yes,Yes,-10.0,Pickup,1.0,Returned,Wrong Item,South,,,2025,,5.0
T101455,C62,Female,60.0,Mombasa,Nairobi,2026-02-15,P642,Chair,home,BrandC,217.72,,20.0,0.0,,,,Mobile,EMP12,,No,Yes,,,2.0,Not Returned,Wrong Item,South,,,2025,Average,2.0
T101456,C249,,,Nakuru,Eldoret,2026-04-09,P221,Chair,,BrandB,-10.0,9.0,110.0,0.0,-90.0,-71.98,-18.02,,EMP28,New, no ,No,,,1.0,Returned,,North,,,2025,,5.0
T101457,C2, male ,150.0,Nakuru,Nakuru,2026-03-30,P983,Jeans,Clothing,BrandB,63.68,,10.0,0.0,,,,,EMP10,New,YES,,,,1.0,Not Returned,,South,,,2025,,
T101458,C74,FEMALE,150.0,Nairobi,Kisumu,2025-02-07,P459,Sugar,Groceries,BrandB,170.17,,15.0,0.0,,,,,EMP1,New,No,No,-10.0,Delivery,3.0,Returned,Damaged,Central,,,2025,Good,4.0
T101459,C327,Female,150.0,Eldoret,Nairobi,2025-05-02,P468,Jacket,clothing,BrandC,,,20.0,0.0,,,,Mobile,EMP25,,Yes,No,35.0,Delivery,,,Changed Mind,North,,,2025,,3.0
T101460,C449, male ,25.0,Kisumu,Kisumu,2026-01-20,P445,Table, Home,BrandB,,-2.0,5.0,0.0,,,,Cash,EMP8,New,No,Yes,,Pickup,2.0,,Damaged,North,,,2025,Average,3.0
T101461,C278,FEMALE,150.0,Eldoret,Nairobi,2025-12-31,P564,Table, Home,BrandC,,2.0,110.0,0.0,,,,,EMP20,, no ,Yes,,,2.0,,Damaged,South,,,2025,,3.0
T101462,C326, male ,25.0,Nairobi,Kisumu,2025-11-19,P230,Bread,groceries,BrandB,,10.0,110.0,0.0,,,,cash ,EMP21,Returning,Yes,,399.0,Pickup,5.0,,Changed Mind,Central,,,2025,Good,1.0
T101463,C427,,34.0,Mombasa,Mombasa,2025-12-04,P319,Milk, Groceries,BrandB,73.79,-2.0,15.0,0.0,-147.58,-119.23,-28.35,Card,EMP23,Returning,YES,,-10.0,,2.0,Returned,Changed Mind, north ,,,2025,Bad,
T101464,C295,Male,-5.0,Nakuru,Nairobi,2025-03-30,P684,Sugar,groceries,BrandA,-10.0,4.0,10.0,0.0,-40.0,-34.42,-5.58,,EMP20,New,Yes,Yes,,Pickup,2.0,Not Returned,Changed Mind, north ,,,2025,,1.0
T101465,C375,,45.0,Mombasa,Eldoret,2025-08-28,P755,Chair, Home,BrandB,,,20.0,0.0,,,,,EMP8,,Yes,,-10.0,Pickup,5.0,Not Returned,Changed Mind,Central,,,2025,Average,4.0
T101466,C472,Male,-5.0,Nairobi,Nakuru,2025-06-13,P197,Lamp,home,BrandB,,-2.0,,0.0,,,,Cash,EMP25,,YES,,-10.0,,4.0,,Wrong Item,Central,,,2025,,5.0
T101467,C95,,60.0,Nairobi,Nakuru,2025-03-21,P432,Jacket,,BrandA,,9.0,5.0,0.0,,,,Mobile,EMP18,,Yes,Yes,-10.0,,1.0,Not Returned,Changed Mind, north ,,,2025,Average,2.0
T101468,C100,Male,,Nairobi,Nairobi,2026-02-05,P457,Jacket,clothing,BrandA,,8.0,110.0,0.0,,,,Cash,EMP18,Returning,YES,No,-10.0,Pickup,5.0,Not Returned,Wrong Item, north ,,,2025,Good,1.0
T101469,C385, male ,34.0,Eldoret,Nairobi,2026-06-03,P914,Rice,Groceries,BrandB,-10.0,-2.0,20.0,0.0,20.0,15.96,4.04,Card,EMP25,, no ,Yes,,,3.0,,Damaged,South,,,2025,Average,2.0
T101470,C458,FEMALE,60.0,Eldoret,Nakuru,2026-01-24,P422,Chair,Home,BrandA,-10.0,-2.0,10.0,0.0,20.0,11.81,8.19,cash ,EMP30,,YES,,,,4.0,Returned,Wrong Item,Central,,,2025,,3.0
T101471,C121,Male,45.0,Mombasa,Mombasa,2025-04-08,P118,Lamp, Home,BrandC,,,0.0,0.0,,,,,EMP6,, no ,Yes,-10.0,Delivery,3.0,Returned,Changed Mind,North,,,2025,Good,
T101472,C244,,34.0,Nairobi,Nakuru,2025-04-10,P816,Bread, Groceries,BrandA,283.9,9.0,20.0,408.82,2555.1,1750.75,804.35,,EMP2,,YES,,-10.0,Delivery,3.0,,Damaged,South,,,2025,,3.0
T101473,C271,Male,34.0,Eldoret,Eldoret,2026-06-04,P547,Table,Home,BrandB,497.31,,,0.0,,,,cash ,EMP20,,YES,Yes,106.0,Pickup,,,Wrong Item,East,,,2025,Average,4.0
T101474,C374,,25.0,Nairobi,Kisumu,2025-04-02,P179,Rice,groceries,BrandC,-10.0,,10.0,0.0,,,,Mobile,EMP4,Returning,No,,,Delivery,1.0,Returned,Damaged,East,,,2025,Average,
T101475,C454,,25.0,Mombasa,Eldoret,2025-13-40,P304,Milk,groceries,BrandB,429.47,,10.0,0.0,,,,Mobile,EMP2,New,No,,297.0,Pickup,5.0,Not Returned,Damaged,East,,,2025,,4.0
T101476,C472,FEMALE,25.0,Nakuru,Eldoret,2025-03-20,P690,Jeans, Clothing,BrandA,,,20.0,0.0,,,,cash ,EMP10,,No,No,,Delivery,3.0,,Changed Mind,North,,,2025,,
T101477,C462, male ,25.0,Mombasa,Kisumu,2026-02-02,P470,Jeans,clothing,BrandB,-10.0,4.0,15.0,0.0,-40.0,-20.31,-19.69,Mobile,EMP10,Returning, no ,,-10.0,,2.0,,Changed Mind,West,,,2025,Average,
T101478,C173,,,Mombasa,Nakuru,2026-01-13,P954,Monitor,electronics,BrandA,161.89,-2.0,15.0,0.0,-323.78,-168.09,-155.69,cash ,EMP14,Returning,No,,-10.0,Delivery,2.0,,Changed Mind,North,,,2025,,2.0
T101479,C14,FEMALE,60.0,Nairobi,Eldoret,2025-06-06,P138,Mouse,Electronics,BrandA,,-2.0,,0.0,,,,Cash,EMP11,,No,No,,Delivery,5.0,Not Returned,Damaged,Central,,,2025,Average,1.0
T101480,C460, male ,25.0,Mombasa,Nairobi,2026-06-25,P197,Milk,,BrandB,,-2.0,20.0,0.0,,,,Mobile,EMP18,New,YES,,220.0,,4.0,,Changed Mind,Central,,,2025,,3.0
T101481,C262,FEMALE,45.0,Kisumu,Nairobi,2025-03-24,P777,Cooker,home,BrandC,245.15,,0.0,0.0,,,,Card,EMP8,New,Yes,Yes,,,1.0,,Wrong Item,Central,,,2025,Bad,5.0
T101482,C104,Female,,Mombasa,Nairobi,2025-06-12,P298,Laptop,electronics,BrandC,,-2.0,10.0,0.0,,,,Mobile,EMP13,New, no ,No,-10.0,,,Not Returned,,North,,,2025,Bad,3.0
T101483,C73, male ,150.0,Nakuru,Kisumu,2025-07-13,P199,Milk,,BrandB,,8.0,0.0,0.0,,,,cash ,EMP7,Returning,No,No,-10.0,Pickup,5.0,Not Returned,Damaged,East,,,2025,Good,2.0
T101484,C382,Male,60.0,Mombasa,Kisumu,2026-06-09,P547,Cooker,home,BrandC,-10.0,7.0,20.0,0.0,-70.0,-36.1,-33.9,,EMP24,,Yes,No,-10.0,,5.0,Not Returned,Wrong Item,East,,,2025,Bad,4.0
T101485,C172,Male,60.0,Kisumu,Eldoret,2025-03-19,P899,Lamp,home,BrandB,-10.0,,20.0,0.0,,,,Cash,EMP24,New,Yes,Yes,145.0,,,Returned,Damaged,Central,,,2025,Average,5.0
T101486,C416, male ,,Mombasa,Nairobi,2026-04-11,P520,Mouse,Electronics,BrandB,146.67,,110.0,0.0,,,,Card,EMP16,Returning, no ,No,-10.0,Pickup,2.0,Returned,Wrong Item,East,,,2025,Bad,2.0
T101487,C12,FEMALE,18.0,Eldoret,Nakuru,2025-05-07,P267,Cooker,home,BrandC,-10.0,,15.0,0.0,,,,Card,EMP23,New,Yes,,,,5.0,,Damaged,Central,,,2025,Good,5.0
T101488,C47,,60.0,Nakuru,Nakuru,2025-09-08,P441,Mouse,electronics,BrandA,197.14,2.0,15.0,63.08,394.28,346.2,48.08,Card,EMP9,New, no ,,-10.0,Delivery,4.0,,,North,,,2025,Average,5.0
T101489,C123,Male,18.0,Mombasa,Eldoret,2025-02-04,P693,Table,,BrandB,48.44,-2.0,110.0,0.0,-96.88,-66.57,-30.31,cash ,EMP19,New,No,Yes,53.0,Pickup,,,, north ,,,2025,Good,1.0
T101490,C111,Male,45.0,Eldoret,Nairobi,2025-12-30,P759,Bread,Groceries,BrandA,-10.0,-2.0,10.0,0.0,20.0,14.38,5.62,Mobile,EMP13,,No,No,-10.0,,4.0,Returned,Wrong Item, north ,,,2025,,
T101491,C195,Male,-5.0,Mombasa,Kisumu,2025-07-23,P502,Sugar,groceries,BrandA,-10.0,-2.0,10.0,0.0,20.0,11.31,8.69,Cash,EMP4,New, no ,No,90.0,Delivery,4.0,,Damaged,Central,,,2025,Bad,4.0
T101492,C55,Female,34.0,Mombasa,Nairobi,2025-11-22,P509,Chair, Home,BrandA,,4.0,15.0,0.0,,,,Card,EMP1,, no ,No,162.0,Delivery,3.0,Not Returned,,East,,,2025,Good,2.0
T101493,C36,,45.0,Eldoret,Mombasa,2025-07-10,P362,Shoes,Clothing,BrandB,,,0.0,0.0,,,,cash ,EMP24,,No,,,Delivery,2.0,Returned,Wrong Item,East,,,2025,Good,2.0
T101494,C63,Female,-5.0,Mombasa,Eldoret,2025-10-20,P972,Shirt,,BrandB,,1.0,10.0,0.0,,,,,EMP13,Returning, no ,Yes,345.0,,5.0,Returned,Wrong Item,East,,,2025,Good,
T101495,C251,,-5.0,Nakuru,Kisumu,2026-03-02,P212,Shirt,,BrandB,-10.0,,10.0,0.0,,,,,EMP11,Returning, no ,No,,Pickup,1.0,,Damaged, north ,,,2025,Average,5.0
T101496,C27, male ,,Nakuru,Kisumu,2025-05-17,P321,Bread, Groceries,BrandA,,-2.0,5.0,0.0,,,,Mobile,EMP28,,Yes,,,Pickup,3.0,Not Returned,,North,,,2025,Bad,4.0
T101497,C127,FEMALE,150.0,Kisumu,Nakuru,2025-08-10,P288,Chair, Home,BrandB,-10.0,-2.0,10.0,0.0,20.0,16.96,3.04,,EMP11,Returning,YES,Yes,458.0,Pickup,,,Changed Mind,Central,,,2025,Good,1.0
T101498,C425,FEMALE,45.0,Mombasa,Nakuru,2025-04-12,P265,Keyboard,,BrandA,-10.0,-2.0,,0.0,20.0,14.45,5.55,cash ,EMP22,New,No,,,Pickup,,Not Returned,Changed Mind,West,,,2025,Good,3.0
T101499,C170,FEMALE,34.0,Nairobi,Nairobi,2025-05-18,P447,Jeans, Clothing,BrandA,,2.0,20.0,0.0,,,,,EMP15,New,No,No,456.0,Delivery,3.0,,Changed Mind, north ,,,2025,Good,1.0
T101500,C439,FEMALE,18.0,Nairobi,Eldoret,2025-09-26,P547,Jeans,,BrandA,-10.0,-2.0,0.0,0.0,20.0,11.99,8.01,Cash,EMP6,Returning, no ,Yes,368.0,Delivery,,Returned,, north ,,,2025,,4.0
T101501,C465,,25.0,Nairobi,Eldoret,2026-02-15,P560,Rice,Groceries,BrandC,272.45,-2.0,110.0,0.0,-544.9,-437.9,-107.0,Mobile,EMP16,,No,,,Delivery,4.0,Not Returned,,Central,,,2025,Average,
T101502,C184,FEMALE,25.0,Nakuru,Eldoret,2025-05-25,P764,Sugar,Groceries,BrandB,-10.0,-2.0,5.0,0.0,20.0,17.81,2.19,Cash,EMP11,Returning,YES,,,Delivery,4.0,Returned,Wrong Item,East,,,2025,,4.0
T101503,C207, male ,34.0,Eldoret,Eldoret,2025-12-26,P909,Cooker, Home,BrandC,370.35,,15.0,0.0,,,,Cash,EMP27,Returning,No,No,-10.0,,3.0,Not Returned,Wrong Item,West,,,2025,,2.0
T101504,C169, male ,60.0,Eldoret,Eldoret,2026-06-05,P796,Rice,Groceries,BrandB,-10.0,-2.0,5.0,0.0,20.0,15.95,4.05,Cash,EMP9,,Yes,No,481.0,Pickup,4.0,Returned,Wrong Item,East,,,2025,Good,1.0
T101505,C422,Female,45.0,Nakuru,Nakuru,2025-11-01,P249,Mouse, Electronics,BrandC,335.72,,5.0,0.0,,,,Mobile,EMP22,Returning, no ,No,-10.0,,1.0,Returned,Damaged,Central,,,2025,Average,5.0
T101506,C423,,-5.0,Nakuru,Mombasa,2025-05-28,P608,Mouse, Electronics,BrandC,,-2.0,110.0,0.0,,,,cash ,EMP21,, no ,,-10.0,,3.0,,Damaged,North,,,2025,Average,2.0
T101507,C16,FEMALE,18.0,Kisumu,Kisumu,2026-06-25,P173,Jacket,clothing,BrandA,238.39,,10.0,0.0,,,,Card,EMP29,,No,,201.0,,1.0,Not Returned,Wrong Item,West,,,2025,Good,5.0
T101508,C490,Female,150.0,Nairobi,Nairobi,2026-06-04,P204,Bread,,BrandC,355.35,-2.0,5.0,0.0,-710.7,-446.0,-264.7,cash ,EMP20,New,Yes,Yes,,Delivery,2.0,Returned,Changed Mind, north ,,,2025,,1.0
T101509,C84,FEMALE,-5.0,Mombasa,Mombasa,2025-09-03,P728,Mouse,,BrandC,,5.0,5.0,0.0,,,,Card,EMP13,New,YES,,-10.0,,3.0,,Damaged,East,,,2025,Bad,2.0
T101510,C198,Male,,Mombasa,Nakuru,2025-11-20,P588,Jacket,,BrandB,82.99,,,0.0,,,,,EMP19,Returning,No,No,,Delivery,5.0,,Damaged,North,,,2025,Good,4.0
T101511,C49,,60.0,Nakuru,Nairobi,2025-08-15,P693,Milk, Groceries,BrandC,,10.0,15.0,0.0,,,,cash ,EMP28,,YES,No,,,3.0,Returned,Changed Mind,East,,,2025,Bad,4.0
T101512,C118,Male,45.0,Kisumu,Nairobi,2026-05-10,P209,Jacket,clothing,BrandC,322.62,-2.0,,0.0,-645.24,-348.7,-296.54,cash ,EMP28,New,No,,,Delivery,3.0,,Changed Mind,Central,,,2025,,5.0
T101513,C289,Male,25.0,Eldoret,Eldoret,2025-03-20,P957,Milk,,BrandB,,8.0,0.0,0.0,,,,Card,EMP21,, no ,No,-10.0,,4.0,Not Returned,Wrong Item,East,,,2025,Good,
T101514,C315,,25.0,Nairobi,Kisumu,2026-06-02,P466,Table,,BrandB,218.86,,,0.0,,,,cash ,EMP12,,Yes,Yes,-10.0,Pickup,1.0,Returned,,South,,,2025,,1.0
T101515,C145,FEMALE,25.0,Nairobi,Nairobi,2025-01-02,P643,Jacket, Clothing,BrandC,,-2.0,0.0,0.0,,,,Card,EMP20,Returning,No,Yes,-10.0,Delivery,3.0,Not Returned,Damaged, north ,,,2025,Average,
T101516,C252,Female,-5.0,Kisumu,Nakuru,2025-05-25,P187,Table,home,BrandA,409.52,,20.0,0.0,,,,Mobile,EMP14,Returning,YES,Yes,-10.0,Pickup,2.0,,Changed Mind, north ,,,2025,,5.0
T101517,C381,,25.0,Nairobi,Kisumu,2025-08-17,P272,Table, Home,BrandB,,-2.0,5.0,0.0,,,,,EMP21,Returning,YES,,413.0,Delivery,,Not Returned,Damaged, north ,,,2025,Good,2.0
T101518,C497,,25.0,Mombasa,Mombasa,2026-01-22,P992,Laptop,,BrandC,,,110.0,0.0,,,,cash ,EMP26,New,No,No,458.0,,,Not Returned,Damaged, north ,,,2025,Good,1.0
T101519,C83, male ,150.0,Eldoret,Nakuru,2025-10-08,P101,Cooker, Home,BrandB,443.37,7.0,,496.57,3103.59,1599.35,1504.24,Cash,EMP4,Returning,Yes,,,Pickup,5.0,Returned,Damaged,North,,,2025,,5.0
T101520,C210,FEMALE,25.0,Kisumu,Eldoret,2025-07-15,P771,Keyboard,Electronics,BrandA,-10.0,-2.0,10.0,0.0,20.0,11.93,8.07,Card,EMP15,New,Yes,No,-10.0,Pickup,4.0,Returned,Damaged,East,,,2025,Average,3.0
T101521,C159,Male,150.0,Nakuru,Eldoret,2026-02-26,P937,Shirt,,BrandA,102.84,5.0,15.0,82.27,514.2,289.3,224.9,Card,EMP17,Returning,Yes,Yes,-10.0,Pickup,4.0,Returned,Changed Mind,North,,,2025,Average,3.0
T101522,C3,,60.0,Kisumu,Mombasa,2025-03-04,P230,Milk, Groceries,BrandB,,-2.0,10.0,0.0,,,,Mobile,EMP7,New, no ,No,-10.0,Delivery,,Not Returned,Wrong Item,South,,,2025,Good,1.0
T101523,C399, male ,25.0,Mombasa,Mombasa,2026-05-16,P537,Rice, Groceries,BrandC,446.34,1.0,10.0,71.41,446.34,272.32,174.02,Card,EMP1,Returning,No,Yes,-10.0,Pickup,4.0,Not Returned,Changed Mind, north ,,,2025,Average,5.0
T101524,C225,Female,25.0,Nairobi,Kisumu,2025-09-01,P196,Table,home,BrandA,75.44,,,0.0,,,,Cash,EMP27,,No,No,,,5.0,,Wrong Item,South,,,2025,Bad,5.0
T101525,C450,Female,34.0,Nakuru,Kisumu,2025-03-20,P937,Mouse,Electronics,BrandC,-10.0,,,0.0,,,,cash ,EMP23,Returning,Yes,Yes,,Delivery,,Not Returned,Damaged,South,,,2025,Bad,2.0
T101526,C238,Male,,Eldoret,Nakuru,2025-01-06,P296,Shoes,clothing,BrandC,-10.0,5.0,110.0,0.0,-50.0,-26.21,-23.79,,EMP12,Returning,No,No,-10.0,Pickup,1.0,Not Returned,Damaged,South,,,2025,Average,1.0
T101527,C450, male ,45.0,Nakuru,Nairobi,2025-02-06,P544,Shoes,clothing,BrandB,-10.0,3.0,110.0,0.0,-30.0,-23.99,-6.01,,EMP13,,YES,,216.0,Delivery,2.0,,Damaged, north ,,,2025,Average,2.0
T101528,C215, male ,,Nairobi,Nairobi,2025-07-12,P799,Sugar,,BrandB,340.11,-2.0,10.0,0.0,-680.22,-355.22,-325.0,cash ,EMP25,New, no ,No,125.0,Pickup,5.0,,Wrong Item,North,,,2025,,
T101529,C349, male ,150.0,Mombasa,Mombasa,2025-10-25,P110,Monitor,electronics,BrandA,298.97,4.0,10.0,191.34,1195.88,1036.24,159.64,,EMP16,,Yes,,222.0,Delivery,4.0,,Wrong Item, north ,,,2025,Good,5.0
T101530,C237,Male,,Eldoret,Kisumu,2026-01-11,P207,Table,home,BrandA,-10.0,-2.0,10.0,0.0,20.0,16.95,3.05,cash ,EMP30,New,Yes,,-10.0,,2.0,Not Returned,Damaged,West,,,2025,,2.0
T101531,C70, male ,60.0,Eldoret,Eldoret,2025-12-22,P902,Cooker, Home,BrandC,,-2.0,110.0,0.0,,,,cash ,EMP11,,No,No,-10.0,Delivery,,Returned,Changed Mind,West,,,2025,Good,3.0
T101532,C480,,18.0,Eldoret,Nairobi,2026-02-15,P135,Mouse,Electronics,BrandA,-10.0,-2.0,10.0,0.0,20.0,16.57,3.43,Card,EMP18,,No,Yes,130.0,Pickup,,Not Returned,Damaged, north ,,,2025,Bad,4.0
T101533,C254,,60.0,Eldoret,Mombasa,2025-01-09,P542,Laptop, Electronics,BrandB,,1.0,110.0,0.0,,,,Mobile,EMP11,,Yes,No,-10.0,Delivery,3.0,Not Returned,Changed Mind,Central,,,2025,Good,5.0
T101534,C448, male ,34.0,Eldoret,Nairobi,2026-02-21,P519,Rice, Groceries,BrandA,-10.0,-2.0,0.0,0.0,20.0,16.16,3.84,Card,EMP15,Returning, no ,Yes,107.0,Delivery,2.0,Returned,,North,,,2025,Bad,
T101535,C29,,150.0,Nakuru,Eldoret,2025-03-20,P847,Shirt,clothing,BrandC,384.01,-2.0,20.0,0.0,-768.02,-664.62,-103.4,Cash,EMP26,,YES,No,,,3.0,,Damaged,North,,,2025,Good,5.0
T101536,C485,Male,34.0,Nakuru,Nairobi,2025-04-18,P495,Lamp,Home,BrandB,292.32,,20.0,0.0,,,,Mobile,EMP11,New,No,Yes,,Pickup,1.0,Not Returned,Wrong Item,North,,,2025,Average,4.0
T101537,C310,Male,-5.0,Kisumu,Nairobi,2025-09-29,P517,Lamp,Home,BrandB,383.19,-2.0,5.0,0.0,-766.38,-604.01,-162.37,Card,EMP11,New,YES,Yes,,Delivery,2.0,Returned,Damaged,West,,,2025,,1.0
T101538,C373,,25.0,Mombasa,Eldoret,2026-06-04,P406,Lamp,Home,BrandA,-10.0,,0.0,0.0,,,,Mobile,EMP10,New, no ,No,278.0,,2.0,Not Returned,,Central,,,2025,Good,
T101539,C161,,45.0,Mombasa,Nakuru,2025-02-25,P905,Shoes, Clothing,BrandA,56.95,-2.0,10.0,0.0,-113.9,-67.74,-46.16,Cash,EMP3,,Yes,No,,Delivery,3.0,Not Returned,Damaged,West,,,2025,Average,2.0
T101540,C195,Female,45.0,Kisumu,Nairobi,2025-05-12,P384,Laptop,,BrandB,432.48,-2.0,15.0,0.0,-864.96,-444.15,-420.81,Cash,EMP10,Returning, no ,,,Delivery,,,,North,,,2025,Average,2.0
T101541,C412,,,Nairobi,Nairobi,2025-13-40,P588,Bread,,BrandB,,,15.0,0.0,,,,Mobile,EMP19,New,No,,,,3.0,Returned,Changed Mind, north ,,,2025,Average,3.0
T101542,C158,Female,150.0,Nakuru,Nakuru,2025-10-01,P908,Jeans,,BrandB,-10.0,-2.0,15.0,0.0,20.0,11.56,8.44,Cash,EMP23,, no ,,69.0,Delivery,1.0,Not Returned,Damaged,North,,,2025,Average,5.0
T101543,C162,Male,45.0,Kisumu,Mombasa,2025-07-16,P364,Laptop, Electronics,BrandA,-10.0,3.0,,0.0,-30.0,-17.97,-12.03,cash ,EMP22,New, no ,Yes,,,4.0,,Changed Mind,East,,,2025,Average,
T101544,C365,FEMALE,25.0,Mombasa,Eldoret,2025-05-30,P322,Sugar, Groceries,BrandC,220.84,-2.0,20.0,0.0,-441.68,-256.71,-184.97,cash ,EMP23,Returning, no ,,146.0,Pickup,4.0,Returned,, north ,,,2025,Bad,5.0
T101545,C437,,25.0,Eldoret,Mombasa,2025-11-26,P584,Mouse,electronics,BrandB,206.93,-2.0,5.0,0.0,-413.86,-275.9,-137.96,Mobile,EMP13,, no ,Yes,-10.0,,5.0,Returned,,South,,,2025,Bad,
T101546,C201,Male,150.0,Mombasa,Nairobi,2025-03-19,P322,Rice,,BrandC,397.23,-2.0,10.0,0.0,-794.46,-495.3,-299.16,Card,EMP19,New,No,No,-10.0,Delivery,4.0,,,Central,,,2025,Good,1.0
T101547,C18, male ,45.0,Kisumu,Mombasa,2025-11-11,P627,Laptop,electronics,BrandA,-10.0,,5.0,0.0,,,,Mobile,EMP10,, no ,No,127.0,Pickup,3.0,,,East,,,2025,Bad,3.0
T101548,C193, male ,60.0,Nakuru,Kisumu,2026-04-06,P400,Shoes,Clothing,BrandB,303.99,4.0,110.0,194.55,1215.96,623.16,592.8,,EMP6,Returning, no ,Yes,,,,Not Returned,Changed Mind,West,,,2025,Bad,5.0
T101549,C339,Male,150.0,Mombasa,Eldoret,2025-01-22,P583,Bread,,BrandC,-10.0,,0.0,0.0,,,,Mobile,EMP18,Returning, no ,Yes,,Delivery,1.0,,,Central,,,2025,Good,2.0
T101550,C371,FEMALE,45.0,Kisumu,Eldoret,2025-10-06,P713,Jacket,,BrandA,210.37,,15.0,0.0,,,,Mobile,EMP26,New,No,Yes,,,1.0,Not Returned,Changed Mind,North,,,2025,,3.0
T101551,C329,Male,34.0,Eldoret,Nakuru,2025-13-40,P606,Shoes,,BrandB,,,,0.0,,,,Card,EMP15,,YES,Yes,-10.0,,4.0,,Wrong Item,Central,,,2025,,5.0
T101552,C216,FEMALE,25.0,Kisumu,Eldoret,2025-11-16,P784,Lamp,home,BrandC,448.35,2.0,20.0,143.47,896.7,656.58,240.12,cash ,EMP2,Returning,Yes,Yes,488.0,,1.0,,Wrong Item,Central,,,2025,Average,3.0
T101553,C166, male ,18.0,Mombasa,Mombasa,2026-03-04,P301,Sugar, Groceries,BrandC,-10.0,,10.0,0.0,,,,Cash,EMP27,,YES,Yes,-10.0,Pickup,2.0,Not Returned,Wrong Item,East,,,2025,Good,4.0
T101554,C205,,60.0,Nairobi,Nairobi,2025-01-13,P982,Jeans,Clothing,BrandA,387.86,3.0,10.0,186.17,1163.58,974.06,189.52,Mobile,EMP26,New, no ,Yes,-10.0,Pickup,1.0,,Changed Mind,South,,,2025,Bad,
T101555,C305,,25.0,Mombasa,Kisumu,2025-02-17,P842,Keyboard,Electronics,BrandB,-10.0,,20.0,0.0,,,,,EMP5,New, no ,Yes,-10.0,Delivery,5.0,,,Central,,,2025,Good,
T101556,C265, male ,25.0,Nakuru,Nairobi,2025-11-22,P975,Shoes, Clothing,BrandA,-10.0,,5.0,0.0,,,,,EMP23,,No,,178.0,Pickup,4.0,Returned,Wrong Item,North,,,2025,,
T101557,C427,FEMALE,60.0,Eldoret,Mombasa,2025-08-08,P486,Bread, Groceries,BrandC,-10.0,3.0,110.0,0.0,-30.0,-25.3,-4.7,Mobile,EMP3,New,YES,No,-10.0,,1.0,Returned,Changed Mind,South,,,2025,Bad,2.0
T101558,C321,Female,150.0,Nakuru,Kisumu,2025-10-16,P834,Keyboard,electronics,BrandA,-10.0,9.0,20.0,0.0,-90.0,-52.39,-37.61,Mobile,EMP4,Returning,Yes,Yes,-10.0,Pickup,,Not Returned,Changed Mind,South,,,2025,,4.0
T101559,C477,,,Mombasa,Kisumu,2026-06-21,P618,Sugar, Groceries,BrandA,38.72,,110.0,0.0,,,,,EMP20,New,Yes,No,,,2.0,Not Returned,,West,,,2025,,5.0
T101560,C60, male ,,Mombasa,Nakuru,2026-06-19,P807,Shirt,clothing,BrandA,,-2.0,0.0,0.0,,,,,EMP9,Returning,No,Yes,345.0,Pickup,2.0,,Wrong Item,East,,,2025,Bad,5.0
T101561,C4, male ,,Nairobi,Nakuru,2025-08-17,P785,Milk,groceries,BrandB,-10.0,5.0,,0.0,-50.0,-41.6,-8.4,Mobile,EMP3,Returning, no ,No,,,5.0,Returned,Wrong Item,West,,,2025,Bad,
T101562,C410,FEMALE,25.0,Mombasa,Mombasa,2026-03-27,P155,Lamp,home,BrandC,,-2.0,10.0,0.0,,,,Cash,EMP5,Returning,No,Yes,-10.0,,2.0,Not Returned,,North,,,2025,Average,4.0
T101563,C296,Male,18.0,Eldoret,Eldoret,2025-01-19,P445,Mouse,Electronics,BrandB,-10.0,-2.0,15.0,0.0,20.0,17.47,2.53,,EMP20,,YES,Yes,,Delivery,2.0,,Wrong Item,West,,,2025,,5.0
T101564,C53,Male,18.0,Eldoret,Nakuru,2025-13-40,P353,Jacket, Clothing,BrandC,162.85,,110.0,0.0,,,,Cash,EMP27,New, no ,No,-10.0,Delivery,,,,South,,,2025,Average,4.0
T101565,C349,Male,34.0,Nakuru,Nakuru,2025-10-08,P695,Jacket,,BrandB,,,0.0,0.0,,,,Card,EMP28,,YES,Yes,197.0,,3.0,,Changed Mind,North,,,2025,Good,5.0
T101566,C399,,18.0,Kisumu,Nairobi,2026-03-22,P226,Rice,groceries,BrandB,,3.0,110.0,0.0,,,,Mobile,EMP29,Returning, no ,,-10.0,Delivery,1.0,Returned,Wrong Item, north ,,,2025,Average,4.0
T101567,C174,FEMALE,34.0,Nairobi,Nakuru,2025-06-10,P228,Table,home,BrandB,,7.0,5.0,0.0,,,,Mobile,EMP2,New,YES,,442.0,Pickup,3.0,Returned,Wrong Item,West,,,2025,Good,
T101568,C73,FEMALE,-5.0,Kisumu,Mombasa,2025-09-06,P389,Shirt,clothing,BrandC,,,5.0,0.0,,,,cash ,EMP20,, no ,,337.0,Delivery,3.0,Returned,Changed Mind,East,,,2025,Average,4.0
T101569,C367,,34.0,Mombasa,Nakuru,2025-06-14,P753,Keyboard, Electronics,BrandC,-10.0,8.0,0.0,0.0,-80.0,-54.45,-25.55,cash ,EMP2,Returning,YES,Yes,-10.0,Delivery,1.0,Not Returned,Damaged, north ,,,2025,,3.0
T101570,C221,,18.0,Nakuru,Mombasa,2026-03-15,P924,Rice,,BrandC,-10.0,-2.0,5.0,0.0,20.0,12.95,7.05,Cash,EMP24,New,No,,,,3.0,,Wrong Item,Central,,,2025,Good,
T101571,C65,,60.0,Nakuru,Mombasa,2025-01-06,P857,Bread, Groceries,BrandB,-10.0,,15.0,0.0,,,,,EMP24,, no ,No,,Pickup,4.0,Returned,Changed Mind, north ,,,2025,,3.0
T101572,C335,Female,60.0,Nakuru,Eldoret,2025-01-04,P472,Keyboard,,BrandC,24.84,9.0,20.0,35.77,223.56,199.04,24.52,,EMP18,, no ,No,265.0,,,Not Returned,Changed Mind,South,,,2025,Bad,5.0
T101573,C134,FEMALE,-5.0,Nakuru,Nairobi,2026-01-24,P199,Shoes,clothing,BrandC,,,110.0,0.0,,,,,EMP22,Returning,YES,,341.0,Delivery,3.0,Not Returned,Damaged,West,,,2025,Average,
T101574,C352, male ,45.0,Nairobi,Nairobi,2026-03-06,P423,Jacket,Clothing,BrandC,,-2.0,15.0,0.0,,,,Cash,EMP20,New,No,No,-10.0,Pickup,,Not Returned,Wrong Item, north ,,,2025,Average,
T101575,C360,Male,25.0,Nairobi,Nakuru,2025-13-40,P146,Sugar, Groceries,BrandB,,,110.0,0.0,,,,Card,EMP17,,No,Yes,,,4.0,,Changed Mind,South,,,2025,Good,
T101576,C111,,,Eldoret,Eldoret,2025-01-05,P627,Keyboard, Electronics,BrandA,-10.0,-2.0,10.0,0.0,20.0,10.04,9.96,Mobile,EMP27,,No,,-10.0,Pickup,2.0,,Wrong Item,South,,,2025,Bad,
T101577,C133,,25.0,Kisumu,Nairobi,2025-05-21,P328,Keyboard, Electronics,BrandA,312.74,5.0,,250.19,1563.7,1174.8,388.9,Card,EMP8,New,Yes,,385.0,Delivery,4.0,Returned,Changed Mind,Central,,,2025,Bad,5.0
T101578,C219,,45.0,Mombasa,Mombasa,2025-10-02,P732,Cooker,Home,BrandB,228.44,6.0,20.0,219.3,1370.6399999999999,813.23,557.41,Cash,EMP22,Returning,Yes,No,43.0,Delivery,2.0,,Wrong Item,Central,,,2025,Average,5.0
T101579,C453,Male,18.0,Nairobi,Nairobi,2025-04-13,P285,Jacket,,BrandB,208.78,,20.0,0.0,,,,Card,EMP21,Returning,No,Yes,,Delivery,5.0,Returned,Damaged,West,,,2025,Bad,1.0
T101580,C234,Female,-5.0,Mombasa,Nakuru,2026-04-03,P994,Chair,,BrandC,,,110.0,0.0,,,,Mobile,EMP6,New,YES,No,,Delivery,3.0,Returned,Wrong Item,South,,,2025,Good,3.0
T101581,C206,FEMALE,-5.0,Kisumu,Nakuru,2025-08-26,P684,Jeans,Clothing,BrandC,,,15.0,0.0,,,,Cash,EMP24,Returning,No,,,Pickup,1.0,Returned,Wrong Item, north ,,,2025,Good,5.0
T101582,C388,Female,18.0,Nairobi,Kisumu,2025-13-40,P608,Monitor, Electronics,BrandA,92.17,5.0,5.0,73.74,460.85,372.73,88.12,Card,EMP22,Returning,Yes,,326.0,,4.0,,Damaged, north ,,,2025,,
T101583,C407,Male,18.0,Nakuru,Kisumu,2025-11-25,P670,Lamp, Home,BrandC,,10.0,5.0,0.0,,,,cash ,EMP30,New,No,No,33.0,Delivery,3.0,Returned,Damaged,West,,,2025,Average,1.0
T101584,C356,Female,,Nairobi,Nakuru,2025-10-10,P548,Monitor, Electronics,BrandA,60.14,-2.0,0.0,0.0,-120.28,-77.69,-42.59,Mobile,EMP14,New, no ,,-10.0,Pickup,1.0,Not Returned,Wrong Item,East,,,2025,Good,4.0
T101585,C209, male ,45.0,Eldoret,Nakuru,2025-03-30,P519,Mouse,,BrandC,,,,0.0,,,,,EMP19,Returning,YES,,-10.0,,,Not Returned,, north ,,,2025,Bad,5.0
T101586,C242,FEMALE,25.0,Nairobi,Mombasa,2026-06-24,P765,Cooker,Home,BrandB,,,20.0,0.0,,,,,EMP11,,Yes,No,-10.0,Pickup,,,Changed Mind,Central,,,2025,Average,2.0
T101587,C238,FEMALE,-5.0,Kisumu,Nakuru,2025-12-01,P491,Chair, Home,BrandA,-10.0,1.0,110.0,0.0,-10.0,-7.2,-2.8,Cash,EMP25,, no ,No,-10.0,Delivery,2.0,Returned,Wrong Item,North,,,2025,Average,5.0
T101588,C88,Female,-5.0,Mombasa,Mombasa,2026-02-17,P668,Laptop,electronics,BrandC,-10.0,-2.0,110.0,0.0,20.0,10.56,9.44,Mobile,EMP1,New,Yes,Yes,474.0,,2.0,,Wrong Item, north ,,,2025,Bad,2.0
T101589,C404,,,Nairobi,Eldoret,2025-07-09,P313,Shirt, Clothing,BrandA,,10.0,10.0,0.0,,,,,EMP9,Returning,Yes,,,,3.0,Not Returned,Damaged,East,,,2025,,
T101590,C243,Male,60.0,Eldoret,Eldoret,2025-12-26,P602,Shirt, Clothing,BrandC,148.7,,5.0,0.0,,,,cash ,EMP24,,No,Yes,-10.0,,1.0,Returned,Damaged,South,,,2025,Average,3.0
T101591,C109, male ,25.0,Mombasa,Mombasa,2026-03-11,P158,Mouse, Electronics,BrandC,161.46,-2.0,,0.0,-322.92,-246.4,-76.52,Cash,EMP8,,Yes,Yes,,Pickup,3.0,Returned,,East,,,2025,Good,
T101592,C453,Male,45.0,Mombasa,Eldoret,2025-05-19,P417,Shoes, Clothing,BrandB,,-2.0,20.0,0.0,,,,Cash,EMP22,Returning,No,Yes,97.0,,1.0,Not Returned,Changed Mind,East,,,2025,Good,
T101593,C53,Male,45.0,Mombasa,Nakuru,2025-04-03,P718,Mouse,Electronics,BrandA,-10.0,,0.0,0.0,,,,Mobile,EMP5,, no ,No,266.0,Delivery,,Not Returned,Damaged,South,,,2025,,2.0
T101594,C323,Male,,Nakuru,Nakuru,2025-01-16,P604,Chair, Home,BrandA,187.41,10.0,0.0,299.86,1874.1,1161.6,712.5,cash ,EMP16,Returning, no ,,398.0,Pickup,,Returned,Wrong Item,Central,,,2025,,2.0
T101595,C230, male ,18.0,Kisumu,Eldoret,2025-06-27,P132,Bread, Groceries,BrandB,-10.0,,,0.0,,,,cash ,EMP28,, no ,No,,Delivery,1.0,Returned,, north ,,,2025,Average,4.0
T101596,C410,,25.0,Eldoret,Nairobi,2025-06-04,P242,Sugar, Groceries,BrandC,220.15,10.0,110.0,352.24,2201.5,1609.58,591.92,cash ,EMP17,,Yes,Yes,,Pickup,3.0,Returned,Damaged,West,,,2025,,1.0
T101597,C214,,-5.0,Nairobi,Kisumu,2025-01-12,P967,Shirt,Clothing,BrandC,327.54,,5.0,0.0,,,,Card,EMP18,Returning, no ,Yes,,Pickup,3.0,Returned,Damaged,North,,,2025,Good,2.0
T101598,C76,,25.0,Nairobi,Kisumu,2026-04-15,P381,Laptop, Electronics,BrandB,,-2.0,15.0,0.0,,,,Cash,EMP19,,No,Yes,412.0,Delivery,5.0,,Wrong Item,West,,,2025,Bad,1.0
T101599,C213,FEMALE,25.0,Nairobi,Mombasa,2025-07-21,P794,Jacket,Clothing,BrandA,189.93,,15.0,0.0,,,,cash ,EMP26,New, no ,,,Pickup,4.0,Returned,Wrong Item,East,,,2025,,2.0
T101600,C11,,-5.0,Kisumu,Mombasa,2025-01-07,P653,Rice,,BrandA,,6.0,10.0,0.0,,,,Card,EMP22,Returning,Yes,Yes,288.0,Pickup,3.0,Not Returned,Changed Mind,Central,,,2025,Good,5.0
T101601,C219,Female,-5.0,Nairobi,Kisumu,2026-03-28,P605,Sugar,Groceries,BrandC,-10.0,2.0,15.0,0.0,-20.0,-12.32,-7.68,Card,EMP17,Returning,No,No,,Delivery,,,Changed Mind,East,,,2025,Bad,5.0
T101602,C125,FEMALE,25.0,Nairobi,Nakuru,2025-02-22,P985,Monitor,,BrandC,,,0.0,0.0,,,,Mobile,EMP23,,No,No,-10.0,Pickup,5.0,Not Returned,Damaged, north ,,,2025,Good,
T101603,C182,Male,25.0,Eldoret,Eldoret,2026-04-23,P877,Mouse,,BrandB,-10.0,1.0,20.0,0.0,-10.0,-6.59,-3.41,cash ,EMP26,New,YES,No,-10.0,Pickup,4.0,,Changed Mind, north ,,,2025,,1.0
T101604,C472,Male,25.0,Nairobi,Mombasa,2025-06-22,P944,Cooker,,BrandA,,,15.0,0.0,,,,Card,EMP19,Returning,Yes,Yes,-10.0,Delivery,5.0,Not Returned,Wrong Item, north ,,,2025,Average,4.0
T101605,C442,Female,34.0,Nakuru,Mombasa,2026-01-15,P665,Keyboard,electronics,BrandA,-10.0,3.0,10.0,0.0,-30.0,-18.82,-11.18,,EMP14,,No,Yes,,Pickup,4.0,,Changed Mind,West,,,2025,Average,2.0
T101606,C500,FEMALE,60.0,Nairobi,Nakuru,2026-05-18,P941,Rice, Groceries,BrandA,-10.0,,,0.0,,,,Card,EMP27,Returning,Yes,Yes,376.0,Pickup,,Returned,Wrong Item,North,,,2025,Average,
T101607,C256,Male,45.0,Mombasa,Mombasa,2025-07-02,P267,Mouse,Electronics,BrandC,298.08,,0.0,0.0,,,,,EMP5,New,No,No,167.0,,4.0,Not Returned,Damaged,North,,,2025,Good,
T101608,C425,Female,45.0,Mombasa,Mombasa,2025-10-18,P685,Rice,groceries,BrandA,239.29,-2.0,5.0,0.0,-478.58,-359.53,-119.05,cash ,EMP10,Returning, no ,Yes,,Delivery,,,Damaged,West,,,2025,Bad,5.0
T101609,C314,Male,45.0,Kisumu,Nairobi,2025-12-27,P806,Jacket,Clothing,BrandA,,,20.0,0.0,,,,,EMP4,New,YES,,-10.0,Pickup,4.0,Returned,Damaged,West,,,2025,Good,
T101610,C70,,18.0,Mombasa,Eldoret,2026-04-16,P213,Lamp, Home,BrandC,-10.0,-2.0,20.0,0.0,20.0,16.28,3.72,Cash,EMP23,Returning,No,No,128.0,,2.0,Not Returned,Damaged,Central,,,2025,,4.0
T101611,C297,FEMALE,-5.0,Nakuru,Nairobi,2025-02-25,P947,Milk,groceries,BrandB,,,10.0,0.0,,,,Cash,EMP3,New,No,Yes,-10.0,Pickup,2.0,Not Returned,,East,,,2025,,4.0
T101612,C447,FEMALE,150.0,Eldoret,Eldoret,2026-05-16,P648,Bread,,BrandC,-10.0,-2.0,110.0,0.0,20.0,17.83,2.17,Mobile,EMP23,New,YES,,,,3.0,Not Returned,Wrong Item,South,,,2025,Average,4.0
T101613,C305,Male,150.0,Eldoret,Eldoret,2025-11-04,P274,Laptop, Electronics,BrandA,85.18,4.0,20.0,54.52,340.72,286.09,54.63,cash ,EMP11,New,No,,,Pickup,5.0,Returned,Changed Mind,South,,,2025,Average,4.0
T101614,C254,Male,,Mombasa,Kisumu,2025-03-29,P677,Sugar,,BrandA,444.82,-2.0,15.0,0.0,-889.64,-722.66,-166.98,Cash,EMP16,Returning,Yes,Yes,,Delivery,2.0,Returned,Changed Mind,West,,,2025,Bad,3.0
T101615,C292, male ,34.0,Eldoret,Mombasa,2026-02-15,P841,Jeans, Clothing,BrandA,410.56,-2.0,20.0,0.0,-821.12,-707.97,-113.15,,EMP19,Returning,YES,Yes,-10.0,,4.0,Not Returned,Damaged,South,,,2025,Average,4.0
T101616,C62,Female,34.0,Nairobi,Nakuru,2025-03-25,P443,Mouse, Electronics,BrandB,263.71,1.0,110.0,42.19,263.71,158.76,104.95,Card,EMP24,,No,Yes,-10.0,Delivery,3.0,Not Returned,Wrong Item,West,,,2025,Good,
T101617,C253,Male,,Kisumu,Eldoret,2026-02-25,P432,Mouse, Electronics,BrandB,-10.0,,,0.0,,,,Cash,EMP23,,YES,,-10.0,Pickup,5.0,Not Returned,Damaged,North,,,2025,Average,2.0
T101618,C320,Male,18.0,Nairobi,Mombasa,2025-05-09,P639,Keyboard,electronics,BrandA,,,110.0,0.0,,,,Mobile,EMP14,Returning, no ,Yes,-10.0,Pickup,1.0,Not Returned,Changed Mind, north ,,,2025,Bad,1.0
T101619,C326,Male,150.0,Mombasa,Mombasa,2026-02-03,P291,Mouse,,BrandB,,,20.0,0.0,,,,cash ,EMP29,New, no ,Yes,,Pickup,2.0,,,Central,,,2025,Good,4.0
T101620,C357,Male,150.0,Nairobi,Kisumu,2025-01-16,P222,Monitor,electronics,BrandA,293.33,,20.0,0.0,,,,cash ,EMP15,Returning, no ,,,Pickup,4.0,,Damaged,West,,,2025,,5.0
T101621,C428,Male,34.0,Eldoret,Mombasa,2025-01-07,P870,Monitor,,BrandA,244.19,-2.0,,0.0,-488.38,-309.47,-178.91,,EMP28,, no ,Yes,,,4.0,,, north ,,,2025,Average,1.0
T101622,C204, male ,,Kisumu,Eldoret,2026-01-22,P855,Milk,Groceries,BrandA,-10.0,9.0,20.0,0.0,-90.0,-47.6,-42.4,cash ,EMP14,Returning,YES,No,124.0,Delivery,5.0,Returned,Changed Mind,North,,,2025,,2.0
T101623,C43,Male,60.0,Nakuru,Eldoret,2025-13-40,P889,Jacket,clothing,BrandC,-10.0,7.0,,0.0,-70.0,-45.76,-24.24,Mobile,EMP20,, no ,No,-10.0,Pickup,4.0,Not Returned,Wrong Item,West,,,2025,Average,2.0
T101624,C300,Male,60.0,Kisumu,Kisumu,2025-07-26,P980,Lamp, Home,BrandA,-10.0,-2.0,,0.0,20.0,13.17,6.83,cash ,EMP12,New,Yes,Yes,-10.0,,,,Changed Mind,West,,,2025,,3.0
T101625,C287,Male,150.0,Nairobi,Nairobi,2025-11-06,P583,Jacket,Clothing,BrandB,,1.0,5.0,0.0,,,,Mobile,EMP22,Returning,YES,No,-10.0,Pickup,5.0,,,South,,,2025,,1.0
T101626,C281,Female,150.0,Eldoret,Kisumu,2026-04-17,P228,Mouse,electronics,BrandC,298.49,,15.0,0.0,,,,cash ,EMP17,New,No,,-10.0,,4.0,Returned,Damaged, north ,,,2025,Good,1.0
T101627,C195,FEMALE,150.0,Eldoret,Nairobi,2025-12-17,P399,Cooker,home,BrandB,,5.0,0.0,0.0,,,,,EMP21,, no ,No,,Pickup,,Not Returned,Damaged,Central,,,2025,Good,3.0
T101628,C201,FEMALE,-5.0,Mombasa,Nakuru,2025-04-02,P791,Shirt,,BrandC,,-2.0,20.0,0.0,,,,,EMP11,Returning,No,No,-10.0,Delivery,5.0,Returned,Wrong Item,West,,,2025,Good,1.0
T101629,C228, male ,-5.0,Kisumu,Kisumu,2025-10-17,P581,Bread,Groceries,BrandA,472.91,-2.0,110.0,0.0,-945.82,-741.76,-204.06,Card,EMP9,New,Yes,Yes,-10.0,Pickup,2.0,Returned,Changed Mind, north ,,,2025,Good,5.0
T101630,C384, male ,,Nakuru,Nakuru,2025-10-22,P389,Jacket,,BrandA,,,0.0,0.0,,,,cash ,EMP12,, no ,Yes,64.0,Delivery,1.0,Returned,Damaged,North,,,2025,,2.0
T101631,C7,Male,60.0,Mombasa,Nairobi,2025-08-10,P593,Shoes,clothing,BrandB,,-2.0,110.0,0.0,,,,,EMP17,New,No,No,154.0,,,Returned,Wrong Item,South,,,2025,,4.0
T101632,C275,Male,34.0,Nakuru,Nakuru,2026-04-04,P162,Milk, Groceries,BrandC,,1.0,110.0,0.0,,,,Cash,EMP9,New, no ,No,,,2.0,Returned,,South,,,2025,,5.0
T101633,C219,Female,25.0,Eldoret,Nakuru,2025-11-06,P819,Mouse,,BrandA,,5.0,10.0,0.0,,,,Cash,EMP28,New, no ,No,88.0,Delivery,1.0,,, north ,,,2025,Average,5.0
T101634,C478,FEMALE,34.0,Mombasa,Nairobi,2026-03-01,P768,Rice,Groceries,BrandC,24.88,6.0,5.0,23.88,149.28,98.95,50.33,Cash,EMP7,,YES,Yes,,,4.0,Not Returned,Changed Mind, north ,,,2025,Average,
T101635,C299,FEMALE,-5.0,Mombasa,Nairobi,2025-10-16,P168,Sugar,,BrandC,121.86,5.0,0.0,97.49,609.3,473.36,135.94,Mobile,EMP22,Returning,No,Yes,267.0,Pickup,4.0,Returned,Damaged,East,,,2025,Average,1.0
T101636,C401,,45.0,Kisumu,Mombasa,2025-07-20,P469,Milk, Groceries,BrandA,44.58,-2.0,0.0,0.0,-89.16,-54.47,-34.69,Mobile,EMP2,,No,No,324.0,Delivery,3.0,Returned,Damaged,Central,,,2025,Bad,3.0
T101637,C491,Female,18.0,Eldoret,Mombasa,2025-11-22,P155,Monitor, Electronics,BrandC,-10.0,-2.0,10.0,0.0,20.0,14.22,5.78,cash ,EMP2,New,Yes,Yes,-10.0,,1.0,Not Returned,Changed Mind,East,,,2025,Good,
T101638,C166,,25.0,Kisumu,Nairobi,2025-12-23,P567,Monitor,electronics,BrandB,387.49,,0.0,0.0,,,,cash ,EMP13,,Yes,No,-10.0,Delivery,4.0,Not Returned,Wrong Item,East,,,2025,Good,4.0
T101639,C199,Female,45.0,Kisumu,Nairobi,2025-06-08,P577,Jacket, Clothing,BrandC,357.09,,110.0,0.0,,,,Mobile,EMP14,New,No,,,Delivery,4.0,,,North,,,2025,Bad,1.0
T101640,C226,FEMALE,,Eldoret,Mombasa,2025-02-04,P108,Table,,BrandB,44.1,,10.0,0.0,,,,Mobile,EMP2,New,YES,,,Delivery,,Returned,Changed Mind,West,,,2025,,5.0
T101641,C309,,45.0,Nakuru,Nakuru,2025-08-28,P703,Jeans,,BrandB,-10.0,,110.0,0.0,,,,Cash,EMP4,Returning,Yes,Yes,,Delivery,4.0,Returned,,North,,,2025,,3.0
T101642,C409,Male,60.0,Eldoret,Eldoret,2025-07-26,P429,Cooker,home,BrandB,,,15.0,0.0,,,,Cash,EMP29,,Yes,Yes,183.0,Delivery,2.0,,Damaged,East,,,2025,Average,1.0
T101643,C74,Female,25.0,Kisumu,Nakuru,2026-01-01,P961,Mouse, Electronics,BrandA,,,15.0,0.0,,,,cash ,EMP28,, no ,,248.0,Pickup,5.0,Not Returned,Damaged,West,,,2025,Bad,
T101644,C426,,34.0,Nakuru,Mombasa,2026-01-18,P312,Chair,home,BrandC,301.8,-2.0,15.0,0.0,-603.6,-473.69,-129.91,Card,EMP27,Returning,No,No,-10.0,,5.0,Returned,Wrong Item,North,,,2025,,3.0
T101645,C260,Male,18.0,Mombasa,Nairobi,2026-03-30,P353,Shoes,Clothing,BrandB,-10.0,-2.0,5.0,0.0,20.0,14.14,5.86,cash ,EMP13,New,No,,-10.0,Pickup,1.0,,Wrong Item,North,,,2025,Bad,3.0
T101646,C146,Female,150.0,Nakuru,Eldoret,2025-03-08,P410,Cooker, Home,BrandA,-10.0,,0.0,0.0,,,,cash ,EMP1,,YES,,150.0,,3.0,Not Returned,Damaged,North,,,2025,Good,
T101647,C194,Female,150.0,Kisumu,Nakuru,2026-01-23,P585,Cooker,Home,BrandA,,,20.0,0.0,,,,cash ,EMP5,New,No,No,-10.0,Delivery,5.0,,,North,,,2025,,5.0
T101648,C278,FEMALE,45.0,Nakuru,Eldoret,2026-04-08,P295,Shirt,,BrandC,-10.0,-2.0,,0.0,20.0,12.68,7.32,Cash,EMP13,Returning, no ,Yes,252.0,Pickup,2.0,,Damaged,East,,,2025,Average,2.0
T101649,C99, male ,45.0,Mombasa,Nakuru,2025-10-23,P343,Laptop,electronics,BrandC,,-2.0,0.0,0.0,,,,Card,EMP30,Returning,Yes,Yes,320.0,,1.0,,Changed Mind,Central,,,2025,Average,
T101650,C102,FEMALE,18.0,Mombasa,Eldoret,2025-01-12,P597,Milk,,BrandC,6.06,-2.0,0.0,0.0,-12.12,-8.79,-3.33,cash ,EMP19,Returning,Yes,Yes,-10.0,,5.0,,, north ,,,2025,Good,2.0
T101651,C164,FEMALE,25.0,Mombasa,Kisumu,2026-02-07,P448,Sugar, Groceries,BrandB,8.3,-2.0,20.0,0.0,-16.6,-10.98,-5.62,,EMP12,, no ,No,120.0,Pickup,,,Changed Mind,South,,,2025,Bad,1.0
T101652,C475,Male,18.0,Kisumu,Eldoret,2025-08-07,P455,Mouse, Electronics,BrandC,-10.0,7.0,15.0,0.0,-70.0,-54.7,-15.3,,EMP25,New,Yes,Yes,433.0,Delivery,3.0,,,North,,,2025,Bad,4.0
T101653,C417,,60.0,Eldoret,Kisumu,2025-04-15,P512,Jeans,clothing,BrandB,,,10.0,0.0,,,,Cash,EMP20,,No,,,Delivery,5.0,Returned,Wrong Item,East,,,2025,Good,3.0
T101654,C356,FEMALE,150.0,Kisumu,Mombasa,2025-11-22,P949,Bread,,BrandC,-10.0,-2.0,5.0,0.0,20.0,17.77,2.23,Mobile,EMP23,,Yes,No,-10.0,Delivery,5.0,,,East,,,2025,Good,4.0
T101655,C378,,45.0,Nairobi,Mombasa,2025-12-19,P728,Monitor,electronics,BrandC,,-2.0,110.0,0.0,,,,Cash,EMP29,New,YES,,253.0,,3.0,,Wrong Item,East,,,2025,Bad,4.0
T101656,C64,Male,150.0,Kisumu,Eldoret,2025-01-24,P846,Mouse,electronics,BrandC,246.17,6.0,10.0,236.32,1477.02,1070.55,406.47,,EMP24,New,YES,No,290.0,,4.0,,Wrong Item,South,,,2025,Bad,1.0
T101657,C129,FEMALE,18.0,Eldoret,Nairobi,2026-05-20,P983,Keyboard,,BrandC,-10.0,,,0.0,,,,Card,EMP5,Returning, no ,Yes,223.0,,2.0,Returned,Wrong Item,West,,,2025,Average,3.0
T101658,C17,Male,,Nakuru,Mombasa,2026-04-24,P582,Lamp, Home,BrandA,145.77,-2.0,10.0,0.0,-291.54,-184.98,-106.56,,EMP19,Returning,YES,No,415.0,Pickup,1.0,Returned,Wrong Item,South,,,2025,Good,2.0
T101659,C373,Male,60.0,Mombasa,Kisumu,2025-03-27,P961,Lamp,Home,BrandC,,-2.0,20.0,0.0,,,,Cash,EMP23,Returning,Yes,,-10.0,Delivery,3.0,Returned,Wrong Item,Central,,,2025,Average,1.0
T101660,C418,Female,34.0,Nakuru,Nakuru,2025-11-18,P163,Monitor,,BrandA,,,0.0,0.0,,,,Cash,EMP26,Returning, no ,,,,4.0,Not Returned,Changed Mind, north ,,,2025,Average,1.0
T101661,C39,,-5.0,Eldoret,Nairobi,2026-03-21,P345,Jeans,,BrandA,-10.0,,0.0,0.0,,,,Mobile,EMP12,New,Yes,,-10.0,Delivery,3.0,,Wrong Item,South,,,2025,Average,3.0
T101662,C199,FEMALE,34.0,Nakuru,Nakuru,2025-01-20,P566,Shoes,clothing,BrandA,-10.0,,0.0,0.0,,,,Card,EMP24,New,YES,,,Delivery,3.0,,, north ,,,2025,Bad,1.0
T101663,C131,Female,150.0,Kisumu,Kisumu,2026-02-24,P401,Keyboard,Electronics,BrandB,,-2.0,15.0,0.0,,,,Card,EMP3,, no ,,,Pickup,4.0,,,South,,,2025,Bad,5.0
T101664,C455,Male,34.0,Eldoret,Eldoret,2026-03-05,P842,Jeans,,BrandA,-10.0,1.0,20.0,0.0,-10.0,-5.12,-4.88,cash ,EMP26,New, no ,,,Delivery,,Returned,Damaged,East,,,2025,Good,3.0
T101665,C161,,25.0,Nakuru,Mombasa,2025-06-10,P477,Mouse,Electronics,BrandB,,-2.0,10.0,0.0,,,,,EMP16,New,Yes,,142.0,Pickup,5.0,,Damaged,East,,,2025,,1.0
T101666,C270,FEMALE,25.0,Nakuru,Mombasa,2026-02-18,P314,Bread, Groceries,BrandC,-10.0,9.0,10.0,0.0,-90.0,-61.51,-28.49,cash ,EMP24,, no ,Yes,-10.0,Pickup,1.0,,Damaged,East,,,2025,Average,
T101667,C57,Female,25.0,Mombasa,Eldoret,2025-07-05,P847,Milk,groceries,BrandA,-10.0,6.0,10.0,0.0,-60.0,-47.09,-12.91,Cash,EMP16,New,No,Yes,,Delivery,5.0,Returned,Wrong Item,East,,,2025,,4.0
T101668,C207,Female,45.0,Nakuru,Mombasa,2025-09-30,P344,Chair, Home,BrandB,155.61,-2.0,,0.0,-311.22,-267.93,-43.29,Mobile,EMP28,Returning, no ,Yes,,,4.0,Not Returned,Changed Mind,Central,,,2025,,1.0
T101669,C312,FEMALE,-5.0,Mombasa,Nakuru,2026-02-03,P648,Jeans, Clothing,BrandB,,8.0,110.0,0.0,,,,Mobile,EMP16,Returning,Yes,No,-10.0,Delivery,3.0,Not Returned,Wrong Item,West,,,2025,Bad,3.0
T101670,C213,Female,45.0,Nakuru,Nakuru,2026-02-17,P270,Milk,groceries,BrandB,,9.0,10.0,0.0,,,,cash ,EMP6,,No,No,,Delivery,1.0,Not Returned,Damaged,West,,,2025,,2.0
T101671,C56,Female,18.0,Nakuru,Kisumu,2025-10-10,P287,Chair,Home,BrandC,,8.0,0.0,0.0,,,,cash ,EMP7,,No,Yes,,,5.0,Not Returned,,West,,,2025,Good,1.0
T101672,C237,Male,34.0,Nakuru,Nairobi,2026-02-11,P360,Shoes,,BrandC,-10.0,-2.0,20.0,0.0,20.0,16.82,3.18,cash ,EMP1,Returning,YES,No,446.0,Pickup,,Returned,Damaged,South,,,2025,Average,2.0
T101673,C244,,45.0,Eldoret,Mombasa,2025-01-10,P839,Shoes,clothing,BrandA,-10.0,-2.0,110.0,0.0,20.0,17.74,2.26,cash ,EMP5,, no ,,323.0,Delivery,2.0,,Changed Mind,East,,,2025,,5.0
T101674,C402,Female,150.0,Nakuru,Eldoret,2026-04-01,P529,Cooker, Home,BrandA,-10.0,-2.0,110.0,0.0,20.0,14.7,5.3,Card,EMP14,Returning,YES,,,,4.0,Returned,Wrong Item,Central,,,2025,Bad,3.0
T101675,C386,FEMALE,25.0,Eldoret,Nakuru,2025-06-20,P653,Cooker,,BrandB,,-2.0,110.0,0.0,,,,Mobile,EMP21,Returning,Yes,Yes,387.0,Delivery,,Not Returned,Changed Mind,Central,,,2025,Average,
T101676,C184,Male,45.0,Mombasa,Eldoret,2025-09-06,P462,Milk,groceries,BrandC,,4.0,,0.0,,,,Mobile,EMP26,New,Yes,,494.0,,3.0,,Changed Mind,Central,,,2025,,2.0
T101677,C72,Female,18.0,Eldoret,Nairobi,2025-12-18,P426,Bread,Groceries,BrandB,-10.0,5.0,0.0,0.0,-50.0,-35.85,-14.15,,EMP27,Returning,YES,Yes,,Pickup,,Returned,Changed Mind,West,,,2025,Bad,2.0
T101678,C442,,,Mombasa,Eldoret,2025-09-12,P540,Rice,Groceries,BrandB,481.53,-2.0,15.0,0.0,-963.06,-593.3,-369.76,,EMP29,New, no ,No,-10.0,Delivery,,Returned,Changed Mind,North,,,2025,Bad,2.0
T101679,C441,,18.0,Eldoret,Eldoret,2025-07-21,P428,Keyboard, Electronics,BrandA,408.37,,5.0,0.0,,,,Card,EMP1,,No,,-10.0,Delivery,5.0,Returned,Changed Mind, north ,,,2025,Good,3.0
T101680,C370,FEMALE,34.0,Kisumu,Kisumu,2025-09-30,P301,Shoes,,BrandC,,-2.0,,0.0,,,,Cash,EMP25,Returning,Yes,,-10.0,Delivery,5.0,Returned,, north ,,,2025,Average,5.0
T101681,C197,,-5.0,Nakuru,Nakuru,2025-11-10,P219,Shoes,Clothing,BrandA,246.96,,10.0,0.0,,,,Cash,EMP12,New,YES,Yes,43.0,,5.0,Returned,,East,,,2025,Average,2.0
T101682,C323, male ,150.0,Eldoret,Nakuru,2026-01-31,P877,Cooker, Home,BrandA,348.83,,5.0,0.0,,,,Card,EMP19,Returning, no ,Yes,-10.0,Pickup,,Not Returned,Changed Mind,South,,,2025,,
T101683,C213,Female,25.0,Mombasa,Nairobi,2025-03-16,P490,Jacket, Clothing,BrandC,444.86,,5.0,0.0,,,,Card,EMP24,,YES,No,56.0,,1.0,,,East,,,2025,Good,
T101684,C333,Female,45.0,Mombasa,Mombasa,2025-10-07,P423,Mouse,,BrandC,-10.0,,5.0,0.0,,,,Mobile,EMP1,, no ,Yes,,,3.0,,Changed Mind,West,,,2025,Bad,
T101685,C353,,60.0,Nairobi,Kisumu,2025-07-04,P816,Rice, Groceries,BrandA,-10.0,2.0,10.0,0.0,-20.0,-14.35,-5.65,Card,EMP29,, no ,Yes,259.0,Pickup,,Returned,, north ,,,2025,Bad,3.0
T101686,C129,Female,-5.0,Kisumu,Kisumu,2025-03-26,P927,Monitor,electronics,BrandC,,5.0,15.0,0.0,,,,Mobile,EMP6,Returning,YES,Yes,-10.0,Delivery,5.0,Not Returned,,West,,,2025,,
T101687,C355,Male,18.0,Kisumu,Nairobi,2026-03-06,P799,Jacket,,BrandA,-10.0,,20.0,0.0,,,,cash ,EMP7,New,No,,,Delivery,4.0,,Changed Mind,East,,,2025,Average,1.0
T101688,C355,Male,,Kisumu,Nakuru,2026-06-03,P205,Lamp,Home,BrandB,-10.0,,5.0,0.0,,,,,EMP19,New,Yes,No,-10.0,,4.0,Not Returned,Changed Mind,Central,,,2025,Bad,1.0
T101689,C131, male ,45.0,Eldoret,Nakuru,2026-06-12,P558,Cooker,Home,BrandA,-10.0,2.0,15.0,0.0,-20.0,-12.35,-7.65,,EMP3,Returning,YES,Yes,,Delivery,,Returned,,Central,,,2025,,5.0
T101690,C270,Female,60.0,Nairobi,Kisumu,2025-10-08,P926,Cooker,,BrandB,-10.0,-2.0,0.0,0.0,20.0,14.64,5.36,Mobile,EMP12,,Yes,No,,,4.0,Returned,Damaged, north ,,,2025,Bad,
T101691,C443,Male,25.0,Nairobi,Mombasa,2025-04-23,P399,Mouse,,BrandB,,,20.0,0.0,,,,,EMP8,Returning,No,No,254.0,Pickup,1.0,Not Returned,, north ,,,2025,,5.0
T101692,C219,FEMALE,25.0,Mombasa,Kisumu,2025-02-19,P370,Jeans,,BrandB,350.56,,,0.0,,,,Mobile,EMP25,,No,Yes,-10.0,,3.0,Returned,Damaged,South,,,2025,Average,5.0
T101693,C160, male ,34.0,Kisumu,Nairobi,2026-01-18,P493,Mouse,,BrandC,249.51,,5.0,0.0,,,,Mobile,EMP13,New,Yes,Yes,348.0,Delivery,2.0,,Wrong Item,East,,,2025,Good,4.0
T101694,C218,Female,25.0,Eldoret,Nakuru,2025-10-30,P251,Jacket,,BrandC,-10.0,-2.0,0.0,0.0,20.0,17.83,2.17,cash ,EMP11,Returning,YES,No,186.0,Delivery,2.0,Not Returned,,North,,,2025,Bad,2.0
T101695,C474,Male,25.0,Mombasa,Kisumu,2025-05-22,P104,Shirt,clothing,BrandB,,7.0,10.0,0.0,,,,,EMP18,,No,No,-10.0,Pickup,,Not Returned,Changed Mind,West,,,2025,Good,3.0
T101696,C124,Female,60.0,Eldoret,Nairobi,2025-12-11,P664,Milk,Groceries,BrandA,97.18,-2.0,10.0,0.0,-194.36,-118.92,-75.44,Cash,EMP17,New,Yes,,27.0,Pickup,4.0,Returned,Wrong Item,West,,,2025,Bad,1.0
T101697,C268,FEMALE,25.0,Nairobi,Nairobi,2026-01-10,P641,Milk,,BrandC,192.16,-2.0,10.0,0.0,-384.32,-214.01,-170.31,Cash,EMP12,,No,Yes,,,5.0,Returned,Changed Mind, north ,,,2025,Good,1.0
T101698,C267,FEMALE,34.0,Nakuru,Nakuru,2025-08-25,P642,Keyboard,,BrandC,320.58,4.0,10.0,205.17,1282.32,981.5,300.82,Cash,EMP7,Returning,No,,-10.0,,1.0,Returned,Damaged,South,,,2025,Bad,
T101699,C384, male ,-5.0,Kisumu,Eldoret,2026-05-17,P291,Sugar,groceries,BrandB,-10.0,1.0,110.0,0.0,-10.0,-7.47,-2.53,cash ,EMP4,New,No,Yes,-10.0,,,Returned,Wrong Item,East,,,2025,Bad,4.0
T101700,C95,Female,-5.0,Mombasa,Kisumu,2026-04-24,P566,Chair,,BrandA,-10.0,,20.0,0.0,,,,,EMP1,,YES,,-10.0,Delivery,4.0,,Changed Mind,North,,,2025,,
T101701,C162,,45.0,Eldoret,Kisumu,2025-05-15,P887,Chair, Home,BrandC,,-2.0,15.0,0.0,,,,Cash,EMP2,New,No,,,Delivery,3.0,Returned,,East,,,2025,Average,3.0
T101702,C467, male ,25.0,Kisumu,Kisumu,2025-12-18,P282,Milk,groceries,BrandB,,4.0,10.0,0.0,,,,Mobile,EMP25,Returning,Yes,Yes,,,,Not Returned,,West,,,2025,Good,2.0
T101703,C381, male ,18.0,Mombasa,Eldoret,2026-04-19,P503,Laptop,electronics,BrandB,268.76,-2.0,0.0,0.0,-537.52,-472.6,-64.92,Mobile,EMP1,New, no ,,43.0,Delivery,4.0,Not Returned,,Central,,,2025,Bad,5.0
T101704,C73,FEMALE,25.0,Kisumu,Eldoret,2026-05-14,P303,Shirt,clothing,BrandC,,,15.0,0.0,,,,,EMP10,New, no ,Yes,-10.0,Delivery,2.0,Not Returned,,Central,,,2025,Bad,
T101705,C315,,34.0,Mombasa,Nairobi,2025-10-08,P801,Laptop, Electronics,BrandA,-10.0,-2.0,5.0,0.0,20.0,12.78,7.22,,EMP9,New, no ,,,Pickup,2.0,,Changed Mind,North,,,2025,Bad,
T101706,C361,FEMALE,45.0,Eldoret,Nairobi,2025-01-26,P556,Mouse,electronics,BrandB,-10.0,-2.0,,0.0,20.0,13.01,6.99,Card,EMP22,New,No,Yes,302.0,Delivery,1.0,Returned,Changed Mind,South,,,2025,Average,2.0
T101707,C277,Male,-5.0,Eldoret,Eldoret,2025-04-17,P886,Monitor,electronics,BrandB,,6.0,10.0,0.0,,,,cash ,EMP12,New, no ,Yes,412.0,,4.0,,Changed Mind,West,,,2025,Good,2.0
T101708,C248,Male,60.0,Nakuru,Eldoret,2025-12-28,P884,Mouse, Electronics,BrandB,147.8,,15.0,0.0,,,,Mobile,EMP19,New, no ,No,-10.0,,4.0,Returned,Wrong Item, north ,,,2025,Good,5.0
T101709,C279,Male,18.0,Mombasa,Mombasa,2026-01-27,P716,Jeans, Clothing,BrandB,-10.0,,10.0,0.0,,,,Mobile,EMP6,, no ,No,,Pickup,3.0,Returned,Wrong Item,Central,,,2025,Bad,
T101710,C200, male ,150.0,Nakuru,Mombasa,2026-03-22,P495,Sugar,groceries,BrandB,,,110.0,0.0,,,,cash ,EMP7,New,Yes,No,-10.0,,3.0,Returned,Wrong Item,South,,,2025,,4.0
T101711,C492,Female,-5.0,Mombasa,Kisumu,2025-09-03,P614,Rice,groceries,BrandB,121.97,-2.0,20.0,0.0,-243.94,-122.0,-121.94,,EMP6,Returning, no ,No,493.0,Pickup,,Not Returned,Changed Mind,South,,,2025,Bad,
T101712,C249,,60.0,Nairobi,Eldoret,2025-13-40,P734,Mouse,electronics,BrandC,179.24,,15.0,0.0,,,,Cash,EMP22,New,No,Yes,,Pickup,5.0,Returned,Damaged,North,,,2025,Bad,4.0
T101713,C442,FEMALE,-5.0,Eldoret,Nakuru,2026-05-02,P594,Jeans, Clothing,BrandA,,10.0,,0.0,,,,Cash,EMP8,Returning, no ,No,,,1.0,Returned,Wrong Item,Central,,,2025,Good,5.0
T101714,C174,Female,45.0,Nairobi,Nairobi,2025-08-03,P215,Jacket,clothing,BrandC,,,15.0,0.0,,,,Cash,EMP9,New,No,No,-10.0,,,Not Returned,Damaged,Central,,,2025,Good,
T101715,C399, male ,34.0,Eldoret,Mombasa,2025-09-08,P664,Lamp,Home,BrandC,-10.0,5.0,0.0,0.0,-50.0,-33.24,-16.76,Cash,EMP19,Returning, no ,Yes,-10.0,,,,Wrong Item,Central,,,2025,Bad,3.0
T101716,C332,FEMALE,34.0,Mombasa,Nairobi,2026-03-17,P389,Lamp, Home,BrandA,329.51,5.0,15.0,263.61,1647.55,1383.0,264.55,Mobile,EMP25,Returning,Yes,Yes,,Delivery,4.0,,,South,,,2025,Good,4.0
T101717,C58,Female,18.0,Kisumu,Kisumu,2026-02-06,P896,Cooker,home,BrandC,59.92,6.0,10.0,57.52,359.52,289.13,70.39,,EMP6,,YES,No,-10.0,Pickup,5.0,Not Returned,,Central,,,2025,Average,3.0
T101718,C397,Female,60.0,Nairobi,Nairobi,2025-10-28,P373,Laptop,Electronics,BrandC,323.5,,10.0,0.0,,,,cash ,EMP11,New,Yes,,421.0,,1.0,Not Returned,Wrong Item,South,,,2025,Average,3.0
T101719,C211, male ,45.0,Nakuru,Mombasa,2025-02-20,P103,Rice, Groceries,BrandB,-10.0,,0.0,0.0,,,,Cash,EMP22,Returning,YES,Yes,30.0,Pickup,3.0,Returned,Changed Mind,North,,,2025,Good,1.0
T101720,C348,FEMALE,45.0,Kisumu,Nakuru,2025-06-07,P898,Milk,Groceries,BrandC,-10.0,,,0.0,,,,Cash,EMP17,Returning, no ,No,,,2.0,Returned,Damaged,West,,,2025,Bad,
T101721,C138,,60.0,Nakuru,Kisumu,2025-07-06,P493,Jeans,Clothing,BrandC,428.93,,,0.0,,,,Mobile,EMP15,Returning,YES,Yes,-10.0,Delivery,1.0,,Changed Mind, north ,,,2025,Bad,2.0
T101722,C172,Female,34.0,Nakuru,Kisumu,2025-03-02,P193,Milk, Groceries,BrandB,368.25,3.0,110.0,176.76,1104.75,692.45,412.3,,EMP25,,No,No,-10.0,Delivery,2.0,Not Returned,,North,,,2025,Good,1.0
T101723,C103,,45.0,Eldoret,Kisumu,2025-10-17,P837,Shoes,clothing,BrandC,-10.0,-2.0,5.0,0.0,20.0,11.38,8.62,Card,EMP30,Returning, no ,Yes,-10.0,Pickup,3.0,Returned,Wrong Item,West,,,2025,,1.0
T101724,C82, male ,18.0,Mombasa,Nakuru,2026-03-01,P802,Keyboard, Electronics,BrandB,-10.0,-2.0,10.0,0.0,20.0,12.18,7.82,Mobile,EMP2,Returning,Yes,,,Delivery,5.0,Returned,Wrong Item,South,,,2025,,5.0
T101725,C90,FEMALE,150.0,Nairobi,Kisumu,2026-04-19,P627,Table,Home,BrandA,-10.0,,10.0,0.0,,,,Card,EMP29,,No,Yes,,,3.0,Not Returned,Changed Mind,Central,,,2025,Bad,2.0
T101726,C10,Female,60.0,Nairobi,Eldoret,2025-11-05,P317,Rice, Groceries,BrandC,-10.0,,0.0,0.0,,,,,EMP13,Returning,No,Yes,,,5.0,Returned,,West,,,2025,Good,
T101727,C197,,34.0,Kisumu,Mombasa,2026-01-04,P963,Bread,groceries,BrandC,-10.0,9.0,110.0,0.0,-90.0,-73.2,-16.8,Cash,EMP27,New,Yes,Yes,93.0,,5.0,,Damaged,South,,,2025,Good,3.0
T101728,C353, male ,18.0,Eldoret,Eldoret,2025-07-08,P402,Milk,,BrandB,128.98,2.0,5.0,41.27,257.96,215.3,42.66,Card,EMP4,, no ,No,314.0,Pickup,2.0,Not Returned,Damaged,South,,,2025,,
T101729,C234, male ,-5.0,Nairobi,Mombasa,2025-08-08,P396,Jeans, Clothing,BrandC,,-2.0,10.0,0.0,,,,Mobile,EMP7,,No,,-10.0,Delivery,,,Wrong Item,West,,,2025,Good,
T101730,C390,Male,60.0,Nairobi,Mombasa,2025-12-02,P833,Rice,Groceries,BrandB,245.79,-2.0,15.0,0.0,-491.58,-352.11,-139.47,Cash,EMP30,,No,Yes,-10.0,Delivery,2.0,Returned,Wrong Item,Central,,,2025,Average,3.0
T101731,C172, male ,25.0,Nakuru,Eldoret,2025-07-02,P136,Mouse, Electronics,BrandC,,,5.0,0.0,,,,Cash,EMP12,, no ,Yes,,Pickup,2.0,Returned,Wrong Item,North,,,2025,,3.0
T101732,C64,Female,25.0,Kisumu,Mombasa,2025-10-29,P909,Sugar,Groceries,BrandB,-10.0,-2.0,0.0,0.0,20.0,13.42,6.58,cash ,EMP10,New,Yes,No,6.0,Pickup,4.0,Returned,Wrong Item,North,,,2025,Average,2.0
T101733,C148,FEMALE,,Mombasa,Mombasa,2025-05-17,P824,Sugar, Groceries,BrandA,-10.0,1.0,20.0,0.0,-10.0,-8.6,-1.4,Cash,EMP22,, no ,,,Pickup,4.0,Not Returned,Wrong Item, north ,,,2025,,1.0
T101734,C495, male ,150.0,Mombasa,Mombasa,2025-08-21,P186,Shoes,,BrandA,,,5.0,0.0,,,,Mobile,EMP13,Returning, no ,,193.0,,5.0,Not Returned,Wrong Item,Central,,,2025,,3.0
T101735,C231,Male,60.0,Nairobi,Nairobi,2025-04-12,P343,Bread,groceries,BrandA,,8.0,,0.0,,,,Mobile,EMP26,New,No,Yes,186.0,Delivery,3.0,Returned,Damaged, north ,,,2025,,3.0
T101736,C238,,18.0,Kisumu,Nairobi,2025-11-01,P184,Sugar,groceries,BrandC,89.88,-2.0,,0.0,-179.76,-133.52,-46.24,Mobile,EMP7,Returning,Yes,,252.0,Delivery,1.0,Returned,Changed Mind,Central,,,2025,Bad,1.0
T101737,C299,,45.0,Kisumu,Eldoret,2025-09-01,P955,Cooker,,BrandB,-10.0,-2.0,15.0,0.0,20.0,10.89,9.11,cash ,EMP22,New,No,Yes,,Delivery,2.0,Returned,Changed Mind, north ,,,2025,Bad,1.0
T101738,C361, male ,-5.0,Kisumu,Kisumu,2025-07-30,P181,Jeans, Clothing,BrandB,66.81,,,0.0,,,,,EMP12,New,Yes,Yes,307.0,,4.0,Returned,Wrong Item,North,,,2025,,4.0
T101739,C385,,45.0,Nakuru,Kisumu,2025-04-01,P669,Sugar,,BrandB,-10.0,7.0,5.0,0.0,-70.0,-53.89,-16.11,Mobile,EMP28,New,No,,-10.0,Pickup,4.0,Not Returned,,East,,,2025,Bad,3.0
T101740,C65,Male,45.0,Kisumu,Nakuru,2026-04-29,P772,Lamp, Home,BrandC,-10.0,2.0,5.0,0.0,-20.0,-17.91,-2.09,Card,EMP18,New, no ,Yes,-10.0,,2.0,Not Returned,,South,,,2025,Average,5.0
T101741,C219,FEMALE,150.0,Mombasa,Nairobi,2025-01-26,P132,Shirt, Clothing,BrandB,295.51,-2.0,5.0,0.0,-591.02,-454.77,-136.25,,EMP2,,Yes,Yes,-10.0,,1.0,Not Returned,Damaged,South,,,2025,,3.0
T101742,C263, male ,-5.0,Mombasa,Nakuru,2025-02-15,P358,Mouse,electronics,BrandA,234.12,10.0,,374.59,2341.2,1791.13,550.07,Card,EMP30,New,No,,-10.0,,1.0,,Wrong Item,North,,,2025,Good,2.0
T101743,C270,Male,-5.0,Nairobi,Nairobi,2026-02-19,P132,Chair,Home,BrandC,492.92,,,0.0,,,,,EMP5,,YES,,,,4.0,,Wrong Item,West,,,2025,Bad,
T101744,C99, male ,25.0,Kisumu,Nakuru,2026-03-19,P919,Shirt,Clothing,BrandC,164.45,-2.0,15.0,0.0,-328.9,-191.5,-137.4,Mobile,EMP29,New,No,,,,5.0,,Damaged,West,,,2025,Good,5.0
T101745,C429,FEMALE,45.0,Nairobi,Nakuru,2026-01-05,P238,Shirt, Clothing,BrandB,258.58,3.0,0.0,124.12,775.74,653.53,122.21,Card,EMP25,,No,Yes,484.0,Pickup,3.0,Not Returned,Damaged,East,,,2025,Average,
T101746,C52,FEMALE,25.0,Eldoret,Eldoret,2026-06-12,P440,Bread,,BrandA,-10.0,,110.0,0.0,,,,Mobile,EMP22,,Yes,No,,Delivery,2.0,,,South,,,2025,Bad,1.0
T101747,C219,Male,,Eldoret,Mombasa,2025-08-21,P472,Rice, Groceries,BrandC,39.08,-2.0,0.0,0.0,-78.16,-40.69,-37.47,,EMP30,New,YES,No,-10.0,Pickup,5.0,Returned,Wrong Item,South,,,2025,Good,2.0
T101748,C358,FEMALE,-5.0,Nairobi,Eldoret,2026-05-28,P410,Sugar,groceries,BrandC,,9.0,0.0,0.0,,,,cash ,EMP19,Returning,Yes,Yes,-10.0,Delivery,5.0,,,West,,,2025,Good,
T101749,C207,Male,-5.0,Eldoret,Nairobi,2025-04-30,P742,Jacket,clothing,BrandC,,-2.0,0.0,0.0,,,,,EMP26,Returning,Yes,,-10.0,,,Not Returned,Damaged,East,,,2025,Average,1.0
T101750,C110,Male,150.0,Eldoret,Mombasa,2025-04-26,P657,Milk,groceries,BrandA,,1.0,110.0,0.0,,,,Mobile,EMP26,New,YES,Yes,,Pickup,3.0,,Damaged, north ,,,2025,,5.0
T101751,C372,Female,60.0,Nakuru,Mombasa,2026-05-06,P632,Laptop,,BrandC,-10.0,-2.0,110.0,0.0,20.0,13.26,6.74,Mobile,EMP17,,No,No,-10.0,,3.0,Not Returned,,North,,,2025,Average,4.0
T101752,C79,Female,34.0,Eldoret,Nakuru,2025-10-11,P764,Jeans,clothing,BrandB,343.25,-2.0,15.0,0.0,-686.5,-456.97,-229.53,Mobile,EMP20,, no ,No,255.0,Pickup,3.0,Returned,Damaged,Central,,,2025,,1.0
T101753,C21,,150.0,Eldoret,Nairobi,2025-07-23,P984,Jacket,Clothing,BrandA,-10.0,,110.0,0.0,,,,Cash,EMP11,Returning, no ,,286.0,Pickup,3.0,Returned,Changed Mind,East,,,2025,,1.0
T101754,C215,FEMALE,,Nairobi,Nakuru,2025-07-24,P267,Table,home,BrandC,430.95,-2.0,110.0,0.0,-861.9,-543.79,-318.11,,EMP29,Returning,No,,266.0,,4.0,,Wrong Item,South,,,2025,Good,
T101755,C108, male ,34.0,Kisumu,Eldoret,2025-03-16,P562,Jacket,,BrandA,-10.0,-2.0,20.0,0.0,20.0,15.59,4.41,,EMP4,Returning,Yes,Yes,-10.0,Delivery,3.0,Returned,Damaged,South,,,2025,Average,4.0
T101756,C327,,,Mombasa,Kisumu,2025-06-10,P715,Chair,Home,BrandB,,-2.0,15.0,0.0,,,,Mobile,EMP1,Returning, no ,,463.0,,,,Wrong Item,South,,,2025,,2.0
T101757,C161,Male,25.0,Nakuru,Nairobi,2025-09-22,P945,Mouse,Electronics,BrandA,-10.0,-2.0,20.0,0.0,20.0,15.48,4.52,Mobile,EMP27,, no ,No,-10.0,Delivery,1.0,,Changed Mind,Central,,,2025,Bad,4.0
T101758,C294, male ,60.0,Eldoret,Eldoret,2025-03-16,P177,Table,home,BrandA,,6.0,5.0,0.0,,,,cash ,EMP12,Returning,No,Yes,-10.0,Delivery,2.0,,,South,,,2025,Good,2.0
T101759,C335,,60.0,Mombasa,Kisumu,2025-10-24,P421,Table,Home,BrandC,-10.0,,15.0,0.0,,,,Cash,EMP26,,Yes,No,,,,,Changed Mind,East,,,2025,Bad,1.0
T101760,C490, male ,150.0,Mombasa,Mombasa,2026-06-23,P901,Bread,Groceries,BrandA,,-2.0,20.0,0.0,,,,,EMP14,New,No,Yes,,,5.0,Not Returned,Changed Mind,North,,,2025,Bad,3.0
T101761,C37,,,Mombasa,Nakuru,2025-06-04,P524,Jacket,Clothing,BrandB,-10.0,,110.0,0.0,,,,cash ,EMP16,,No,,28.0,Pickup,,Returned,Changed Mind, north ,,,2025,Bad,3.0
T101762,C235,FEMALE,,Eldoret,Kisumu,2026-05-23,P632,Shoes,,BrandC,,3.0,20.0,0.0,,,,Cash,EMP15,Returning,Yes,Yes,,Pickup,,Not Returned,Damaged,South,,,2025,Bad,3.0
T101763,C94,Male,34.0,Mombasa,Nairobi,2026-04-26,P431,Cooker,home,BrandB,-10.0,,0.0,0.0,,,,cash ,EMP23,New,Yes,,-10.0,Pickup,3.0,,Changed Mind,Central,,,2025,Average,
T101764,C79,FEMALE,34.0,Nairobi,Nakuru,2026-04-05,P910,Keyboard,,BrandC,-10.0,8.0,15.0,0.0,-80.0,-47.65,-32.35,Cash,EMP29,New, no ,No,162.0,,1.0,Returned,,East,,,2025,Bad,5.0
T101765,C201,FEMALE,60.0,Nairobi,Eldoret,2025-11-20,P463,Laptop,electronics,BrandC,,5.0,0.0,0.0,,,,Mobile,EMP22,New,Yes,Yes,-10.0,Delivery,3.0,Returned,Changed Mind,East,,,2025,Bad,1.0
T101766,C168,,45.0,Kisumu,Eldoret,2026-03-16,P449,Shoes, Clothing,BrandC,324.0,1.0,15.0,51.84,324.0,205.62,118.38,cash ,EMP27,Returning, no ,Yes,227.0,,3.0,Not Returned,Changed Mind, north ,,,2025,Bad,2.0
T101767,C4,Male,34.0,Eldoret,Nakuru,2026-05-22,P146,Mouse, Electronics,BrandC,-10.0,3.0,5.0,0.0,-30.0,-19.01,-10.99,,EMP20,,No,,82.0,Delivery,3.0,Not Returned,Damaged,East,,,2025,,2.0
T101768,C167,Male,,Nairobi,Mombasa,2025-02-17,P579,Keyboard, Electronics,BrandB,-10.0,-2.0,110.0,0.0,20.0,12.49,7.51,Cash,EMP27,,No,,-10.0,,1.0,Not Returned,Damaged,West,,,2025,Good,
T101769,C319,,-5.0,Nakuru,Mombasa,2025-09-05,P211,Rice,groceries,BrandC,201.83,7.0,110.0,226.05,1412.8100000000002,737.84,674.97,Mobile,EMP22,Returning,YES,Yes,-10.0,Delivery,4.0,,Wrong Item,South,,,2025,Bad,5.0
T101770,C466,,34.0,Kisumu,Nakuru,2026-01-12,P940,Shoes, Clothing,BrandC,,6.0,15.0,0.0,,,,,EMP18,Returning,Yes,Yes,340.0,,2.0,,,West,,,2025,Average,5.0
T101771,C456,Female,25.0,Nakuru,Kisumu,2025-12-05,P144,Lamp,,BrandB,,,0.0,0.0,,,,,EMP1,Returning,YES,Yes,,,5.0,Returned,Damaged,West,,,2025,Bad,
T101772,C275,FEMALE,60.0,Kisumu,Mombasa,2025-11-27,P914,Jeans,,BrandA,6.24,,20.0,0.0,,,,Cash,EMP26,Returning,No,,,,4.0,Not Returned,Changed Mind,West,,,2025,Bad,3.0
T101773,C17,FEMALE,18.0,Eldoret,Kisumu,2025-01-26,P664,Monitor, Electronics,BrandB,,,110.0,0.0,,,,,EMP19,New,Yes,,-10.0,Delivery,5.0,,Changed Mind, north ,,,2025,,
T101774,C328, male ,60.0,Nakuru,Mombasa,2025-08-23,P885,Cooker, Home,BrandB,-10.0,-2.0,110.0,0.0,20.0,16.84,3.16,cash ,EMP24,, no ,No,423.0,Pickup,3.0,,,West,,,2025,,4.0
T101775,C313,,45.0,Nakuru,Nairobi,2026-06-13,P672,Mouse,,BrandC,,,,0.0,,,,Card,EMP25,New,YES,Yes,425.0,Pickup,2.0,Returned,Damaged,South,,,2025,Bad,2.0
T101776,C294,FEMALE,-5.0,Mombasa,Eldoret,2026-02-03,P954,Keyboard,,BrandA,-10.0,,0.0,0.0,,,,Cash,EMP6,Returning,Yes,Yes,,,2.0,Not Returned,Changed Mind,North,,,2025,,5.0
T101777,C68,Male,18.0,Nairobi,Mombasa,2025-01-31,P216,Mouse,Electronics,BrandA,,3.0,5.0,0.0,,,,cash ,EMP2,New,YES,Yes,,Delivery,5.0,Returned,,South,,,2025,Good,1.0
T101778,C253,Male,18.0,Kisumu,Eldoret,2025-03-23,P739,Keyboard,electronics,BrandC,21.97,10.0,20.0,35.15,219.7,184.25,35.45,,EMP25,,No,No,343.0,Pickup,5.0,Returned,Wrong Item,West,,,2025,,2.0
T101779,C369,FEMALE,150.0,Eldoret,Eldoret,2026-05-15,P100,Monitor,Electronics,BrandA,238.96,,5.0,0.0,,,,Mobile,EMP24,New,No,Yes,-10.0,Delivery,2.0,,Damaged,West,,,2025,Bad,1.0
T101780,C20,Female,25.0,Nairobi,Mombasa,2026-02-11,P891,Shoes, Clothing,BrandA,286.66,-2.0,15.0,0.0,-573.32,-490.67,-82.65,,EMP11,Returning,Yes,Yes,57.0,,5.0,Not Returned,Damaged,Central,,,2025,Average,1.0
T101781,C349, male ,-5.0,Kisumu,Nairobi,2026-02-26,P526,Laptop,Electronics,BrandA,449.83,-2.0,5.0,0.0,-899.66,-689.54,-210.12,cash ,EMP28,,No,No,-10.0,Pickup,3.0,Returned,Damaged,South,,,2025,Bad,3.0
T101782,C408, male ,,Nakuru,Kisumu,2025-01-14,P676,Jacket,Clothing,BrandC,,-2.0,0.0,0.0,,,,Cash,EMP9,New,Yes,Yes,,Delivery,1.0,,Damaged,North,,,2025,Bad,3.0
T101783,C471,,,Mombasa,Kisumu,2025-05-22,P162,Shirt,clothing,BrandB,184.77,2.0,15.0,59.13,369.54,229.96,139.58,Card,EMP28,New, no ,Yes,81.0,Delivery,1.0,Not Returned,, north ,,,2025,Good,2.0
T101784,C309,Male,,Nakuru,Mombasa,2025-13-40,P981,Jacket,,BrandC,,4.0,0.0,0.0,,,,Mobile,EMP12,New, no ,Yes,,,2.0,Returned,Changed Mind,West,,,2025,Bad,2.0
T101785,C133,FEMALE,45.0,Nakuru,Kisumu,2026-06-16,P297,Table,,BrandC,308.48,2.0,15.0,98.71,616.96,449.38,167.58,Card,EMP26,Returning,YES,,,,4.0,Not Returned,Damaged,South,,,2025,Bad,5.0
T101786,C344,,,Mombasa,Mombasa,2025-09-19,P585,Jeans,clothing,BrandC,-10.0,-2.0,5.0,0.0,20.0,12.18,7.82,Mobile,EMP17,New,YES,Yes,,,5.0,Not Returned,Changed Mind,East,,,2025,Bad,5.0
T101787,C408,Male,60.0,Kisumu,Kisumu,2025-07-07,P772,Keyboard,electronics,BrandA,-10.0,-2.0,0.0,0.0,20.0,13.68,6.32,Card,EMP2,,Yes,,-10.0,Pickup,4.0,Not Returned,,South,,,2025,,1.0
T101788,C290,Male,,Kisumu,Eldoret,2025-13-40,P695,Laptop, Electronics,BrandA,139.52,-2.0,20.0,0.0,-279.04,-198.75,-80.29,Cash,EMP20,,Yes,No,-10.0,,3.0,Returned,Changed Mind,South,,,2025,Bad,3.0
T101789,C208,,25.0,Nairobi,Mombasa,2026-05-22,P740,Table,,BrandB,,,0.0,0.0,,,,cash ,EMP21,,YES,Yes,,Pickup,4.0,Returned,Damaged,East,,,2025,Good,3.0
T101790,C222,FEMALE,,Eldoret,Eldoret,2026-02-04,P790,Sugar,Groceries,BrandB,-10.0,4.0,110.0,0.0,-40.0,-26.76,-13.24,,EMP1,, no ,,,Pickup,3.0,Returned,Wrong Item,South,,,2025,,
T101791,C116, male ,,Nakuru,Nairobi,2025-11-10,P911,Cooker, Home,BrandB,-10.0,,5.0,0.0,,,,,EMP29,,YES,,,,1.0,,Wrong Item, north ,,,2025,,5.0
T101792,C282,,60.0,Eldoret,Kisumu,2025-03-25,P543,Lamp, Home,BrandB,,,0.0,0.0,,,,,EMP4,,Yes,No,240.0,,2.0,Not Returned,Damaged,South,,,2025,Good,
T101793,C223,Female,-5.0,Nakuru,Mombasa,2025-10-11,P153,Shirt, Clothing,BrandB,-10.0,-2.0,0.0,0.0,20.0,13.48,6.52,cash ,EMP11,,No,Yes,,,5.0,Not Returned,Changed Mind,West,,,2025,Bad,4.0
T101794,C421, male ,45.0,Kisumu,Kisumu,2026-01-19,P601,Monitor,,BrandB,,-2.0,0.0,0.0,,,,cash ,EMP30,New, no ,,-10.0,,4.0,Not Returned,Damaged,West,,,2025,Average,3.0
T101795,C395, male ,60.0,Nairobi,Nakuru,2025-08-03,P724,Keyboard, Electronics,BrandC,9.49,2.0,15.0,3.04,18.98,13.28,5.7,Card,EMP13,New, no ,Yes,-10.0,,4.0,Returned,Damaged, north ,,,2025,Good,3.0
T101796,C467,Female,-5.0,Eldoret,Eldoret,2025-01-26,P203,Shoes, Clothing,BrandB,,1.0,5.0,0.0,,,,,EMP19,New, no ,,-10.0,,,Not Returned,Damaged,East,,,2025,,
T101797,C77,,,Nakuru,Eldoret,2026-02-05,P412,Rice, Groceries,BrandA,-10.0,6.0,0.0,0.0,-60.0,-44.56,-15.44,Card,EMP10,Returning,YES,Yes,-10.0,Pickup,3.0,,Changed Mind, north ,,,2025,,5.0
T101798,C266,,,Nakuru,Nairobi,2026-02-04,P355,Rice,groceries,BrandA,56.04,,0.0,0.0,,,,Card,EMP23,New,Yes,,-10.0,,4.0,,Changed Mind, north ,,,2025,Average,
T101799,C125, male ,18.0,Eldoret,Mombasa,2025-03-08,P341,Milk,groceries,BrandA,340.09,,15.0,0.0,,,,cash ,EMP25,,No,,243.0,,2.0,,,North,,,2025,Good,4.0
T101800,C116, male ,45.0,Nakuru,Nairobi,2025-09-09,P594,Mouse,,BrandB,-10.0,3.0,15.0,0.0,-30.0,-16.74,-13.26,cash ,EMP21,New,YES,No,287.0,Delivery,1.0,Returned,,South,,,2025,Bad,5.0
T101801,C321,,,Mombasa,Mombasa,2025-09-27,P781,Chair, Home,BrandC,,,0.0,0.0,,,,Cash,EMP10,,YES,No,124.0,Pickup,1.0,,Changed Mind,Central,,,2025,Average,3.0
T101802,C254,Female,150.0,Mombasa,Mombasa,2026-03-21,P915,Table, Home,BrandC,,-2.0,10.0,0.0,,,,cash ,EMP21,New,Yes,Yes,,Pickup,3.0,Not Returned,Changed Mind,West,,,2025,Good,5.0
T101803,C447,,150.0,Nairobi,Nairobi,2026-03-05,P409,Mouse,Electronics,BrandA,,6.0,10.0,0.0,,,,Cash,EMP18,Returning,No,No,-10.0,,3.0,Not Returned,Damaged,North,,,2025,Bad,2.0
T101804,C321, male ,25.0,Nairobi,Mombasa,2025-07-07,P314,Bread,groceries,BrandA,381.74,,20.0,0.0,,,,Card,EMP16,Returning,No,No,-10.0,Delivery,1.0,Returned,Wrong Item,North,,,2025,Good,3.0
T101805,C178,Male,18.0,Mombasa,Nakuru,2026-06-01,P254,Monitor,electronics,BrandA,-10.0,5.0,20.0,0.0,-50.0,-27.66,-22.34,Card,EMP25,New, no ,No,,Delivery,5.0,Returned,, north ,,,2025,Good,2.0
T101806,C81,,45.0,Nairobi,Kisumu,2025-09-17,P434,Monitor,,BrandA,-10.0,,20.0,0.0,,,,Cash,EMP24,,Yes,No,171.0,Pickup,2.0,Returned,Wrong Item,East,,,2025,Average,
T101807,C443,,-5.0,Kisumu,Eldoret,2026-04-23,P611,Cooker,,BrandB,208.37,,,0.0,,,,,EMP18,New,YES,No,490.0,Delivery,4.0,Not Returned,Changed Mind,South,,,2025,Bad,2.0
T101808,C215,Female,34.0,Nakuru,Eldoret,2025-01-06,P405,Cooker,Home,BrandA,443.42,,110.0,0.0,,,,Cash,EMP24,New,No,No,,Pickup,1.0,Returned,Changed Mind,East,,,2025,Bad,5.0
T101809,C471,Male,60.0,Nakuru,Kisumu,2025-02-11,P572,Table,home,BrandC,,,5.0,0.0,,,,cash ,EMP21,New,No,Yes,,Delivery,3.0,,Damaged,East,,,2025,,
T101810,C68,Male,,Eldoret,Nairobi,2026-04-08,P258,Table,,BrandC,-10.0,-2.0,10.0,0.0,20.0,14.76,5.24,Card,EMP8,New, no ,,156.0,Pickup,2.0,Returned,Wrong Item,Central,,,2025,,5.0
T101811,C85,,18.0,Kisumu,Eldoret,2026-04-19,P566,Keyboard,,BrandA,306.73,,15.0,0.0,,,,cash ,EMP3,,YES,,340.0,,1.0,,Wrong Item,Central,,,2025,Average,4.0
T101812,C295,Male,-5.0,Kisumu,Eldoret,2025-01-11,P938,Sugar, Groceries,BrandA,-10.0,-2.0,110.0,0.0,20.0,14.7,5.3,Card,EMP26,Returning,Yes,,,,1.0,,Damaged, north ,,,2025,Average,2.0
T101813,C355, male ,45.0,Nairobi,Nairobi,2026-03-08,P238,Shoes,Clothing,BrandB,,,110.0,0.0,,,,Card,EMP25,,YES,No,434.0,Delivery,4.0,,Wrong Item,Central,,,2025,Average,5.0
T101814,C449,FEMALE,34.0,Nakuru,Kisumu,2025-01-05,P749,Jeans, Clothing,BrandC,42.28,,,0.0,,,,Cash,EMP17,,No,Yes,141.0,Pickup,4.0,,Damaged,Central,,,2025,,
T101815,C459, male ,150.0,Eldoret,Nakuru,2025-11-15,P429,Shirt,,BrandA,221.8,9.0,20.0,319.39,1996.2,1677.05,319.15,Cash,EMP8,,YES,,387.0,Delivery,,Returned,Wrong Item, north ,,,2025,Good,4.0
T101816,C171, male ,18.0,Kisumu,Nairobi,2025-05-11,P557,Cooker,Home,BrandC,,-2.0,0.0,0.0,,,,,EMP8,,No,Yes,317.0,Delivery,,,Wrong Item,Central,,,2025,,1.0
T101817,C403,Female,18.0,Kisumu,Kisumu,2026-04-27,P325,Chair, Home,BrandC,263.3,,5.0,0.0,,,,Cash,EMP6,New,YES,,196.0,Pickup,2.0,,Wrong Item,South,,,2025,Bad,2.0
T101818,C371, male ,45.0,Mombasa,Kisumu,2026-01-26,P823,Monitor,Electronics,BrandC,-10.0,-2.0,10.0,0.0,20.0,16.12,3.88,,EMP1,Returning, no ,No,-10.0,Delivery,5.0,Returned,Wrong Item,North,,,2025,Average,5.0
T101819,C253,,,Nairobi,Mombasa,2026-06-18,P697,Jacket, Clothing,BrandA,,2.0,0.0,0.0,,,,Cash,EMP7,Returning,YES,No,,,1.0,,,East,,,2025,Average,2.0
T101820,C359,Male,60.0,Eldoret,Mombasa,2025-08-11,P298,Sugar,,BrandC,-10.0,8.0,20.0,0.0,-80.0,-69.12,-10.88,,EMP2,New,No,,-10.0,,5.0,Returned,Changed Mind,West,,,2025,Average,2.0
T101821,C168,FEMALE,60.0,Kisumu,Kisumu,2025-03-15,P652,Rice,,BrandA,-10.0,-2.0,15.0,0.0,20.0,14.42,5.58,,EMP19,Returning,No,,-10.0,Pickup,5.0,Returned,Wrong Item,East,,,2025,,1.0
T101822,C439,Female,-5.0,Kisumu,Mombasa,2025-04-01,P940,Laptop,electronics,BrandA,120.35,,15.0,0.0,,,,Cash,EMP10,, no ,,-10.0,Delivery,,Returned,Changed Mind,Central,,,2025,,2.0
T101823,C220, male ,60.0,Kisumu,Nairobi,2025-05-22,P944,Shoes,clothing,BrandC,437.69,10.0,5.0,700.3,4376.9,3304.55,1072.35,cash ,EMP13,Returning, no ,No,307.0,Delivery,4.0,Not Returned,Wrong Item,West,,,2025,Good,2.0
T101824,C296, male ,18.0,Eldoret,Nairobi,2025-05-07,P224,Rice,,BrandC,-10.0,,5.0,0.0,,,,cash ,EMP29,, no ,No,,Delivery,4.0,Not Returned,Wrong Item, north ,,,2025,,1.0
T101825,C472,Male,45.0,Nakuru,Eldoret,2025-08-26,P626,Sugar,Groceries,BrandC,,1.0,15.0,0.0,,,,,EMP19,Returning,No,No,,,3.0,Returned,Damaged,West,,,2025,Bad,2.0
T101826,C286,FEMALE,25.0,Nakuru,Nakuru,2026-01-27,P668,Table,Home,BrandC,-10.0,2.0,20.0,0.0,-20.0,-13.48,-6.52,,EMP13,Returning,No,No,183.0,Pickup,1.0,Returned,Damaged,South,,,2025,Average,5.0
T101827,C158,,45.0,Eldoret,Nakuru,2025-02-08,P898,Jacket,clothing,BrandB,-10.0,,110.0,0.0,,,,cash ,EMP18,Returning,Yes,No,,,5.0,Not Returned,,North,,,2025,Good,4.0
T101828,C113,,25.0,Mombasa,Nairobi,2026-02-18,P227,Cooker, Home,BrandC,,10.0,15.0,0.0,,,,cash ,EMP1,,YES,Yes,,,4.0,Returned,Wrong Item,East,,,2025,,4.0
T101829,C309,Female,150.0,Nairobi,Kisumu,2025-09-20,P189,Milk,Groceries,BrandA,,,110.0,0.0,,,,Cash,EMP20,Returning,Yes,No,,Delivery,4.0,,Damaged,North,,,2025,,2.0
T101830,C95,,,Kisumu,Mombasa,2025-06-19,P527,Table,,BrandC,155.67,,20.0,0.0,,,,Cash,EMP13,, no ,Yes,-10.0,Delivery,4.0,Not Returned,Changed Mind,Central,,,2025,,4.0
T101831,C94,Female,-5.0,Eldoret,Mombasa,2025-05-09,P879,Chair, Home,BrandB,,,5.0,0.0,,,,Cash,EMP30,, no ,No,,,,,Changed Mind,North,,,2025,Good,2.0
T101832,C490, male ,25.0,Nakuru,Kisumu,2025-13-40,P914,Rice, Groceries,BrandA,-10.0,,5.0,0.0,,,,Card,EMP2,New, no ,No,,Delivery,2.0,Not Returned,Damaged,West,,,2025,Average,1.0
T101833,C157,Female,,Nakuru,Nakuru,2026-05-17,P361,Milk,,BrandB,327.35,,5.0,0.0,,,,Mobile,EMP1,,No,,-10.0,Delivery,2.0,Returned,,West,,,2025,Bad,4.0
T101834,C208, male ,60.0,Eldoret,Nakuru,2025-03-21,P218,Milk,,BrandB,-10.0,8.0,,0.0,-80.0,-45.35,-34.65,Mobile,EMP29,Returning,Yes,,,Pickup,5.0,,,Central,,,2025,Good,2.0
T101835,C255,Male,150.0,Eldoret,Kisumu,2025-06-20,P457,Chair,Home,BrandB,,,110.0,0.0,,,,Mobile,EMP30,Returning,No,No,-10.0,Pickup,4.0,,,East,,,2025,Bad,
T101836,C90,,-5.0,Kisumu,Kisumu,2025-09-22,P408,Table,,BrandC,-10.0,5.0,15.0,0.0,-50.0,-25.31,-24.69,Cash,EMP8,New, no ,,308.0,Delivery,2.0,Not Returned,Damaged,North,,,2025,Good,5.0
T101837,C330,Male,-5.0,Kisumu,Eldoret,2025-12-15,P255,Cooker, Home,BrandC,131.5,,110.0,0.0,,,,,EMP15,Returning, no ,No,,,2.0,Not Returned,Wrong Item,South,,,2025,,4.0
T101838,C460,,-5.0,Nairobi,Nakuru,2026-04-13,P896,Rice, Groceries,BrandA,115.23,-2.0,5.0,0.0,-230.46,-141.61,-88.85,cash ,EMP30,New, no ,No,,Delivery,5.0,Returned,Wrong Item, north ,,,2025,Bad,2.0
T101839,C41,,-5.0,Eldoret,Eldoret,2025-11-07,P918,Chair,Home,BrandB,43.0,6.0,20.0,41.28,258.0,149.02,108.98,Mobile,EMP11,New, no ,No,8.0,Pickup,5.0,Returned,Changed Mind,Central,,,2025,Bad,5.0
T101840,C153,,34.0,Kisumu,Mombasa,2025-13-40,P305,Chair,home,BrandA,,,5.0,0.0,,,,Cash,EMP23,Returning,YES,No,120.0,,4.0,,Damaged, north ,,,2025,Average,3.0
T101841,C118,,45.0,Eldoret,Nairobi,2025-07-14,P836,Keyboard,,BrandB,-10.0,,0.0,0.0,,,,Mobile,EMP15,,No,No,,,4.0,Not Returned,Damaged, north ,,,2025,,3.0
T101842,C204,Female,18.0,Mombasa,Kisumu,2026-04-16,P158,Sugar, Groceries,BrandC,-10.0,,,0.0,,,,,EMP28,Returning,Yes,,,,5.0,Not Returned,Wrong Item,East,,,2025,Good,1.0
T101843,C204, male ,34.0,Kisumu,Nairobi,2025-12-16,P755,Lamp,,BrandB,,7.0,10.0,0.0,,,,Cash,EMP3,New,Yes,No,,Pickup,,,,East,,,2025,Average,2.0
T101844,C488,FEMALE,150.0,Mombasa,Nakuru,2025-07-27,P182,Keyboard,Electronics,BrandC,66.33,,20.0,0.0,,,,Card,EMP11,Returning,No,,-10.0,Pickup,3.0,,Wrong Item, north ,,,2025,Average,1.0
T101845,C270,Female,150.0,Eldoret,Kisumu,2025-04-18,P720,Milk,groceries,BrandA,-10.0,1.0,20.0,0.0,-10.0,-7.97,-2.03,Card,EMP26,Returning,Yes,Yes,429.0,Delivery,5.0,Not Returned,Changed Mind,East,,,2025,,
T101846,C76,,18.0,Eldoret,Nairobi,2025-04-10,P406,Rice,Groceries,BrandB,,6.0,20.0,0.0,,,,cash ,EMP13,Returning,YES,No,,Delivery,5.0,Not Returned,Wrong Item,East,,,2025,Bad,5.0
T101847,C299,,25.0,Kisumu,Eldoret,2025-08-13,P694,Table,Home,BrandA,,-2.0,,0.0,,,,Card,EMP25,New,YES,,,,5.0,Not Returned,Damaged,East,,,2025,Bad,1.0
T101848,C366, male ,150.0,Mombasa,Kisumu,2025-07-13,P216,Shoes, Clothing,BrandB,,9.0,0.0,0.0,,,,,EMP26,,No,Yes,17.0,Delivery,4.0,Returned,Wrong Item, north ,,,2025,Bad,4.0
T101849,C341,Female,-5.0,Eldoret,Nakuru,2025-11-12,P185,Lamp, Home,BrandA,161.44,2.0,110.0,51.66,322.88,253.65,69.23,Cash,EMP23,New, no ,No,,,5.0,Not Returned,Wrong Item,Central,,,2025,Good,5.0
T101850,C258,Female,25.0,Eldoret,Kisumu,2025-09-22,P556,Keyboard,,BrandA,,,15.0,0.0,,,,cash ,EMP6,, no ,No,233.0,,,,Changed Mind,Central,,,2025,Good,3.0
T101851,C324,,45.0,Mombasa,Kisumu,2025-07-29,P209,Sugar,,BrandC,-10.0,-2.0,5.0,0.0,20.0,11.99,8.01,cash ,EMP20,, no ,Yes,,Pickup,5.0,Not Returned,Damaged,North,,,2025,Average,5.0
T101852,C426,FEMALE,45.0,Eldoret,Nairobi,2026-06-15,P412,Keyboard,Electronics,BrandC,,10.0,5.0,0.0,,,,Cash,EMP20,New,Yes,Yes,314.0,,1.0,Not Returned,Damaged,East,,,2025,Bad,1.0
T101853,C463,,,Nakuru,Kisumu,2025-12-03,P483,Lamp,Home,BrandB,-10.0,-2.0,20.0,0.0,20.0,16.61,3.39,,EMP14,New,Yes,Yes,376.0,,5.0,,Damaged,Central,,,2025,Good,2.0
T101854,C123,Male,34.0,Kisumu,Kisumu,2026-01-30,P661,Laptop,,BrandA,,-2.0,15.0,0.0,,,,Cash,EMP11,New,YES,,,Delivery,3.0,Not Returned,Changed Mind,North,,,2025,Average,4.0
T101855,C137, male ,,Eldoret,Nairobi,2025-03-04,P252,Bread,Groceries,BrandC,,2.0,20.0,0.0,,,,Card,EMP9,Returning,Yes,,-10.0,,2.0,Not Returned,,East,,,2025,Good,3.0
T101856,C318,Female,150.0,Nairobi,Nairobi,2025-06-25,P973,Table, Home,BrandC,73.84,,110.0,0.0,,,,Card,EMP4,Returning,Yes,No,,Delivery,4.0,Returned,Damaged,East,,,2025,Average,
T101857,C414, male ,-5.0,Mombasa,Nairobi,2025-03-18,P945,Shoes,,BrandB,58.32,,,0.0,,,,Card,EMP1,, no ,No,-10.0,Delivery,4.0,Returned,Damaged,West,,,2025,Good,4.0
T101858,C325, male ,150.0,Kisumu,Nakuru,2025-09-27,P145,Keyboard,electronics,BrandB,-10.0,,,0.0,,,,cash ,EMP1,Returning, no ,,-10.0,Delivery,3.0,Not Returned,Wrong Item,Central,,,2025,Good,1.0
T101859,C493, male ,34.0,Kisumu,Nakuru,2025-10-12,P571,Milk,groceries,BrandB,388.95,,0.0,0.0,,,,Mobile,EMP14,Returning,YES,No,145.0,Delivery,,Not Returned,,South,,,2025,Bad,
T101860,C479, male ,150.0,Nakuru,Kisumu,2026-04-05,P358,Laptop,electronics,BrandC,-10.0,-2.0,15.0,0.0,20.0,12.48,7.52,cash ,EMP8,Returning,Yes,Yes,246.0,Pickup,4.0,,Wrong Item,North,,,2025,Bad,3.0
T101861,C293,FEMALE,60.0,Eldoret,Mombasa,2025-09-20,P359,Chair, Home,BrandA,,5.0,0.0,0.0,,,,Mobile,EMP20,,YES,No,41.0,,2.0,,Damaged, north ,,,2025,Average,4.0
T101862,C54,Male,150.0,Mombasa,Nakuru,2025-03-05,P835,Mouse, Electronics,BrandC,63.51,,,0.0,,,,Card,EMP4,New,No,,345.0,,1.0,Not Returned,Changed Mind,Central,,,2025,Average,2.0
T101863,C176,Female,150.0,Kisumu,Nakuru,2025-07-21,P553,Jeans, Clothing,BrandC,,,0.0,0.0,,,,cash ,EMP25,Returning,YES,Yes,270.0,Pickup,4.0,Not Returned,Damaged, north ,,,2025,Average,4.0
T101864,C297,FEMALE,34.0,Kisumu,Eldoret,2025-07-17,P555,Cooker, Home,BrandC,5.68,-2.0,20.0,0.0,-11.36,-9.23,-2.13,cash ,EMP29,Returning,YES,,68.0,Pickup,4.0,Returned,Wrong Item,North,,,2025,,5.0
T101865,C131,FEMALE,60.0,Kisumu,Nakuru,2025-06-09,P548,Shirt, Clothing,BrandA,130.01,,10.0,0.0,,,,Mobile,EMP17,,YES,,352.0,Pickup,1.0,Not Returned,,East,,,2025,Bad,
T101866,C171,FEMALE,45.0,Nairobi,Nakuru,2025-13-40,P534,Cooker,,BrandB,-10.0,1.0,,0.0,-10.0,-7.7,-2.3,cash ,EMP25,New,No,,,,,,Wrong Item,Central,,,2025,Bad,2.0
T101867,C93, male ,-5.0,Eldoret,Eldoret,2025-12-14,P152,Keyboard,Electronics,BrandB,,-2.0,,0.0,,,,cash ,EMP24,New,YES,No,,,,,Damaged,East,,,2025,,2.0
T101868,C155,Male,34.0,Kisumu,Nairobi,2025-05-21,P631,Chair, Home,BrandA,,-2.0,110.0,0.0,,,,Cash,EMP8,Returning,Yes,No,374.0,Pickup,2.0,Not Returned,Changed Mind,Central,,,2025,Bad,
T101869,C244,Male,,Nakuru,Nairobi,2025-04-18,P799,Milk, Groceries,BrandC,-10.0,1.0,20.0,0.0,-10.0,-5.8,-4.2,Card,EMP15,,No,,,Pickup,3.0,Not Returned,Damaged,West,,,2025,Average,4.0
T101870,C154,,60.0,Eldoret,Nairobi,2025-03-08,P434,Lamp,home,BrandA,,1.0,110.0,0.0,,,,Mobile,EMP26,,Yes,Yes,6.0,Pickup,,Not Returned,Wrong Item,East,,,2025,Bad,5.0
T101871,C416,Male,25.0,Mombasa,Kisumu,2025-11-24,P214,Sugar, Groceries,BrandC,-10.0,,5.0,0.0,,,,,EMP2,New,YES,No,428.0,,2.0,,Damaged,North,,,2025,,3.0
T101872,C181,Male,45.0,Eldoret,Mombasa,2025-05-15,P870,Jeans, Clothing,BrandA,296.65,,5.0,0.0,,,,Card,EMP18,Returning,No,Yes,-10.0,Pickup,,,,North,,,2025,Good,2.0
T101873,C171,,18.0,Nairobi,Kisumu,2026-01-17,P577,Rice,groceries,BrandC,416.22,9.0,110.0,599.36,3745.9800000000005,2499.26,1246.72,Cash,EMP9,,Yes,,487.0,Pickup,3.0,Not Returned,Wrong Item,South,,,2025,,3.0
T101874,C495,Female,34.0,Mombasa,Kisumu,2026-02-21,P564,Cooker,,BrandA,134.19,-2.0,5.0,0.0,-268.38,-234.34,-34.04,cash ,EMP29,New, no ,,159.0,Delivery,1.0,Not Returned,, north ,,,2025,Average,
T101875,C464,Male,150.0,Mombasa,Nakuru,2025-13-40,P124,Keyboard, Electronics,BrandA,204.08,,15.0,0.0,,,,Cash,EMP12,Returning, no ,No,-10.0,Pickup,1.0,Returned,Wrong Item, north ,,,2025,Average,4.0
T101876,C289, male ,34.0,Nakuru,Kisumu,2025-12-24,P916,Cooker,home,BrandB,-10.0,-2.0,10.0,0.0,20.0,17.89,2.11,Cash,EMP12,,YES,,,Delivery,5.0,,Changed Mind,North,,,2025,,1.0
T101877,C31, male ,45.0,Eldoret,Kisumu,2025-11-13,P843,Sugar, Groceries,BrandC,-10.0,-2.0,0.0,0.0,20.0,17.12,2.88,cash ,EMP24,Returning,YES,No,,Pickup,5.0,Not Returned,Wrong Item,West,,,2025,Average,1.0
T101878,C16,Male,,Mombasa,Mombasa,2026-03-07,P989,Table,,BrandB,21.19,,20.0,0.0,,,,Card,EMP23,Returning,YES,No,,,3.0,Not Returned,Changed Mind,West,,,2025,Bad,3.0
T101879,C468, male ,,Mombasa,Nakuru,2025-06-05,P375,Monitor,electronics,BrandC,373.97,-2.0,0.0,0.0,-747.94,-564.0,-183.94,Cash,EMP9,Returning, no ,,323.0,Delivery,5.0,Not Returned,Changed Mind,North,,,2025,,2.0
T101880,C122,,-5.0,Kisumu,Nakuru,2026-03-09,P808,Laptop,electronics,BrandA,286.77,,5.0,0.0,,,,Card,EMP17,Returning,Yes,,-10.0,,2.0,,,North,,,2025,,5.0
T101881,C407,,34.0,Eldoret,Mombasa,2025-06-17,P703,Lamp,,BrandA,-10.0,8.0,15.0,0.0,-80.0,-48.65,-31.35,,EMP23,,No,No,,,3.0,Returned,Damaged,South,,,2025,,
T101882,C358,,45.0,Eldoret,Mombasa,2025-09-11,P642,Cooker,,BrandB,164.56,3.0,15.0,78.99,493.68,392.75,100.93,Mobile,EMP12,,No,Yes,,Delivery,4.0,,Damaged,North,,,2025,Average,
T101883,C89,Male,25.0,Kisumu,Kisumu,2025-06-06,P511,Shirt,,BrandB,-10.0,-2.0,15.0,0.0,20.0,14.18,5.82,Cash,EMP17,Returning,Yes,No,484.0,Pickup,2.0,,Damaged,West,,,2025,Good,3.0
T101884,C140,,45.0,Eldoret,Nakuru,2025-04-17,P408,Lamp,Home,BrandB,147.64,3.0,0.0,70.87,442.91999999999996,398.56,44.36,Mobile,EMP3,New,No,No,-10.0,Pickup,4.0,Returned,Changed Mind,East,,,2025,Average,1.0
T101885,C158,FEMALE,-5.0,Kisumu,Nakuru,2026-01-10,P423,Bread, Groceries,BrandA,328.15,-2.0,5.0,0.0,-656.3,-337.56,-318.74,Mobile,EMP26,Returning,YES,,-10.0,Delivery,1.0,,Wrong Item,East,,,2025,,3.0
T101886,C178, male ,60.0,Mombasa,Nakuru,2026-03-18,P491,Mouse,,BrandB,275.25,-2.0,10.0,0.0,-550.5,-390.69,-159.81,,EMP30,New, no ,No,,Delivery,,Returned,Damaged,West,,,2025,Bad,4.0
T101887,C351,Female,60.0,Nairobi,Mombasa,2025-12-15,P938,Jeans,,BrandC,8.71,10.0,5.0,13.94,87.10000000000001,67.54,19.56,,EMP22,Returning,YES,No,,Pickup,2.0,Returned,, north ,,,2025,,2.0
T101888,C398,,150.0,Nairobi,Eldoret,2026-01-04,P616,Shirt,clothing,BrandA,158.2,-2.0,0.0,0.0,-316.4,-165.17,-151.23,Mobile,EMP1,Returning,No,Yes,-10.0,Delivery,2.0,Not Returned,Damaged,Central,,,2025,Average,3.0
T101889,C378, male ,45.0,Kisumu,Kisumu,2025-05-11,P759,Jacket,clothing,BrandA,365.83,6.0,15.0,351.2,2194.98,1441.36,753.62,cash ,EMP25,Returning,YES,Yes,395.0,,4.0,Not Returned,Damaged,West,,,2025,,5.0
T101890,C241,FEMALE,34.0,Nakuru,Mombasa,2025-13-40,P910,Mouse,Electronics,BrandB,-10.0,6.0,15.0,0.0,-60.0,-49.54,-10.46,Cash,EMP29,Returning, no ,Yes,118.0,,,,Damaged,Central,,,2025,Good,3.0
T101891,C126,,-5.0,Nairobi,Nairobi,2025-10-06,P718,Monitor,Electronics,BrandB,230.69,,15.0,0.0,,,,,EMP7,Returning,Yes,,188.0,,1.0,Returned,Wrong Item,East,,,2025,Average,4.0
T101892,C135,Female,150.0,Nakuru,Nakuru,2026-04-15,P191,Cooker,home,BrandC,70.42,8.0,,90.14,563.36,424.43,138.93,cash ,EMP9,New,YES,Yes,-10.0,Pickup,5.0,,Damaged,East,,,2025,,2.0
T101893,C443,,,Nakuru,Nakuru,2026-04-21,P260,Jacket,Clothing,BrandB,,-2.0,5.0,0.0,,,,Card,EMP12,,YES,No,456.0,Pickup,1.0,,Damaged, north ,,,2025,Good,3.0
T101894,C59,Male,18.0,Mombasa,Nakuru,2025-04-30,P267,Shoes,Clothing,BrandC,280.92,,10.0,0.0,,,,,EMP4,New, no ,,-10.0,Delivery,4.0,,Wrong Item,South,,,2025,Average,3.0
T101895,C318, male ,150.0,Mombasa,Mombasa,2026-02-07,P493,Laptop,electronics,BrandB,,-2.0,20.0,0.0,,,,Card,EMP2,, no ,,-10.0,,1.0,,,East,,,2025,Average,1.0
T101896,C1,Female,,Nairobi,Nakuru,2026-01-11,P817,Jacket,Clothing,BrandB,381.22,4.0,110.0,243.98,1524.88,916.63,608.25,Cash,EMP22,Returning, no ,Yes,444.0,,,Not Returned,Changed Mind, north ,,,2025,Average,4.0
T101897,C78,Female,60.0,Nairobi,Kisumu,2025-03-03,P808,Jeans,clothing,BrandA,,-2.0,,0.0,,,,,EMP17,New,Yes,No,-10.0,Pickup,3.0,Returned,Wrong Item,Central,,,2025,Average,4.0
T101898,C92,,,Kisumu,Nairobi,2026-05-14,P567,Milk,Groceries,BrandB,,,,0.0,,,,Cash,EMP5,New, no ,No,343.0,Delivery,5.0,Not Returned,Wrong Item,West,,,2025,Good,
T101899,C445, male ,25.0,Kisumu,Nakuru,2025-04-03,P305,Sugar,,BrandA,-10.0,,,0.0,,,,cash ,EMP20,Returning,Yes,Yes,,,2.0,Returned,Wrong Item,Central,,,2025,Average,5.0
T101900,C145,,18.0,Nairobi,Mombasa,2025-05-20,P290,Milk,groceries,BrandC,,-2.0,20.0,0.0,,,,cash ,EMP1,Returning,No,No,-10.0,,2.0,,,East,,,2025,Average,1.0
T101901,C395,Female,60.0,Mombasa,Nairobi,2025-13-40,P836,Bread,Groceries,BrandA,27.71,-2.0,,0.0,-55.42,-39.66,-15.76,Cash,EMP27,Returning, no ,No,310.0,Pickup,2.0,Not Returned,Damaged,North,,,2025,,
T101902,C412,Female,18.0,Mombasa,Kisumu,2026-04-03,P464,Milk,Groceries,BrandA,,,10.0,0.0,,,,cash ,EMP1,New,Yes,,420.0,,,,Changed Mind,Central,,,2025,Bad,1.0
T101903,C160, male ,45.0,Nairobi,Mombasa,2025-06-07,P685,Shoes,,BrandB,,-2.0,0.0,0.0,,,,Card,EMP8,, no ,,,Pickup,,,Wrong Item,South,,,2025,,3.0
T101904,C67,,34.0,Mombasa,Kisumu,2025-05-22,P175,Lamp,home,BrandC,-10.0,7.0,15.0,0.0,-70.0,-38.6,-31.4,,EMP6,Returning,No,,458.0,Pickup,2.0,Not Returned,Damaged,Central,,,2025,Good,1.0
T101905,C489,,60.0,Nakuru,Kisumu,2025-07-08,P341,Laptop,,BrandC,,,10.0,0.0,,,,Card,EMP20,New,Yes,,-10.0,Pickup,4.0,Not Returned,, north ,,,2025,,2.0
T101906,C500,Female,150.0,Kisumu,Nairobi,2025-03-03,P207,Laptop,Electronics,BrandA,-10.0,,10.0,0.0,,,,cash ,EMP19,New, no ,No,-10.0,,4.0,Not Returned,,North,,,2025,Bad,1.0
T101907,C432, male ,,Mombasa,Mombasa,2025-10-18,P857,Laptop,electronics,BrandC,,8.0,,0.0,,,,,EMP11,Returning,No,,-10.0,Delivery,4.0,Not Returned,Damaged, north ,,,2025,Bad,5.0
T101908,C85,FEMALE,18.0,Nairobi,Kisumu,2025-04-18,P845,Laptop,,BrandA,,10.0,5.0,0.0,,,,,EMP19,New,No,,381.0,Delivery,3.0,Returned,Wrong Item,East,,,2025,Good,3.0
T101909,C61, male ,60.0,Kisumu,Nairobi,2025-12-29,P456,Milk, Groceries,BrandB,,-2.0,15.0,0.0,,,,cash ,EMP21,Returning,No,,51.0,Delivery,5.0,Returned,Wrong Item,West,,,2025,Bad,4.0
T101910,C453,FEMALE,150.0,Mombasa,Eldoret,2025-03-09,P112,Sugar,Groceries,BrandA,-10.0,,15.0,0.0,,,,Mobile,EMP20,New,YES,,-10.0,,,Returned,Damaged, north ,,,2025,Average,5.0
T101911,C305, male ,25.0,Eldoret,Mombasa,2026-04-30,P575,Mouse,,BrandB,410.9,-2.0,110.0,0.0,-821.8,-665.25,-156.55,,EMP9,Returning,Yes,No,-10.0,Delivery,2.0,,Wrong Item,South,,,2025,,1.0
T101912,C128,Male,-5.0,Kisumu,Kisumu,2026-01-30,P787,Lamp, Home,BrandB,-10.0,,5.0,0.0,,,,,EMP29,Returning,YES,No,44.0,Delivery,4.0,Returned,,South,,,2025,,1.0
T101913,C87,FEMALE,,Nairobi,Eldoret,2025-04-05,P625,Cooker,home,BrandC,364.55,6.0,15.0,349.97,2187.3,1534.42,652.88,,EMP22,,No,No,441.0,,,Returned,,South,,,2025,Average,
T101914,C225,,34.0,Eldoret,Eldoret,2026-05-07,P841,Jacket,,BrandA,,-2.0,,0.0,,,,cash ,EMP26,Returning,No,Yes,461.0,Delivery,,,Changed Mind,South,,,2025,Bad,1.0
T101915,C232,,45.0,Kisumu,Kisumu,2025-08-21,P338,Mouse, Electronics,BrandA,-10.0,,0.0,0.0,,,,cash ,EMP11,,No,No,-10.0,Delivery,3.0,Returned,Wrong Item,West,,,2025,Good,5.0
T101916,C112,FEMALE,150.0,Nakuru,Eldoret,2025-13-40,P122,Rice,,BrandA,122.92,,10.0,0.0,,,,cash ,EMP23,New,Yes,Yes,-10.0,Delivery,,Not Returned,Wrong Item,Central,,,2025,Bad,3.0
T101917,C19,FEMALE,18.0,Eldoret,Kisumu,2025-10-15,P211,Mouse, Electronics,BrandC,-10.0,2.0,5.0,0.0,-20.0,-15.87,-4.13,Card,EMP17,,YES,,1.0,Delivery,3.0,Returned,Wrong Item,Central,,,2025,Bad,5.0
T101918,C89,Female,60.0,Eldoret,Eldoret,2025-05-29,P697,Jacket,Clothing,BrandB,,,15.0,0.0,,,,Cash,EMP18,Returning,No,,,Delivery,,Not Returned,Changed Mind,East,,,2025,Bad,
T101919,C279, male ,25.0,Kisumu,Nakuru,2025-11-23,P448,Jeans,,BrandC,-10.0,-2.0,20.0,0.0,20.0,13.38,6.62,,EMP29,Returning, no ,,36.0,,,,,West,,,2025,Bad,1.0
T101920,C48,Female,25.0,Mombasa,Eldoret,2025-04-15,P903,Monitor,Electronics,BrandC,-10.0,-2.0,10.0,0.0,20.0,13.12,6.88,,EMP9,Returning, no ,,-10.0,Delivery,2.0,Returned,,South,,,2025,Good,5.0
T101921,C81,Male,25.0,Nairobi,Nairobi,2026-01-12,P449,Lamp,,BrandC,-10.0,8.0,110.0,0.0,-80.0,-49.96,-30.04,Cash,EMP17,New, no ,,-10.0,Delivery,,Returned,Changed Mind,West,,,2025,Average,1.0
T101922,C393,Male,34.0,Nairobi,Nakuru,2025-04-22,P758,Laptop,electronics,BrandC,-10.0,-2.0,5.0,0.0,20.0,11.88,8.12,Card,EMP16,,Yes,No,360.0,Delivery,,Not Returned,Damaged,Central,,,2025,Average,2.0
T101923,C326,,150.0,Nairobi,Eldoret,2025-04-23,P316,Chair, Home,BrandA,-10.0,,,0.0,,,,Mobile,EMP12,, no ,Yes,-10.0,Delivery,5.0,Returned,Changed Mind,Central,,,2025,Bad,2.0
T101924,C316, male ,-5.0,Kisumu,Mombasa,2026-03-11,P102,Cooker,,BrandA,,,10.0,0.0,,,,Card,EMP15,Returning,No,Yes,,Delivery,5.0,Returned,Changed Mind,West,,,2025,Average,4.0
T101925,C200, male ,60.0,Nairobi,Nakuru,2025-10-30,P835,Mouse,electronics,BrandA,-10.0,,20.0,0.0,,,,Cash,EMP6,, no ,,484.0,,4.0,,Damaged,North,,,2025,Good,5.0
T101926,C457,Female,18.0,Nakuru,Nakuru,2025-01-12,P569,Chair,,BrandB,-10.0,-2.0,,0.0,20.0,17.08,2.92,,EMP28,Returning,YES,Yes,286.0,,5.0,,,South,,,2025,,4.0
T101927,C375, male ,150.0,Nakuru,Nakuru,2025-04-30,P754,Bread,,BrandC,,-2.0,20.0,0.0,,,,,EMP25,,No,No,189.0,,3.0,,Damaged,South,,,2025,Good,4.0
T101928,C89, male ,25.0,Nairobi,Nairobi,2025-06-12,P766,Lamp,,BrandA,201.21,-2.0,0.0,0.0,-402.42,-210.7,-191.72,Mobile,EMP30,New,YES,Yes,-10.0,Delivery,3.0,Returned,Changed Mind,North,,,2025,Bad,
T101929,C211,FEMALE,45.0,Nakuru,Mombasa,2026-02-22,P641,Mouse,Electronics,BrandB,473.98,-2.0,110.0,0.0,-947.96,-482.82,-465.14,Mobile,EMP27,,No,No,23.0,,3.0,Not Returned,Changed Mind,East,,,2025,,1.0
T101930,C487,Female,18.0,Kisumu,Mombasa,2025-01-10,P157,Mouse,electronics,BrandA,-10.0,6.0,20.0,0.0,-60.0,-32.83,-27.17,Mobile,EMP29,,No,No,,,4.0,Not Returned,Changed Mind, north ,,,2025,Good,5.0
T101931,C195,,60.0,Mombasa,Kisumu,2025-11-07,P471,Monitor, Electronics,BrandC,171.85,,0.0,0.0,,,,Cash,EMP16,New,No,,328.0,Pickup,2.0,Not Returned,, north ,,,2025,,4.0
T101932,C118,Male,,Kisumu,Nairobi,2025-10-19,P919,Shirt, Clothing,BrandA,473.04,7.0,15.0,529.8,3311.28,2167.7,1143.58,Mobile,EMP26,,No,,73.0,Pickup,3.0,Not Returned,Wrong Item, north ,,,2025,Average,5.0
T101933,C418,,34.0,Kisumu,Nakuru,2025-02-13,P115,Monitor, Electronics,BrandA,-10.0,8.0,,0.0,-80.0,-45.84,-34.16,cash ,EMP12,New,Yes,No,227.0,Delivery,,Not Returned,Damaged,North,,,2025,Bad,
T101934,C298, male ,18.0,Eldoret,Eldoret,2025-10-21,P217,Table,home,BrandA,,-2.0,110.0,0.0,,,,Mobile,EMP30,New,YES,,,Delivery,,Not Returned,Damaged,Central,,,2025,,2.0
T101935,C332,FEMALE,150.0,Eldoret,Eldoret,2025-12-27,P802,Laptop, Electronics,BrandC,,-2.0,,0.0,,,,cash ,EMP28,New,No,,,Pickup,2.0,,Damaged,West,,,2025,Bad,4.0
T101936,C343,,45.0,Mombasa,Nairobi,2025-05-25,P872,Bread,groceries,BrandA,,2.0,10.0,0.0,,,,Card,EMP26,New,No,Yes,,Pickup,5.0,,, north ,,,2025,,2.0
T101937,C367,FEMALE,18.0,Kisumu,Nairobi,2025-01-22,P588,Keyboard,Electronics,BrandC,485.3,,,0.0,,,,cash ,EMP24,New,YES,No,,,4.0,,Damaged,South,,,2025,,4.0
T101938,C314, male ,150.0,Nairobi,Nairobi,2025-12-31,P601,Monitor,Electronics,BrandA,276.17,-2.0,,0.0,-552.34,-370.02,-182.32,Cash,EMP20,Returning,YES,Yes,,Pickup,,Not Returned,Changed Mind,South,,,2025,Average,
T101939,C105,Male,60.0,Nakuru,Mombasa,2025-09-04,P958,Mouse,Electronics,BrandC,,6.0,110.0,0.0,,,,Card,EMP22,New,Yes,,-10.0,Delivery,,,Wrong Item,South,,,2025,,1.0
T101940,C237,Male,,Nairobi,Eldoret,2025-02-23,P720,Monitor, Electronics,BrandB,247.72,,0.0,0.0,,,,Cash,EMP3,,YES,Yes,,,,,, north ,,,2025,,2.0
T101941,C270,Female,34.0,Mombasa,Nakuru,2025-03-19,P554,Laptop,,BrandB,-10.0,,10.0,0.0,,,,Mobile,EMP11,,Yes,No,,,1.0,,Wrong Item,Central,,,2025,Bad,5.0
T101942,C386,Male,,Eldoret,Nakuru,2025-03-31,P830,Bread,Groceries,BrandA,72.91,,5.0,0.0,,,,Card,EMP2,New, no ,Yes,,Pickup,5.0,Not Returned,Wrong Item,North,,,2025,Average,2.0
T101943,C134,,25.0,Nakuru,Mombasa,2025-03-15,P652,Mouse,Electronics,BrandC,,,,0.0,,,,Card,EMP14,,YES,No,,Pickup,1.0,Not Returned,,East,,,2025,Average,2.0
T101944,C222,FEMALE,45.0,Nairobi,Eldoret,2026-05-14,P934,Mouse,Electronics,BrandB,-10.0,,20.0,0.0,,,,,EMP5,,Yes,Yes,,Delivery,4.0,,Wrong Item,South,,,2025,Bad,
T101945,C32,Female,45.0,Mombasa,Eldoret,2025-05-30,P220,Lamp,Home,BrandB,-10.0,3.0,,0.0,-30.0,-20.26,-9.74,Cash,EMP9,,Yes,Yes,293.0,Pickup,5.0,,Damaged,Central,,,2025,Good,3.0
T101946,C195,Female,,Nairobi,Mombasa,2025-02-10,P876,Cooker,,BrandC,-10.0,2.0,20.0,0.0,-20.0,-11.29,-8.71,Cash,EMP23,,YES,,-10.0,Delivery,4.0,,Damaged,East,,,2025,,4.0
T101947,C34, male ,45.0,Nakuru,Mombasa,2026-02-16,P114,Chair,,BrandA,410.69,,,0.0,,,,,EMP19,Returning,Yes,No,,Pickup,3.0,,Changed Mind,East,,,2025,Bad,2.0
T101948,C394,Male,60.0,Mombasa,Kisumu,2025-05-07,P903,Chair,Home,BrandA,406.93,-2.0,20.0,0.0,-813.86,-587.92,-225.94,Cash,EMP4,,YES,,,,1.0,Returned,Damaged, north ,,,2025,Average,2.0
T101949,C118,Male,,Nakuru,Mombasa,2026-04-20,P375,Keyboard,electronics,BrandB,120.69,-2.0,10.0,0.0,-241.38,-174.94,-66.44,Mobile,EMP30,Returning,YES,,-10.0,Pickup,3.0,Returned,Damaged,West,,,2025,,2.0
T101950,C81,,60.0,Mombasa,Kisumu,2025-01-09,P204,Keyboard, Electronics,BrandB,-10.0,1.0,,0.0,-10.0,-6.64,-3.36,Mobile,EMP11,,No,No,,,3.0,,Changed Mind,Central,,,2025,,
T101951,C294, male ,-5.0,Nairobi,Mombasa,2026-01-29,P400,Sugar, Groceries,BrandB,72.84,8.0,5.0,93.24,582.72,316.66,266.06,,EMP23,New,Yes,No,287.0,Delivery,2.0,Not Returned,Changed Mind,North,,,2025,Average,4.0
T101952,C482,FEMALE,-5.0,Mombasa,Nakuru,2025-01-10,P819,Laptop,electronics,BrandA,264.13,,0.0,0.0,,,,Cash,EMP7,,Yes,Yes,,Pickup,3.0,,,East,,,2025,Average,3.0
T101953,C344,FEMALE,18.0,Kisumu,Kisumu,2026-02-08,P402,Mouse,,BrandC,-10.0,7.0,0.0,0.0,-70.0,-59.64,-10.36,cash ,EMP5,Returning,Yes,,464.0,Delivery,,Not Returned,Changed Mind,South,,,2025,Bad,
T101954,C423,FEMALE,18.0,Eldoret,Nakuru,2026-01-23,P190,Monitor,Electronics,BrandB,180.83,-2.0,15.0,0.0,-361.66,-196.19,-165.47,Cash,EMP11,, no ,Yes,,Pickup,1.0,Not Returned,Changed Mind,West,,,2025,Bad,2.0
T101955,C405,Female,,Mombasa,Nairobi,2026-03-07,P193,Rice,Groceries,BrandC,,10.0,20.0,0.0,,,,Cash,EMP27,New, no ,No,284.0,Pickup,3.0,,Damaged,Central,,,2025,,2.0
T101956,C479, male ,18.0,Eldoret,Eldoret,2026-04-24,P661,Keyboard, Electronics,BrandA,,3.0,5.0,0.0,,,,Mobile,EMP28,Returning,No,Yes,55.0,,5.0,,,East,,,2025,Good,2.0
T101957,C465,Female,18.0,Nairobi,Nakuru,2026-05-29,P207,Milk,Groceries,BrandB,255.55,-2.0,10.0,0.0,-511.1,-267.81,-243.29,Cash,EMP30,, no ,,,,3.0,Not Returned,Damaged,West,,,2025,Bad,5.0
T101958,C270, male ,-5.0,Eldoret,Kisumu,2025-10-24,P803,Milk,,BrandA,356.29,,0.0,0.0,,,,Cash,EMP19,,Yes,No,-10.0,Pickup,4.0,Not Returned,Wrong Item,North,,,2025,Bad,5.0
T101959,C161,Male,25.0,Nakuru,Mombasa,2025-04-30,P255,Jeans,Clothing,BrandC,-10.0,,0.0,0.0,,,,cash ,EMP2,Returning, no ,,-10.0,,1.0,Returned,Wrong Item,West,,,2025,Average,1.0
T101960,C71,Male,18.0,Kisumu,Nairobi,2025-12-24,P166,Mouse,,BrandB,,-2.0,10.0,0.0,,,,Mobile,EMP8,Returning,No,No,-10.0,,4.0,Not Returned,Wrong Item,North,,,2025,,3.0
T101961,C219, male ,18.0,Nairobi,Kisumu,2026-01-31,P426,Chair, Home,BrandC,,,,0.0,,,,Cash,EMP20,Returning,YES,Yes,-10.0,Delivery,1.0,,,South,,,2025,Average,
T101962,C454, male ,150.0,Eldoret,Nairobi,2025-03-19,P552,Cooker,Home,BrandB,250.64,-2.0,15.0,0.0,-501.28,-375.54,-125.74,Mobile,EMP22,Returning,YES,No,391.0,,4.0,Not Returned,Changed Mind,Central,,,2025,Bad,
T101963,C248,Female,25.0,Nairobi,Kisumu,2025-05-23,P434,Mouse,Electronics,BrandB,-10.0,-2.0,10.0,0.0,20.0,16.15,3.85,Card,EMP10,,YES,No,-10.0,Pickup,3.0,Returned,Changed Mind,East,,,2025,Average,3.0
T101964,C132,,18.0,Eldoret,Nairobi,2025-13-40,P439,Mouse,Electronics,BrandA,,4.0,110.0,0.0,,,,Mobile,EMP20,New,YES,No,,Pickup,4.0,Not Returned,Damaged,East,,,2025,Good,3.0
T101965,C261,,-5.0,Nakuru,Eldoret,2026-03-18,P894,Mouse,Electronics,BrandC,-10.0,-2.0,0.0,0.0,20.0,11.52,8.48,cash ,EMP19,,YES,Yes,278.0,,5.0,Returned,, north ,,,2025,Good,3.0
T101966,C474,Male,-5.0,Mombasa,Mombasa,2025-01-28,P513,Chair,home,BrandA,-10.0,,15.0,0.0,,,,Card,EMP16,New,Yes,,-10.0,,3.0,,Wrong Item,Central,,,2025,,
T101967,C464,Female,150.0,Nairobi,Nakuru,2026-05-07,P856,Bread, Groceries,BrandA,-10.0,9.0,10.0,0.0,-90.0,-50.18,-39.82,Mobile,EMP12,, no ,,224.0,Pickup,2.0,,Changed Mind,West,,,2025,,
T101968,C113,FEMALE,45.0,Mombasa,Eldoret,2025-01-14,P287,Jacket, Clothing,BrandA,-10.0,2.0,15.0,0.0,-20.0,-17.14,-2.86,Card,EMP17,,YES,,323.0,Pickup,,,,South,,,2025,Average,5.0
T101969,C159, male ,34.0,Kisumu,Nakuru,2025-01-29,P241,Lamp,Home,BrandC,-10.0,6.0,10.0,0.0,-60.0,-31.17,-28.83,cash ,EMP7,, no ,,105.0,,2.0,Not Returned,Wrong Item,South,,,2025,Bad,1.0
T101970,C103,FEMALE,60.0,Nakuru,Nairobi,2025-09-05,P888,Rice,Groceries,BrandA,-10.0,3.0,,0.0,-30.0,-18.09,-11.91,,EMP1,New, no ,No,-10.0,Pickup,3.0,Returned,Damaged,Central,,,2025,,
T101971,C491,FEMALE,45.0,Mombasa,Eldoret,2025-06-21,P389,Milk,groceries,BrandA,-10.0,-2.0,0.0,0.0,20.0,13.06,6.94,Cash,EMP27,New,Yes,No,-10.0,Delivery,1.0,Returned,Damaged,North,,,2025,Average,2.0
T101972,C308,Female,60.0,Eldoret,Mombasa,2025-10-12,P930,Laptop,,BrandA,,9.0,10.0,0.0,,,,,EMP27,Returning,YES,No,,Pickup,3.0,,,Central,,,2025,Good,
T101973,C323,Male,60.0,Eldoret,Nairobi,2025-01-18,P142,Cooker,home,BrandC,-10.0,-2.0,15.0,0.0,20.0,11.53,8.47,cash ,EMP3,, no ,,-10.0,,5.0,Returned,,West,,,2025,,4.0
T101974,C395,,45.0,Eldoret,Kisumu,2025-02-15,P388,Milk,groceries,BrandA,,10.0,20.0,0.0,,,,Cash,EMP26,Returning,No,,-10.0,Delivery,3.0,Not Returned,, north ,,,2025,Average,2.0
T101975,C6,Male,45.0,Kisumu,Kisumu,2025-03-25,P182,Jacket,clothing,BrandB,,-2.0,110.0,0.0,,,,Mobile,EMP22,New,Yes,,,Pickup,2.0,Returned,,Central,,,2025,Bad,5.0
T101976,C335, male ,150.0,Kisumu,Nairobi,2025-03-19,P961,Mouse,electronics,BrandC,308.83,-2.0,10.0,0.0,-617.66,-422.99,-194.67,Card,EMP3,New,No,Yes,391.0,Delivery,,Returned,Changed Mind,West,,,2025,Average,5.0
T101977,C322, male ,18.0,Mombasa,Nairobi,2025-09-22,P882,Rice,,BrandB,-10.0,,110.0,0.0,,,,,EMP11,New,YES,,-10.0,Pickup,3.0,Not Returned,Damaged,West,,,2025,Good,
T101978,C177,FEMALE,-5.0,Eldoret,Nakuru,2025-07-11,P125,Milk, Groceries,BrandA,425.37,4.0,110.0,272.24,1701.48,986.32,715.16,Card,EMP28,New,Yes,Yes,,,1.0,,Wrong Item,North,,,2025,Good,5.0
T101979,C268,FEMALE,34.0,Nairobi,Nairobi,2025-09-09,P330,Jeans, Clothing,BrandC,221.74,4.0,,141.91,886.96,716.92,170.04,cash ,EMP10,, no ,Yes,,Delivery,1.0,Returned,Changed Mind,South,,,2025,Good,3.0
T101523,C88,FEMALE,18.0,Kisumu,Nakuru,2026-03-09,P685,Chair,home,BrandB,,,20.0,0.0,,,,Cash,EMP19,New, no ,No,338.0,,4.0,Not Returned,Changed Mind,West,,,2025,,4.0
T100949,C483,FEMALE,18.0,Mombasa,Kisumu,2026-04-17,P565,Mouse, Electronics,BrandA,378.69,,5.0,0.0,,,,,EMP18,Returning, no ,No,-10.0,,5.0,Not Returned,Wrong Item, north ,,,2025,Average,4.0
T101565,C24,FEMALE,34.0,Kisumu,Nakuru,2026-05-26,P302,Mouse,,BrandB,,-2.0,0.0,0.0,,,,Card,EMP2,New,Yes,No,-10.0,,2.0,Returned,,South,,,2025,Average,
T101068,C330,,-5.0,Nairobi,Kisumu,2025-07-17,P334,Mouse,,BrandB,-10.0,5.0,5.0,0.0,-50.0,-33.48,-16.52,Card,EMP19,,Yes,No,140.0,,3.0,,Wrong Item,Central,,,2025,Good,2.0
T101106,C159,FEMALE,18.0,Nakuru,Nairobi,2025-02-10,P330,Keyboard,electronics,BrandB,475.41,-2.0,15.0,0.0,-950.82,-620.66,-330.16,cash ,EMP25,New, no ,Yes,,Delivery,5.0,,Wrong Item,West,,,2025,Bad,4.0
T100455,C23, male ,45.0,Kisumu,Eldoret,2026-05-11,P869,Lamp,Home,BrandB,463.82,3.0,20.0,222.63,1391.46,902.94,488.52,Cash,EMP14,New,No,,-10.0,Delivery,3.0,Not Returned,Wrong Item,West,,,2025,,2.0
T100427,C21,FEMALE,-5.0,Nakuru,Mombasa,2025-06-30,P251,Bread,groceries,BrandA,38.47,-2.0,20.0,0.0,-76.94,-68.36,-8.58,Card,EMP14,,No,,,Delivery,1.0,Not Returned,Wrong Item, north ,,,2025,Good,2.0
T101419,C20,,18.0,Nairobi,Nairobi,2026-01-25,P243,Table,Home,BrandB,60.57,,10.0,0.0,,,,cash ,EMP29,Returning,YES,Yes,-10.0,Pickup,3.0,,Wrong Item,Central,,,2025,Bad,5.0
T101369,C485,Male,25.0,Nakuru,Kisumu,2025-11-05,P430,Shirt,,BrandC,,-2.0,15.0,0.0,,,,,EMP17,New, no ,No,500.0,Pickup,2.0,Returned,,Central,,,2025,Bad,
T101457,C69,Female,25.0,Nakuru,Nairobi,2025-12-16,P699,Shoes, Clothing,BrandB,472.15,,15.0,0.0,,,,Card,EMP30,New, no ,Yes,58.0,,,Returned,,Central,,,2025,Average,1.0
T100118,C250,,150.0,Eldoret,Mombasa,2025-08-04,P416,Sugar, Groceries,BrandB,,-2.0,110.0,0.0,,,,,EMP18,Returning,Yes,Yes,,Pickup,4.0,Not Returned,Changed Mind,South,,,2025,,1.0
T100566,C398,FEMALE,45.0,Nairobi,Nakuru,2026-02-10,P113,Chair,home,BrandC,-10.0,,15.0,0.0,,,,,EMP5,New, no ,No,,Delivery,3.0,Not Returned,, north ,,,2025,,5.0
T100537,C175,Male,150.0,Mombasa,Kisumu,2025-05-28,P702,Cooker,,BrandA,-10.0,-2.0,5.0,0.0,20.0,10.04,9.96,cash ,EMP17,,No,Yes,-10.0,Pickup,,Not Returned,Wrong Item,Central,,,2025,Average,4.0
T100914,C354,FEMALE,-5.0,Mombasa,Mombasa,2026-01-30,P676,Lamp,Home,BrandB,,,0.0,0.0,,,,cash ,EMP23,New,No,,,,1.0,,Damaged,East,,,2025,Bad,2.0
T100160,C487,,150.0,Kisumu,Kisumu,2025-01-30,P838,Shirt,Clothing,BrandC,-10.0,-2.0,5.0,0.0,20.0,15.97,4.03,,EMP15,Returning,No,Yes,51.0,Delivery,1.0,Not Returned,Damaged, north ,,,2025,Bad,4.0
T101731,C404, male ,18.0,Eldoret,Kisumu,2025-11-25,P148,Jeans, Clothing,BrandC,,1.0,20.0,0.0,,,,cash ,EMP15,New,Yes,Yes,,,1.0,Not Returned,Wrong Item,North,,,2025,Bad,4.0
T100977,C451,Female,25.0,Eldoret,Nakuru,2025-11-15,P505,Jeans,,BrandC,44.71,-2.0,110.0,0.0,-89.42,-76.29,-13.13,,EMP29,Returning, no ,,410.0,Delivery,5.0,Returned,Changed Mind,East,,,2025,Average,4.0
T100925,C83,FEMALE,34.0,Kisumu,Kisumu,2025-11-13,P699,Mouse,electronics,BrandC,,4.0,0.0,0.0,,,,Card,EMP11,,Yes,Yes,-10.0,Pickup,5.0,Returned,Damaged,West,,,2025,Average,3.0
T100968,C278, male ,,Mombasa,Nakuru,2026-06-07,P449,Jacket, Clothing,BrandC,-10.0,,,0.0,,,,,EMP22,,YES,Yes,133.0,Delivery,,Not Returned,Changed Mind,West,,,2025,,2.0
T101400,C181,Female,60.0,Eldoret,Nakuru,2025-01-26,P449,Mouse,,BrandA,-10.0,-2.0,10.0,0.0,20.0,11.42,8.58,Cash,EMP28,,Yes,,-10.0,Pickup,2.0,,Wrong Item,North,,,2025,Bad,4.0
